"id","name","country_id","country_code","state_code","type","latitude","longitude"
"3901","Badakhshan","1","AF","BDS","province","36.8040254","71.367658"
"3871","Badghis","1","AF","BDG","province","35","63.75"
"3875","Baghlan","1","AF","BGL","province","36.1789026","68.7453064"
"3884","Balkh","1","AF","BAL","province","36.7550603","66.8975372"
"3872","Bamyan","1","AF","BAM","province","34.794631","67.684334"
"3892","Daykundi","1","AF","DAY","province","33.725113","66.2196554"
"3899","Farah","1","AF","FRA","province","32.3740907","62.1146266"
"3889","Faryab","1","AF","FYB","province","35.9261784","64.6237758"
"3870","Ghazni","1","AF","GHA","province","33.5450587","68.4173972"
"3888","Ghōr","1","AF","GHO","province","34.1605257","64.9201949"
"3873","Helmand","1","AF","HEL","province","31","64"
"3887","Herat","1","AF","HER","province","34.3491443","62.2163252"
"3886","Jowzjan","1","AF","JOW","province","36.9665706","65.9560232"
"3902","Kabul","1","AF","KAB","province","34.5266431","69.1849082"
"3890","Kandahar","1","AF","KAN","province","31.6205738","65.7157573"
"3879","Kapisa","1","AF","KAP","province","34.905556","69.741667"
"3878","Khost","1","AF","KHO","province","33.3391402","69.9206359"
"3876","Kunar","1","AF","KNR","province","34.95","71.133333"
"3900","Kunduz Province","1","AF","KDZ","province","36.8707187","68.7563528"
"3891","Laghman","1","AF","LAG","province","34.783333","70.183333"
"3897","Logar","1","AF","LOG","province","34.0653595","69.160172"
"3882","Nangarhar","1","AF","NAN","province","34.220389","70.3800314"
"3896","Nimruz","1","AF","NIM","province","30.7753811","62.4793088"
"3880","Nuristan","1","AF","NUR","province","35.3","70.833333"
"3894","Paktia","1","AF","PIA","province","33.705724","69.4083555"
"3877","Paktika","1","AF","PKA","province","32.3936231","68.7036514"
"3881","Panjshir","1","AF","PAN","province","35.6973556","70.0999604"
"3895","Parwan","1","AF","PAR","province","34.9797014","68.9146703"
"3883","Samangan","1","AF","SAM","province","36.2674938","68.0215374"
"3885","Sar-e Pol","1","AF","SAR","province","36.216628","65.93336"
"3893","Takhar","1","AF","TAK","province","36.5940732","69.7938996"
"3898","Urozgan","1","AF","URU","province","32.8129681","66.0183185"
"5468","Wardak","1","AF","WAR","province","34.3","68.5"
"3874","Zabul","1","AF","ZAB","province","32.3068942","67.129904"
"5298","Brändö","2","AX","12","municipality","60.4135873","21.0440498"
"5294","Eckerö","2","AX","08","municipality","60.2231814","19.5389379"
"5289","Finström","2","AX","03","municipality","60.2310519","19.9867259"
"5295","Föglö","2","AX","09","municipality","60.0107325","20.4246997"
"5296","Geta","2","AX","10","municipality","60.3740157","19.8498128"
"5292","Hammarland","2","AX","06","municipality","60.2196758","19.7378481"
"5288","Jomala","2","AX","02","municipality","60.1522947","19.9489144"
"5301","Kökar","2","AX","15","municipality","59.9211709","20.9103514"
"5300","Kumlinge","2","AX","14","municipality","60.2587693","20.7782292"
"5290","Lemland","2","AX","04","municipality","60.0690169","20.0860081"
"5299","Lumparland","2","AX","13","municipality","60.1168385","20.2610583"
"5287","Mariehamn","2","AX","01","municipality","60.102423","19.94126"
"5291","Saltvik","2","AX","05","municipality","60.2755756","20.0612065"
"5302","Sottunga","2","AX","16","municipality","60.1307977","20.6459821"
"5293","Sund","2","AX","07","municipality","60.2530332","20.1198637"
"5297","Vårdö","2","AX","11","municipality","60.2421692","20.3744261"
"603","Berat","3","AL","01","county","40.7018636","19.9580758"
"610","Dibër","3","AL","09","county","41.622192","20.180816"
"632","Durrës","3","AL","02","county","41.4279863","19.5373372"
"598","Elbasan","3","AL","03","county","41.0510829","20.1398526"
"631","Fier","3","AL","04","county","40.9191392","19.6639309"
"604","Gjirokastër","3","AL","05","county","40.0770871","20.1393359"
"630","Korçë","3","AL","06","county","40.5858753","20.7361315"
"601","Kukës","3","AL","07","county","42.1885664","20.3769633"
"609","Lezhë","3","AL","08","county","41.7813759","19.8067916"
"611","Shkodër","3","AL","10","county","42.2507677","19.5959723"
"615","Tirana","3","AL","11","county","41.2584478","19.8302656"
"634","Vlorë","3","AL","12","county","40.150096","19.8067916"
"1118","Adrar","4","DZ","01","province","26.4888155","-1.3582442"
"1119","Aïn Defla","4","DZ","44","province","36.2657178","1.9701347"
"1122","Aïn Témouchent","4","DZ","46","province","35.2992698","-1.1392792"
"1144","Algiers","4","DZ","16","province","36.7000509","3.0291266"
"1103","Annaba","4","DZ","23","province","36.8438448","7.5981738"
"1142","Batna","4","DZ","05","province","35.5492346","6.1160382"
"1108","Béchar","4","DZ","08","province","31.6238098","-2.2162443"
"1128","Béjaïa","4","DZ","06","province","36.7515258","5.0556837"
"4909","Béni Abbès","4","DZ","53","province","30.108921","-2.4622548"
"1114","Biskra","4","DZ","07","province","34.8449437","5.7248567"
"1111","Blida","4","DZ","09","province","36.5012595","2.9517666"
"4908","Bordj Baji Mokhtar","4","DZ","52","province","22.6261461","0.1275817"
"1116","Bordj Bou Arréridj","4","DZ","34","province","36.0739925","4.7630271"
"1104","Bouïra","4","DZ","10","province","36.3691846","3.9006194"
"1125","Boumerdès","4","DZ","35","province","36.7358032","3.6163046"
"1105","Chlef","4","DZ","02","province","36.164592","1.331499"
"1121","Constantine","4","DZ","25","province","36.3584165","6.6671674"
"4912","Djanet","4","DZ","56","province","24.071521","9.6155847"
"1098","Djelfa","4","DZ","17","province","34.6703956","3.2503761"
"1129","El Bayadh","4","DZ","32","province","32.570303","1.1259581"
"4905","El M'ghair","4","DZ","49","province","33.95807","5.7011262"
"4906","El Menia","4","DZ","50","province","30.7071885","3.0480625"
"1099","El Oued","4","DZ","39","province","33.3611531","6.8606693"
"1100","El Tarf","4","DZ","36","province","36.7667186","8.3169418"
"1127","Ghardaïa","4","DZ","47","province","32.485855","3.677104"
"1137","Guelma","4","DZ","24","province","36.4627444","7.4330833"
"1112","Illizi","4","DZ","33","province","26.504191","8.479926"
"4914","In Guezzam","4","DZ","58","province","20.42753","4.676631"
"4913","In Salah","4","DZ","57","province","27.1950331","2.4826132"
"1113","Jijel","4","DZ","18","province","36.7292188","5.9607776"
"1126","Khenchela","4","DZ","40","province","35.4269404","7.1460155"
"1138","Laghouat","4","DZ","03","province","33.8063451","2.8802635"
"1134","M'Sila","4","DZ","28","province","35.7087553","4.5371552"
"1124","Mascara","4","DZ","29","province","35.394081","0.1379568"
"1109","Médéa","4","DZ","26","province","36.2637078","2.7587857"
"1132","Mila","4","DZ","43","province","36.2502135","6.1652163"
"1140","Mostaganem","4","DZ","27","province","36.0026915","0.3686867"
"1102","Naama","4","DZ","45","province","33.2667317","-0.3128659"
"1101","Oran","4","DZ","31","province","35.6215861","-0.7016143"
"1139","Ouargla","4","DZ","30","province","31.9444998","5.3217813"
"4907","Ouled Djellal","4","DZ","51","province","34.4254103","5.0644342"
"1136","Oum El Bouaghi","4","DZ","04","province","35.8688789","7.1108266"
"1130","Relizane","4","DZ","48","province","35.7381193","0.5547673"
"1123","Saïda","4","DZ","20","province","34.8302067","0.1502692"
"1141","Sétif","4","DZ","19","province","36.1893494","5.4046876"
"4902","Sidi Bel Abbès","4","DZ","22","province","34.682268","-0.4357555"
"1110","Skikda","4","DZ","21","province","36.7545115","6.8856255"
"1143","Souk Ahras","4","DZ","41","province","36.282865","7.9537896"
"1135","Tamanghasset","4","DZ","11","province","22.7859372","5.5291395"
"1117","Tébessa","4","DZ","12","province","35.124945","7.9011735"
"1106","Tiaret","4","DZ","14","province","35.3708689","1.3217852"
"4910","Timimoun","4","DZ","54","province","30.0244725","0.8485979"
"1120","Tindouf","4","DZ","37","province","27.543907","-6.2400411"
"1115","Tipasa","4","DZ","42","province","36.527157","2.1672012"
"1133","Tissemsilt","4","DZ","38","province","35.6053781","1.813098"
"1131","Tizi Ouzou","4","DZ","15","province","36.6816175","4.237186"
"1107","Tlemcen","4","DZ","13","province","34.667468","-1.2978132"
"4911","Touggourt","4","DZ","55","province","33.1048574","6.0667276"
"5375","Eastern","5","AS","02","district","-14.2782402","-170.6243227"
"5376","Manuʻa","5","AS","03","district","-14.214605","-169.533465"
"5378","Rose","5","AS","05","atoll","-14.5424865","-168.1637445"
"5377","Swains","5","AS","04","atoll","-11.052904","-171.0767349"
"5374","Western","5","AS","01","district","-14.3323075","-170.7961334"
"488","Andorra la Vella","6","AD","07","parish","42.5063174","1.5218355"
"489","Canillo","6","AD","02","parish","42.5868092","1.6574431"
"487","Encamp","6","AD","03","parish","42.5359764","1.5836773"
"492","Escaldes-Engordany","6","AD","08","parish","42.486196","1.6037711"
"493","La Massana","6","AD","04","parish","42.545625","1.5147392"
"491","Ordino","6","AD","05","parish","42.5994433","1.5402327"
"490","Sant Julià de Lòria","6","AD","06","parish","42.4668541","1.4923277"
"221","Bengo","7","AO","BGO","province","-8.3196672","13.8656195"
"218","Benguela","7","AO","BGU","province","-12.9104657","14.0356608"
"212","Bié","7","AO","BIE","province","-12.2630485","17.4967812"
"228","Cabinda","7","AO","CAB","province","-5.056395","12.3211749"
"226","Cuando Cubango","7","AO","CCU","province","-16.0457694","19.5621532"
"216","Cuanza","7","AO","CUS","province","-10.7707527","15.0975712"
"217","Cuanza Norte","7","AO","CNO","province","-9.0296752","15.0926324"
"215","Cunene","7","AO","CNN","province","-16.5568536","15.7867319"
"213","Huambo","7","AO","HUA","province","-12.6076318","15.7411039"
"225","Huíla","7","AO","HUI","province","-14.6957808","15.0976293"
"222","Luanda","7","AO","LUA","province","-8.8315747","13.24797"
"223","Lunda Norte","7","AO","LNO","province","-8.5088253","19.7538618"
"220","Lunda Sul","7","AO","LSU","province","-10.1473779","20.9907756"
"227","Malanje","7","AO","MAL","province","-9.535332","16.9364293"
"219","Moxico","7","AO","MOX","province","-12.7287195","21.2737637"
"5469","Namibe","7","AO","NAM","province","-15.2","12.15"
"224","Uíge","7","AO","UIG","province","-6.9516802","15.4799164"
"214","Zaire","7","AO","ZAI","province","-6.6925131","13.5293029"
"5273","Blowing Point","8","AI","01","district","18.1765553","-63.1021296"
"5274","East End","8","AI","02","district","18.2342629","-62.997374"
"5275","George Hill","8","AI","03","district","18.2036599","-63.0648112"
"5276","Island Harbour","8","AI","04","district","18.2556888","-63.0012814"
"5277","North Hill","8","AI","05","district","18.2050863","-63.0858457"
"5278","North Side","8","AI","06","district","18.2300544","-63.051889"
"5279","Sandy Ground","8","AI","07","district","18.2018551","-63.0973471"
"5280","Sandy Hill","8","AI","08","district","18.218921","-63.0129916"
"5281","South Hill","8","AI","09","district","18.1892475","-63.0976367"
"5282","Stoney Ground","8","AI","10","district","18.2179997","-63.0400727"
"5283","The Farrington","8","AI","11","district","18.2134701","-63.0272162"
"5284","The Quarter","8","AI","12","district","18.2145334","-63.0564489"
"5285","The Valley","8","AI","13","district","18.2145861","-63.0517759"
"5286","West End","8","AI","14","district","18.1721666","-63.1567037"
"3708","Barbuda","10","AG","10","dependency","17.6219203","-61.7839588"
"3703","Redonda","10","AG","11","dependency","16.938416","-62.3455148"
"3709","Saint George","10","AG","03","parish","17.1218022","-61.78123"
"3706","Saint John","10","AG","04","parish","17.1151502","-61.8583488"
"3707","Saint Mary","10","AG","05","parish","17.054815","-61.8602368"
"3705","Saint Paul","10","AG","06","parish","17.0325831","-61.7706567"
"3704","Saint Peter","10","AG","07","parish","17.1070239","-61.7502143"
"3710","Saint Philip","10","AG","08","parish","17.066357","-61.7061957"
"4880","Autonomous City of Buenos Aires","11","AR","C","city","-34.6161231","-58.4356212"
"3656","Buenos Aires","11","AR","B","province","-37.1498403","-60.1319456"
"3647","Catamarca","11","AR","K","province","-28.4715877","-65.7877209"
"3640","Chaco","11","AR","H","province","-26.3829647","-60.8816092"
"3651","Chubut","11","AR","U","province","-43.7128356","-68.7461817"
"3642","Córdoba","11","AR","X","province","-31.4166867","-64.1834193"
"3638","Corrientes","11","AR","W","province","-27.4818684","-58.7955872"
"3654","Entre Ríos","11","AR","E","province","-31.6252842","-59.3539578"
"3652","Formosa","11","AR","P","province","-26.1852983","-58.1744976"
"3645","Jujuy","11","AR","Y","province","-23.3161458","-65.7595288"
"3655","La Pampa","11","AR","L","province","-37.2314643","-65.3972948"
"3653","La Rioja","11","AR","F","province","-29.4193793","-66.8559932"
"3646","Mendoza","11","AR","M","province","-32.8894587","-68.8458386"
"3644","Misiones","11","AR","N","province","-26.737224","-54.4315257"
"3648","Neuquén","11","AR","Q","province","-38.9519679","-68.0591741"
"3639","Río Negro","11","AR","R","province","-39.7296321","-65.3418189"
"3643","Salta","11","AR","A","province","-24.7892946","-65.4103194"
"3634","San Juan","11","AR","J","province","-31.5370909","-68.5251802"
"3636","San Luis","11","AR","D","province","-33.2962042","-66.3294948"
"3649","Santa Cruz","11","AR","Z","province","-48.5693327","-70.1606767"
"3641","Santa Fe","11","AR","S","province","-31.6186951","-60.7019561"
"3635","Santiago del Estero","11","AR","G","province","-27.7833574","-64.264167"
"3650","Tierra del Fuego","11","AR","V","province","-54.4071064","-67.8974895"
"3637","Tucumán","11","AR","T","province","-26.8303703","-65.2038133"
"2023","Aragatsotn","12","AM","AG","region","40.2580349","44.1795089"
"2024","Ararat","12","AM","AR","region","39.8553329","44.6943793"
"2026","Armavir","12","AM","AV","region","40.1554631","44.0372446"
"2028","Gegharkunik","12","AM","GR","region","40.2483299","45.1455126"
"2033","Kotayk","12","AM","KT","region","40.4033275","44.6959923"
"2029","Lori","12","AM","LO","region","41.007271","44.4900113"
"2031","Shirak","12","AM","SH","region","40.918594","43.8403536"
"2027","Syunik","12","AM","SU","region","39.3281408","46.1530296"
"2032","Tavush","12","AM","TV","region","40.9176424","45.4050681"
"2025","Vayots Dzor","12","AM","VD","region","39.8019849","45.4557591"
"2030","Yerevan","12","AM","ER","city","40.1777112","44.5126233"
"5243","Noord","13","AW","01","region","12.5636805","-70.0329869"
"5341","Oranjestad","13","AW","09","capital city","12.5201024","-70.0371329"
"5245","Oranjestad East","13","AW","03","region","12.5022696","-70.0149586"
"5244","Oranjestad West","13","AW","02","region","12.5361486","-70.0430597"
"5246","Paradera","13","AW","04","region","12.5362871","-70.0148511"
"5247","San Nicolaas Noord","13","AW","05","region","12.4642717","-69.9434939"
"5248","San Nicolaas Zuid","13","AW","06","region","12.4278558","-69.9381079"
"5249","Santa Cruz","13","AW","07","region","12.5112836","-69.9876966"
"5250","Savaneta","13","AW","08","region","12.4526385","-69.9496521"
"3907","Australian Capital Territory","14","AU","ACT","territory","-35.4883502","149.0026942"
"3909","New South Wales","14","AU","NSW","state","-31.8759835","147.2869493"
"3910","Northern Territory","14","AU","NT","territory","-19.8516101","133.2303375"
"3905","Queensland","14","AU","QLD","state","-22.1646782","144.5844903"
"3904","South Australia","14","AU","SA","state","-30.5343665","135.6301212"
"3908","Tasmania","14","AU","TAS","state","-42.035067","146.6366887"
"3903","Victoria","14","AU","VIC","state","-36.5986096","144.6780052"
"3906","Western Australia","14","AU","WA","state","-25.2303005","121.0187246"
"2062","Burgenland","15","AT","1","state","47.5000001","16.4166666"
"2057","Carinthia","15","AT","2","state","46.7500001","13.8333333"
"2065","Lower Austria","15","AT","3","state","48.2817813","15.7632457"
"2061","Salzburg","15","AT","5","state","47.7981346","13.0464806"
"2059","Styria","15","AT","6","state","47.2500001","15.1666665"
"2064","Tyrol","15","AT","7","state","47.223193","11.5261028"
"2058","Upper Austria","15","AT","4","state","48.25","14"
"2060","Vienna","15","AT","9","state","48.2081743","16.3738189"
"2063","Vorarlberg","15","AT","8","state","47.25","9.9166667"
"540","Absheron","16","AZ","ABS","district","40.3361899","49.2093"
"559","Agdam","16","AZ","AGM","district","39.9928215","46.9324013"
"553","Agdash","16","AZ","AGS","district","40.1672967","46.0857252"
"577","Aghjabadi","16","AZ","AGC","district","40.050544","47.4607462"
"543","Agstafa","16","AZ","AGA","district","41.1980651","45.5280953"
"547","Agsu","16","AZ","AGU","district","40.5583","48.352971"
"528","Astara","16","AZ","AST","district","38.5155977","48.8283223"
"575","Babek","16","AZ","BAB","district","39.1507613","45.4485368"
"552","Baku","16","AZ","BA","municipality","40.3755885","49.8328009"
"560","Balakan","16","AZ","BAL","district","41.7319369","46.4001881"
"569","Barda","16","AZ","BAR","district","40.3812457","47.1246287"
"554","Beylagan","16","AZ","BEY","district","39.7723073","47.6154166"
"532","Bilasuvar","16","AZ","BIL","district","39.4598833","48.5509813"
"561","Dashkasan","16","AZ","DAS","district","40.475196","46.0150705"
"527","Fizuli","16","AZ","FUZ","district","39.5835675","47.3806998"
"585","Ganja","16","AZ","GA","municipality","40.6798083","46.3597178"
"589","Gədəbəy","16","AZ","GAD","district","40.5699639","45.8106883"
"573","Gobustan","16","AZ","QOB","district","40.5326044","48.9941676"
"551","Goranboy","16","AZ","GOR","district","40.6035723","46.7073906"
"531","Goychay","16","AZ","GOY","district","40.6494415","47.7412208"
"574","Goygol","16","AZ","GYG","district","40.588004","46.321095"
"571","Hajigabul","16","AZ","HAC","district","40.0286557","48.9350797"
"544","Imishli","16","AZ","IMI","district","39.8694686","48.0665218"
"564","Ismailli","16","AZ","ISM","district","40.788056","48.1485653"
"570","Jabrayil","16","AZ","CAB","district","39.3188061","46.9785547"
"578","Jalilabad","16","AZ","CAL","district","39.2051632","48.5100604"
"572","Julfa","16","AZ","CUL","district","39.141142","45.6949712"
"525","Kalbajar","16","AZ","KAL","district","40.1024329","46.0364872"
"567","Kangarli","16","AZ","KAN","district","39.3632216","45.2098308"
"590","Khachmaz","16","AZ","XAC","district","41.4591168","48.8020626"
"5472","Khankendi","16","AZ","XA","municipality","39.8266","46.7556"
"537","Khizi","16","AZ","XIZ","district","40.9109489","49.0729264"
"524","Khojali","16","AZ","XCI","district","38.7584727","48.8564302"
"549","Kurdamir","16","AZ","KUR","district","40.3455247","48.1488951"
"541","Lachin","16","AZ","LAC","district","39.6383414","46.5460853"
"587","Lankaran","16","AZ","LAN","municipality","38.7618973","48.8437784"
"558","Lankaran","16","AZ","LA","district","38.7618973","48.8437784"
"546","Lerik","16","AZ","LER","district","38.7736192","48.4151483"
"568","Martuni","16","AZ","XVD","district","39.8184389","46.7480867"
"555","Masally","16","AZ","MAS","district","39.0322111","48.6721093"
"580","Mingachevir","16","AZ","MI","municipality","40.7702563","47.0496015"
"5470","Naftalan","16","AZ","NA","municipality","40.5061","46.8244"
"5471","Nakhchivan","16","AZ","NV","municipality","39.2089","45.4122"
"562","Nakhchivan","16","AZ","NX","autonomous republic","39.217497","45.4069671"
"530","Neftchala","16","AZ","NEF","district","39.3790532","49.248607"
"556","Oghuz","16","AZ","OGU","district","41.0727924","47.4650672"
"534","Ordubad","16","AZ","ORD","district","38.9021622","46.0237625"
"542","Qabala","16","AZ","QAB","district","40.9436064","47.8213377"
"526","Qakh","16","AZ","QAX","district","41.4185515","46.9192097"
"521","Qazakh","16","AZ","QAZ","district","41.1707366","45.2528833"
"563","Quba","16","AZ","QBA","district","41.1880893","48.3721452"
"548","Qubadli","16","AZ","QBI","district","39.3335958","46.63354"
"588","Qusar","16","AZ","QUS","district","41.4266886","48.4345577"
"557","Saatly","16","AZ","SAT","district","39.9376009","48.3689097"
"565","Sabirabad","16","AZ","SAB","district","40.008006","48.475032"
"522","Sadarak","16","AZ","SAD","district","39.6727407","44.9138739"
"545","Salyan","16","AZ","SAL","district","39.6524101","49.1084381"
"536","Samukh","16","AZ","SMX","district","40.7604631","46.4063181"
"591","Shabran","16","AZ","SBN","district","41.1776161","48.8767058"
"579","Shahbuz","16","AZ","SAH","district","39.4385817","45.6071333"
"518","Shaki","16","AZ","SA","municipality","41.2033609","47.1802623"
"586","Shaki","16","AZ","SAK","district","41.2033609","47.1802623"
"529","Shamakhi","16","AZ","SMI","district","40.6318731","48.6363801"
"583","Shamkir","16","AZ","SKR","district","40.8357964","46.0246224"
"535","Sharur","16","AZ","SAR","district","39.5536332","44.984568"
"520","Shirvan","16","AZ","SR","municipality","39.9296573","48.9342657"
"592","Shusha","16","AZ","SUS","district","39.7632567","46.7511501"
"584","Siazan","16","AZ","SIY","district","41.0783833","49.1118477"
"582","Sumqayit","16","AZ","SM","municipality","40.5961585","49.6696668"
"519","Tartar","16","AZ","TAR","district","40.3443875","46.9376519"
"533","Tovuz","16","AZ","TOV","district","40.9954523","45.6165907"
"539","Ujar","16","AZ","UCA","district","40.5185386","47.6487809"
"550","Yardymli","16","AZ","YAR","district","38.9028993","48.2132983"
"523","Yevlakh","16","AZ","YEV","district","40.6115136","47.1466686"
"538","Yevlakh","16","AZ","YE","municipality","40.6115136","47.1466686"
"581","Zangilan","16","AZ","ZAN","district","39.0856899","46.6524728"
"566","Zaqatala","16","AZ","ZAQ","district","41.6180321","46.7595126"
"576","Zardab","16","AZ","ZAR","district","40.2148114","47.714944"
"1992","Capital","18","BH","13","governorate","26.4243233","50.4747251"
"1995","Muharraq","18","BH","15","governorate","26.2465946","50.6164127"
"1994","Northern","18","BH","17","governorate","26.2778477","50.4181123"
"1993","Southern","18","BH","14","governorate","25.8400069","50.5902693"
"5473","Bagerhat","19","BD","05","district","22.65833","89.78333"
"5474","Bandarban","19","BD","01","district","22.19534","92.21946"
"5475","Barguna","19","BD","02","district","22.1533","90.11997"
"807","Barisal","19","BD","A","division","22.4934035","90.3548015"
"5476","Barishal","19","BD","06","district","22.701","90.3536"
"5477","Bhola","19","BD","07","district","22.6854","90.6482"
"5478","Bogura","19","BD","03","district","24.84656","89.37764"
"5479","Brahmanbaria","19","BD","04","district","23.9609","91.1115"
"5480","Chandpur","19","BD","09","district","23.2513","90.8518"
"5481","Chapai Nawabganj","19","BD","45","district","24.59548","88.29125"
"5482","Chattogram","19","BD","10","district","22.3569","91.7832"
"803","Chittagong","19","BD","B","division","22.6800466","91.8839938"
"5483","Chuadanga","19","BD","12","district","23.6402","88.8412"
"5484","Cox's Bazar","19","BD","11","district","21.4394","92.0099"
"5485","Cumilla","19","BD","08","district","23.4605","91.1809"
"5486","Dhaka","19","BD","13","district","23.8105","90.4072"
"760","Dhaka","19","BD","C","division","23.9456166","90.2526382"
"5487","Dinajpur","19","BD","14","district","25.6277","88.6363"
"5488","Faridpur","19","BD","15","district","23.6072","89.8406"
"5489","Feni","19","BD","16","district","23.0133","91.4039"
"5490","Gaibandha","19","BD","19","district","25.3288","89.543"
"5491","Gazipur","19","BD","18","district","24.0958","90.4125"
"5492","Gopalganj","19","BD","17","district","23.0055","89.8266"
"5493","Habiganj","19","BD","20","district","24.3744","91.4153"
"5494","Jamalpur","19","BD","21","district","25.0833","89.9333"
"5495","Jashore","19","BD","22","district","23.1665","89.2121"
"5496","Jhalakathi","19","BD","25","district","22.6402","90.1987"
"5497","Jhenaidah","19","BD","23","district","23.5449","89.1726"
"5498","Joypurhat","19","BD","24","district","25.0936","89.0945"
"5499","Khagrachhari","19","BD","29","district","23.1191","91.9766"
"5500","Khulna","19","BD","27","district","22.8157","89.5681"
"775","Khulna","19","BD","D","division","22.9372087","89.2852741"
"5501","Kishoreganj","19","BD","26","district","24.444","90.7767"
"5502","Kurigram","19","BD","28","district","25.8055","89.6277"
"5503","Kushtia","19","BD","30","district","23.8907","89.1189"
"5504","Lakshmipur","19","BD","31","district","22.9449","90.8282"
"5505","Lalmonirhat","19","BD","32","district","25.9178","89.4452"
"5506","Madaripur","19","BD","36","district","23.17","90.1877"
"5507","Magura","19","BD","37","district","23.4871","89.4198"
"5508","Manikganj","19","BD","33","district","23.8614","90.0003"
"5509","Meherpur","19","BD","39","district","23.7621","88.6318"
"5510","Moulvibazar","19","BD","38","district","24.3094","91.7315"
"5511","Munshiganj","19","BD","35","district","23.5518","90.4122"
"5512","Mymensingh","19","BD","34","district","24.7536","90.4072"
"758","Mymensingh","19","BD","H","division","24.7482129","90.4099158"
"5513","Naogaon","19","BD","48","district","24.8042","88.9254"
"5514","Narail","19","BD","43","district","23.1163","89.4998"
"5515","Narayanganj","19","BD","40","district","23.6338","90.5"
"5516","Narsingdi","19","BD","42","district","23.9232","90.7168"
"5517","Natore","19","BD","44","district","24.4205","89.0006"
"5518","Netrakona","19","BD","41","district","24.8809","90.7277"
"5519","Nilphamari","19","BD","46","district","25.9318","88.856"
"5520","Noakhali","19","BD","47","district","22.8691","91.0979"
"5521","Pabna","19","BD","49","district","24.0064","89.2336"
"5522","Panchagarh","19","BD","52","district","26.3388","88.5539"
"5523","Patuakhali","19","BD","51","district","22.3591","90.3289"
"5524","Pirojpur","19","BD","50","district","22.5791","89.9759"
"5525","Rajbari","19","BD","53","district","23.7574","89.6447"
"5526","Rajshahi","19","BD","54","district","24.3744","88.6044"
"753","Rajshahi","19","BD","E","division","24.6285432","89.0376862"
"5527","Rangamati","19","BD","56","district","22.6532","92.1753"
"750","Rangpur","19","BD","F","division","25.6376135","89.0826381"
"5528","Rangpur","19","BD","55","district","25.7466","89.2508"
"5529","Satkhira","19","BD","58","district","22.7159","89.0706"
"5530","Shariatpur","19","BD","62","district","23.2423","90.4348"
"5531","Sherpur","19","BD","57","district","25.0197","90.0151"
"5532","Sirajganj","19","BD","59","district","24.4533","89.7006"
"5533","Sunamganj","19","BD","61","district","25.0658","91.395"
"765","Sylhet","19","BD","G","division","24.7358854","91.6852476"
"5534","Sylhet","19","BD","60","district","24.8994","91.8698"
"5535","Tangail","19","BD","63","district","24.2498","89.9168"
"5536","Thakurgaon","19","BD","64","district","26.0322","88.461"
"1228","Christ Church","20","BB","01","parish","13.082618","-59.5374451"
"1229","Saint Andrew","20","BB","02","parish","13.2432904","-59.57317"
"1226","Saint George","20","BB","03","parish","13.1384022","-59.5443721"
"1224","Saint James","20","BB","04","parish","13.1863793","-59.625192"
"1227","Saint John","20","BB","05","parish","13.1899463","-59.5592151"
"1223","Saint Joseph","20","BB","06","parish","13.1899463","-59.5592151"
"1221","Saint Lucy","20","BB","07","parish","13.3024068","-59.6129445"
"1230","Saint Michael","20","BB","08","parish","13.1182985","-59.6015783"
"1222","Saint Peter","20","BB","09","parish","13.2619779","-59.6207444"
"1220","Saint Philip","20","BB","10","parish","13.129539","-59.4674102"
"1225","Saint Thomas","20","BB","11","parish","13.177202","-59.5853833"
"2959","Brest","21","BY","BR","oblast","52.093751","23.6851851"
"2955","Gomel","21","BY","HO","oblast","52.4238936","31.0131698"
"2956","Grodno","21","BY","HR","oblast","53.6834599","23.8342648"
"2957","Minsk","21","BY","MI","oblast","53.9024716","27.5618225"
"2958","Minsk","21","BY","HM","city","53.9024716","27.5618225"
"2954","Mogilev","21","BY","MA","oblast","53.9090245","30.3429838"
"2960","Vitebsk","21","BY","VI","oblast","55.2381972","28.7742203"
"1381","Antwerp","22","BE","VAN","province","51.2194475","4.4024643"
"1376","Brussels-Capital","22","BE","BRU","region","50.8387951","4.3753041"
"1377","East Flanders","22","BE","VOV","province","51.0375423","3.811783"
"1373","Flanders","22","BE","VLG","region","51.0962462","4.1786291"
"1374","Flemish Brabant","22","BE","VBR","province","50.8686516","4.7886238"
"1375","Hainaut","22","BE","WHT","province","50.36192","4.125217"
"1384","Liège","22","BE","WLG","province","50.6450944","5.5736112"
"1372","Limburg","22","BE","VLI","province","50.9977937","5.4453575"
"1379","Luxembourg","22","BE","WLX","province","49.9638005","5.4398019"
"1378","Namur","22","BE","WNA","province","50.4673883","4.8719854"
"1380","Wallonia","22","BE","WAL","region","50.1545523","5.3992119"
"1382","Walloon Brabant","22","BE","WBR","province","50.6663106","4.5500074"
"1383","West Flanders","22","BE","VWV","province","51.0404747","2.9994213"
"264","Belize","23","BZ","BZ","district","17.5002768","-88.1988737"
"269","Cayo","23","BZ","CY","district","17.1582776","-89.0681672"
"266","Corozal","23","BZ","CZL","district","18.2276324","-88.2921257"
"268","Orange Walk","23","BZ","OW","district","17.7831833","-88.8620283"
"265","Stann Creek","23","BZ","SC","district","16.9666599","-88.2247368"
"267","Toledo","23","BZ","TOL","district","16.1345572","-88.8219041"
"3077","Alibori","24","BJ","AL","department","11.4649482","2.7938798"
"3076","Atakora","24","BJ","AK","department","10.7160515","1.5331527"
"3079","Atlantique","24","BJ","AQ","department","6.540829","2.223095"
"3078","Borgou","24","BJ","BO","department","9.7097453","2.7422648"
"3070","Collines","24","BJ","CO","department","8.1085479","2.1853101"
"3072","Donga","24","BJ","DO","department","9.2679806","1.7170684"
"3071","Kouffo","24","BJ","KO","department","7.1312662","1.7567394"
"3081","Littoral","24","BJ","LI","department","6.3663195","2.4170608"
"3075","Mono","24","BJ","MO","department","6.457624","1.867408"
"3080","Ouémé","24","BJ","OU","department","6.6013531","2.550566"
"3074","Plateau","24","BJ","PL","department","7.1002602","2.6409144"
"3073","Zou","24","BJ","ZO","department","7.2834335","2.1227604"
"4860","Devonshire","25","BM","DEV","municipality","32.3038062","-64.7606954"
"4861","Hamilton","25","BM","HA","municipality","32.3379906","-64.7357556"
"4863","Paget","25","BM","PAG","municipality","32.281074","-64.7784787"
"4864","Pembroke","25","BM","PEM","municipality","32.3007672","-64.796263"
"4866","Saint George's","25","BM","SGE","municipality","32.3722689","-64.698502"
"4867","Sandys","25","BM","SAN","municipality","32.2999528","-64.8674103"
"4868","Smith's","25","BM","SMI","municipality","32.3133966","-64.7310588"
"4869","Southampton","25","BM","SOU","municipality","32.2517959","-64.8496989"
"4870","Warwick","25","BM","WAR","municipality","32.2661534","-64.8081198"
"240","Bumthang","26","BT","33","district","27.7079132","90.7697435"
"239","Chukha","26","BT","12","district","27.0575803","89.5638178"
"238","Dagana","26","BT","22","district","27.0746653","89.8786685"
"229","Gasa","26","BT","GA","district","27.9190875","89.7875318"
"232","Haa","26","BT","13","district","27.3596658","89.2357556"
"234","Lhuntse","26","BT","44","district","27.7287448","91.1363624"
"242","Mongar","26","BT","42","district","27.2763005","91.237536"
"237","Paro","26","BT","11","district","27.4285949","89.4166516"
"244","Pemagatshel","26","BT","43","district","27.0030415","91.3677054"
"235","Punakha","26","BT","23","district","27.5842857","89.8593094"
"243","Samdrup Jongkhar","26","BT","45","district","26.8035682","91.5039207"
"246","Samtse","26","BT","14","district","27.0352532","89.0147344"
"247","Sarpang","26","BT","31","district","26.9863897","90.3800673"
"241","Thimphu","26","BT","15","district","27.4712216","89.6339041"
"5242","Trashi Yangtse","26","BT","TY","district","27.717585","91.1981102"
"236","Trashigang","26","BT","41","district","27.2843778","91.5742509"
"245","Trongsa","26","BT","32","district","27.5002269","90.5080634"
"230","Tsirang","26","BT","21","district","27.0072232","90.1326289"
"231","Wangdue Phodrang","26","BT","24","district","27.544634","89.955581"
"233","Zhemgang","26","BT","34","district","27.0821148","90.8408984"
"3375","Beni","27","BO","B","department","-14","-65"
"3382","Chuquisaca","27","BO","H","department","-20","-64.416667"
"3381","Cochabamba","27","BO","C","department","-17.3330142","-65.5010931"
"3380","La Paz","27","BO","L","department","-15","-68.333333"
"3376","Oruro","27","BO","O","department","-18.666667","-67.666667"
"3379","Pando","27","BO","N","department","-11.183333","-67.183333"
"3383","Potosí","27","BO","P","department","-20.666667","-66.666667"
"3377","Santa Cruz","27","BO","S","department","-17.333333","-61.5"
"3378","Tarija","27","BO","T","department","-21.583333","-63.833333"
"5086","Bonaire","155","BQ","BQ1","special municipality","12.2018902","-68.2623822"
"5087","Saba","155","BQ","BQ2","special municipality","17.6354642","-63.2326763"
"5088","Sint Eustatius","155","BQ","BQ3","special municipality","17.4890306","-62.973555"
"460","Brčko","28","BA","BRC","district","44.8771222","18.8095022"
"467","Federation of Bosnia and Herzegovina","28","BA","BIH","entity","43.916741","17.5482072"
"470","Republika Srpska","28","BA","SRP","entity","44.6696196","17.3659025"
"3067","Central","29","BW","CE","district","-21.4790187","26.2154174"
"5710","Chobe","29","BW","CH","district","-18.5","25"
"5711","Francistown","29","BW","FR","city","-21.17361111","27.5125"
"5712","Gaborone","29","BW","GA","city","-24.65805556","25.91222222"
"3061","Ghanzi","29","BW","GH","district","-21.6968123","21.6457062"
"5713","Jwaneng","29","BW","JW","town","-24.60194444","24.72833333"
"3066","Kgalagadi","29","BW","KG","district","-24.8490576","21.7883349"
"3062","Kgatleng","29","BW","KL","district","-24.134085","26.4177246"
"3069","Kweneng","29","BW","KW","district","-23.9028101","24.9214122"
"5714","Lobatse","29","BW","LO","town","-25.21666667","25.66666667"
"3068","North-East","29","BW","NE","district","-21.0244816","27.5147504"
"3065","North-West","29","BW","NW","district","-19.3893529","23.267951"
"5715","Selibe Phikwe","29","BW","SP","town","-21.97583333","27.84"
"3064","South-East","29","BW","SE","district","-24.6563846","26.0575429"
"3063","Southern","29","BW","SO","district","-24.7998688","24.5800692"
"5716","Sowa Town","29","BW","ST","town","-20.56361111","26.22444444"
"2012","Acre","31","BR","AC","state","-9.0478679","-70.5264976"
"2007","Alagoas","31","BR","AL","state","-9.6611661","-36.6502426"
"1999","Amapá","31","BR","AP","state","1.3545442","-51.9161977"
"2004","Amazonas","31","BR","AM","state","-3.2001766","-59.4989288"
"2002","Bahia","31","BR","BA","state","-12.285251","-41.9294776"
"2016","Ceará","31","BR","CE","state","-5.3264703","-39.7156073"
"2017","Distrito Federal","31","BR","DF","federal district","-15.7754462","-47.7970891"
"2018","Espírito Santo","31","BR","ES","state","-19.5687682","-40.1721991"
"2000","Goiás","31","BR","GO","state","-15.9323662","-50.1392928"
"2015","Maranhão","31","BR","MA","state","-5.2085503","-45.3930262"
"2011","Mato Grosso","31","BR","MT","state","-12.2115009","-55.5716547"
"2010","Mato Grosso do Sul","31","BR","MS","state","-19.5852564","-54.4794731"
"1998","Minas Gerais","31","BR","MG","state","-18.5264844","-44.1588654"
"2009","Pará","31","BR","PA","state","-4.7493933","-52.8973006"
"2005","Paraíba","31","BR","PB","state","-7.1219366","-36.7246845"
"2022","Paraná","31","BR","PR","state","-24.4842187","-51.8148872"
"2006","Pernambuco","31","BR","PE","state","-8.4116316","-37.5919699"
"2008","Piauí","31","BR","PI","state","-7.6992782","-42.5043787"
"1997","Rio de Janeiro","31","BR","RJ","state","-22.9110137","-43.2093727"
"2019","Rio Grande do Norte","31","BR","RN","state","-5.6781175","-36.4781776"
"2001","Rio Grande do Sul","31","BR","RS","state","-29.8425284","-53.7680577"
"2013","Rondônia","31","BR","RO","state","-10.943145","-62.8277863"
"4858","Roraima","31","BR","RR","state","2.135138","-61.3631922"
"2014","Santa Catarina","31","BR","SC","state","-27.0628367","-51.114965"
"2021","São Paulo","31","BR","SP","state","-23.5505199","-46.6333094"
"2003","Sergipe","31","BR","SE","state","-10.6743911","-37.3773519"
"2020","Tocantins","31","BR","TO","state","-10.8855129","-48.3716912"
"1217","Belait","33","BN","BE","district","4.4349938","114.4946524"
"1216","Brunei-Muara","33","BN","BM","district","4.9752098","114.9367663"
"1218","Temburong","33","BN","TE","district","4.629184","115.1634408"
"1219","Tutong","33","BN","TU","district","4.682681","114.6562706"
"4699","Blagoevgrad","34","BG","01","district","42.0111077","23.0906457"
"4715","Burgas","34","BG","02","district","42.4936616","27.4721276"
"4718","Dobrich","34","BG","08","district","43.572786","27.8272802"
"4693","Gabrovo","34","BG","07","district","42.86847","25.316889"
"4704","Haskovo","34","BG","26","district","41.9344178","25.5554672"
"4702","Kardzhali","34","BG","09","district","41.643746","25.3722156"
"4703","Kyustendil","34","BG","10","district","42.2868799","22.6939635"
"4710","Lovech","34","BG","11","district","43.1367798","24.7139335"
"4696","Montana","34","BG","12","district","43.4085148","23.2257589"
"4712","Pazardzhik","34","BG","13","district","42.1927567","24.3336226"
"4695","Pernik","34","BG","14","district","42.605199","23.0377916"
"4706","Pleven","34","BG","15","district","43.409022","24.6180123"
"4701","Plovdiv","34","BG","16","district","42.1354079","24.7452904"
"4698","Razgrad","34","BG","17","district","43.5271705","26.5241228"
"4713","Ruse","34","BG","18","district","43.8355964","25.9656144"
"4882","Shumen","34","BG","27","district","43.2712398","26.9361286"
"4708","Silistra","34","BG","19","district","44.1147101","27.2671454"
"4700","Sliven","34","BG","20","district","42.6816702","26.3228569"
"4694","Smolyan","34","BG","21","district","41.5774148","24.7010871"
"4719","Sofia","34","BG","23","district","42.64191","23.9735632"
"4705","Sofia City","34","BG","22","district","42.654318","23.3331572"
"4707","Stara Zagora","34","BG","24","district","42.4257709","25.6344855"
"4714","Targovishte","34","BG","25","district","43.2462349","26.5691251"
"4717","Varna","34","BG","03","district","43.2046477","27.9105488"
"4709","Veliko Tarnovo","34","BG","04","district","43.0820584","25.6321312"
"4697","Vidin","34","BG","05","district","43.9857242","22.8772194"
"4711","Vratsa","34","BG","06","district","43.2101806","23.552921"
"4716","Yambol","34","BG","28","district","42.4841494","26.5035296"
"3160","Balé","35","BF","BAL","province","11.658145","-3.0541022"
"3155","Bam","35","BF","BAM","province","13.468115","-1.5986637"
"3120","Banwa","35","BF","BAN","province","12.2265568","-4.1913344"
"3152","Bazèga","35","BF","BAZ","province","11.8922276","-1.4593762"
"3138","Boucle du Mouhoun","35","BF","01","region","12.4777805","-3.5879571"
"3121","Bougouriba","35","BF","BGR","province","10.8820933","-3.4306631"
"3131","Boulgou","35","BF","BLG","province","11.464625","-0.4089101"
"5343","Boulkiemde","35","BF","BLK","province","12.293712","-2.1041312"
"3153","Cascades","35","BF","02","region","10.3071812","-4.4351893"
"3136","Centre","35","BF","03","region","12.36732","-1.5430869"
"3162","Centre-Est","35","BF","04","region","11.734933","-0.2921056"
"3127","Centre-Nord","35","BF","05","region","13.23871","-1.0349832"
"3115","Centre-Ouest","35","BF","06","region","11.9067933","-2.3044801"
"3149","Centre-Sud","35","BF","07","region","11.5833646","-1.0556301"
"3167","Comoé","35","BF","COM","province","10.2419897","-4.4268875"
"3158","Est","35","BF","08","region","12.2527495","0.8736106"
"3148","Ganzourgou","35","BF","GAN","province","12.2899154","-0.8083429"
"3122","Gnagna","35","BF","GNA","province","12.9154574","-0.0659562"
"3143","Gourma","35","BF","GOU","province","12.2278267","0.5472078"
"3165","Hauts-Bassins","35","BF","09","region","11.3890275","-4.041365"
"3129","Houet","35","BF","HOU","province","11.3851056","-4.3273643"
"3135","Ioba","35","BF","IOB","province","11.0343187","-2.9627761"
"3168","Kadiogo","35","BF","KAD","province","12.36732","-1.5430869"
"3112","Kénédougou","35","BF","KEN","province","11.403998","-4.9851028"
"3132","Komondjari","35","BF","KMD","province","12.7269113","0.7047083"
"3157","Kompienga","35","BF","KMP","province","11.4487592","0.9770378"
"3146","Kossi","35","BF","KOS","province","12.9593346","-3.8436797"
"3133","Koulpélogo","35","BF","KOP","province","11.4153137","0.149899"
"3161","Kouritenga","35","BF","KOT","province","12.185035","-0.244848"
"3147","Kourwéogo","35","BF","KOW","province","12.6004222","-1.7598561"
"3159","Léraba","35","BF","LER","province","10.6520035","-5.2116858"
"3151","Loroum","35","BF","LOR","province","13.9463767","-2.10554"
"3123","Mouhoun","35","BF","MOU","province","12.2367475","-3.3387562"
"3116","Nahouri","35","BF","NAO","province","11.2545114","-1.2699821"
"3113","Namentenga","35","BF","NAM","province","13.23672","-0.4819343"
"3142","Nayala","35","BF","NAY","province","12.6601866","-2.9891153"
"3164","Nord","35","BF","10","region","13.45911","-2.2496367"
"3156","Noumbiel","35","BF","NOU","province","9.7967453","-2.9265543"
"3141","Oubritenga","35","BF","OUB","province","12.59701","-1.252231"
"3144","Oudalan","35","BF","OUD","province","14.6253063","-0.3333471"
"3117","Passoré","35","BF","PAS","province","12.8777","-2.2944905"
"3125","Plateau-Central","35","BF","11","region","12.40414","-0.886416"
"3163","Poni","35","BF","PON","province","10.3085943","-3.3016811"
"3114","Sahel","35","BF","12","region","14.0279165","-0.7717776"
"3154","Sanguié","35","BF","SNG","province","12.2101561","-2.6421059"
"3126","Sanmatenga","35","BF","SMT","province","13.2405448","-0.9747023"
"3139","Séno","35","BF","SEN","province","13.99508","-0.0992076"
"3119","Sissili","35","BF","SIS","province","11.4484064","-2.3912085"
"3166","Soum","35","BF","SOM","province","14.2861443","-1.3452326"
"3137","Sourou","35","BF","SOR","province","13.2311675","-2.962181"
"3140","Sud-Ouest","35","BF","13","region","10.3869208","-3.2831886"
"3128","Tapoa","35","BF","TAP","province","12.1450627","1.7603025"
"3134","Tuy","35","BF","TUI","province","11.4495604","-3.3787653"
"3124","Yagha","35","BF","YAG","province","13.4269445","0.6161497"
"3150","Yatenga","35","BF","YAT","province","13.5942938","-2.5249513"
"3145","Ziro","35","BF","ZIR","province","11.675305","-1.9146626"
"3130","Zondoma","35","BF","ZON","province","13.1975396","-2.3085276"
"3118","Zoundwéogo","35","BF","ZOU","province","11.5525895","-1.0308938"
"3196","Bubanza","36","BI","BB","province","-3.1112787","29.3828358"
"3198","Bujumbura Mairie","36","BI","BM","province","-3.3493959","29.3631843"
"3200","Bujumbura Rural","36","BI","BL","province","-3.4759817","29.4535702"
"3202","Bururi","36","BI","BR","province","-3.8581592","29.584379"
"3201","Cankuzo","36","BI","CA","province","-3.1450876","30.58987"
"3190","Cibitoke","36","BI","CI","province","-2.8477341","29.261662"
"3197","Gitega","36","BI","GI","province","-3.5382336","29.910701"
"3194","Karuzi","36","BI","KR","province","-3.1255377","30.0978347"
"3192","Kayanza","36","BI","KY","province","-3.0214816","29.6458034"
"3195","Kirundo","36","BI","KI","province","-2.5853872","30.0933449"
"3188","Makamba","36","BI","MA","province","-4.1978315","29.8073996"
"3193","Muramvya","36","BI","MU","province","-3.2751181","29.6307855"
"3186","Muyinga","36","BI","MY","province","-2.7335985","30.3171441"
"3187","Mwaro","36","BI","MW","province","-3.4650043","29.6708508"
"3199","Ngozi","36","BI","NG","province","-2.8776895","29.8994986"
"3185","Rumonge","36","BI","RM","province","-3.9754049","29.4388014"
"3189","Rutana","36","BI","RT","province","-3.8618714","30.0676979"
"3191","Ruyigi","36","BI","RY","province","-3.4733471","30.2501278"
"3984","Banteay Meanchey","37","KH","1","province","13.7989147","102.8862666"
"3976","Battambang","37","KH","2","province","13.0998526","103.1966659"
"3991","Kampong Cham","37","KH","3","province","12.1174857","105.2080022"
"3979","Kampong Chhnang","37","KH","4","province","12.2536026","104.6658389"
"3988","Kampong Speu","37","KH","5","province","11.5775368","104.2714023"
"5070","Kampong Thom","37","KH","6","province","12.6687923","104.8879197"
"3981","Kampot","37","KH","7","province","10.6116906","104.1827542"
"3983","Kandal","37","KH","8","province","11.3962625","105.0207869"
"3978","Kep","37","KH","23","province","10.4846391","104.3144082"
"3982","Koh Kong","37","KH","9","province","11.6813417","103.0258043"
"3986","Kratie","37","KH","10","province","12.6783017","106.0581733"
"3985","Mondulkiri","37","KH","11","province","12.7396075","107.0087987"
"3987","Oddar Meanchey","37","KH","22","province","14.1585631","103.782796"
"3980","Pailin","37","KH","24","province","12.8905328","102.6294604"
"3994","Phnom Penh","37","KH","12","autonomous municipality","11.568271","104.9224426"
"3973","Preah Vihear","37","KH","13","province","13.7462982","104.97403"
"3974","Prey Veng","37","KH","14","province","11.3659597","105.4557277"
"3977","Pursat","37","KH","15","province","12.4662592","103.742683"
"3990","Ratanakiri","37","KH","16","province","13.9312399","107.0391088"
"3992","Siem Reap","37","KH","17","province","13.3617562","103.8590321"
"3989","Sihanoukville","37","KH","18","province","10.7321989","103.7595806"
"3993","Stung Treng","37","KH","19","province","13.5271207","105.9686727"
"3972","Svay Rieng","37","KH","20","province","11.091615","105.8034577"
"3975","Takeo","37","KH","21","province","10.9358547","104.7796413"
"5537","Tboung Khmum","37","KH","25","province","11.98333333","105.45"
"2663","Adamawa","38","CM","AD","region","6.8496708","13.2163222"
"2660","Centre","38","CM","CE","region","4.686267","11.9414512"
"2661","East","38","CM","ES","region","3.9894393","14.178373"
"2656","Far North","38","CM","EN","region","10.6377186","14.2738156"
"2662","Littoral","38","CM","LT","region","4.203033","10.0563057"
"2665","North","38","CM","NO","region","8.7712794","13.7803627"
"2657","Northwest","38","CM","NW","region","6.3775255","10.3864171"
"2659","South","38","CM","SU","region","2.7312374","11.6254622"
"2658","Southwest","38","CM","SW","region","5.0577606","9.2289407"
"2664","West","38","CM","OU","region","5.5356382","10.5828826"
"872","Alberta","39","CA","AB","province","55.001251","-115.002136"
"875","British Columbia","39","CA","BC","province","55.001251","-125.002441"
"867","Manitoba","39","CA","MB","province","55.001251","-97.001038"
"868","New Brunswick","39","CA","NB","province","46.500283","-66.750183"
"877","Newfoundland and Labrador","39","CA","NL","province","53.8217327","-61.2295532"
"878","Northwest Territories","39","CA","NT","territory","65.0000004","-118"
"874","Nova Scotia","39","CA","NS","province","45.1960403","-63.1653789"
"876","Nunavut","39","CA","NU","territory","65.0377727","-92.5540791"
"866","Ontario","39","CA","ON","province","50.000678","-86.000977"
"871","Prince Edward Island","39","CA","PE","province","46.5036807","-63.595411"
"873","Quebec","39","CA","QC","province","52.4760892","-71.8258668"
"870","Saskatchewan","39","CA","SK","province","55.5321257","-106.141224"
"869","Yukon","39","CA","YT","territory","63.000147","-136.002502"
"2994","Barlavento Islands","40","CV","B","geographical region","17.0555285","-25.1723049"
"2999","Boa Vista","40","CV","BV","municipality","16.099509","-22.8009411"
"2996","Brava","40","CV","BR","municipality","14.8519426","-24.7086939"
"2991","Maio","40","CV","MA","municipality","15.2272182","-23.1563014"
"2987","Mosteiros","40","CV","MO","municipality","15.0347257","-24.3277421"
"2997","Paul","40","CV","PA","municipality","17.1150295","-25.0201589"
"2989","Porto Novo","40","CV","PN","municipality","17.0193423","-25.0641922"
"2988","Praia","40","CV","PR","municipality","14.9481201","-23.5158945"
"2982","Ribeira Brava","40","CV","RB","municipality","16.615728","-24.2982543"
"3002","Ribeira Grande","40","CV","RG","municipality","17.1833547","-25.0643795"
"2984","Ribeira Grande de Santiago","40","CV","RS","municipality","14.9830298","-23.6561725"
"2998","Sal","40","CV","SL","municipality","16.7204556","-22.9386761"
"2985","Santa Catarina","40","CV","CA","municipality","15.0890754","-23.7134304"
"2995","Santa Catarina do Fogo","40","CV","CF","municipality","14.9022545","-24.3212579"
"3004","Santa Cruz","40","CV","CR","municipality","15.1323932","-23.5576819"
"2986","São Domingos","40","CV","SD","municipality","15.0286165","-23.563922"
"3000","São Filipe","40","CV","SF","municipality","14.8951679","-24.4945636"
"2993","São Lourenço dos Órgãos","40","CV","SO","municipality","15.0709442","-23.5865131"
"2990","São Miguel","40","CV","SM","municipality","15.1899662","-23.6420486"
"5552","São Salvador do Mundo","40","CV","SS","municipality","15.07","-23.63"
"3001","São Vicente","40","CV","SV","municipality","16.8494412","-24.9718792"
"2992","Sotavento Islands","40","CV","S","geographical region","15.1200758","-23.6348181"
"2983","Tarrafal","40","CV","TA","municipality","15.2760578","-23.7484077"
"3003","Tarrafal de São Nicolau","40","CV","TS","municipality","16.5636498","-24.354942"
"5252","Cayman Brac","41","KY","02",,"19.7198862","-79.79314"
"5251","Grand Cayman","41","KY","01",,"19.3298471","-81.1712216"
"5253","Little Cayman","41","KY","03",,"19.6853346","-80.0477824"
"1259","Bamingui-Bangoran","42","CF","BB","prefecture","8.698547","20.5281149"
"1262","Bangui","42","CF","BGF","commune","4.3635118","18.5835913"
"1264","Basse-Kotto","42","CF","BK","prefecture","5.1283201","21.3883825"
"1258","Haut-Mbomou","42","CF","HM","prefecture","6.3497929","25.6508738"
"1268","Haute-Kotto","42","CF","HK","prefecture","7.3625645","22.9271411"
"1263","Kémo","42","CF","KG","prefecture","5.9480074","19.2158871"
"1256","Lobaye","42","CF","LB","prefecture","4.1034548","17.5653592"
"1257","Mambéré-Kadéï","42","CF","HS","prefecture","4.5662762","15.8671403"
"1266","Mbomou","42","CF","MB","prefecture","5.5230899","23.4445705"
"1253","Nana-Grébizi","42","CF","KB","economic prefecture","7.5048007","19.1923579"
"1260","Nana-Mambéré","42","CF","NM","prefecture","5.2231625","15.3517922"
"1255","Ombella-M'Poko","42","CF","MP","prefecture","5.0726761","18.1717789"
"1265","Ouaka","42","CF","UK","prefecture","6.3110548","20.5447525"
"1254","Ouham","42","CF","AC","prefecture","7.1314008","17.7041361"
"1267","Ouham-Pendé","42","CF","OP","prefecture","6.7057282","16.1443202"
"1252","Sangha-Mbaéré","42","CF","SE","prefecture","3.6754895","16.3246915"
"1261","Vakaga","42","CF","VK","prefecture","9.8250502","22.376363"
"3583","Bahr el Gazel","43","TD","BG","province","14.4682468","16.9416836"
"3590","Batha","43","TD","BA","province","13.8367731","18.9649806"
"3574","Borkou","43","TD","BO","province","17.2658129","18.3695288"
"5114","Chari-Baguirmi","43","TD","CB","province","11.3345348","16.2884311"
"3575","Ennedi-Est","43","TD","EE","province","17.6219737","23.3133676"
"3584","Ennedi-Ouest","43","TD","EO","province","18.1636803","21.5082709"
"3576","Guéra","43","TD","GR","province","11.6753817","18.4910031"
"3573","Hadjer-Lamis","43","TD","HL","province","12.6903906","16.3352648"
"3588","Kanem","43","TD","KA","province","15.2264398","15.3151191"
"3577","Lac","43","TD","LC","province","13.5820827","14.3788329"
"3585","Logone Occidental","43","TD","LO","province","8.7795637","15.9126749"
"3591","Logone Oriental","43","TD","LR","province","8.2047152","16.470181"
"3589","Mandoul","43","TD","MA","province","8.72751","17.5841771"
"3580","Mayo-Kebbi Est","43","TD","ME","province","10.126618","15.818345"
"3571","Mayo-Kebbi Ouest","43","TD","MO","province","9.2640383","14.7151598"
"3570","Moyen-Chari","43","TD","MC","province","9.4407768","18.8160927"
"3586","N'Djamena","43","TD","ND","province","12.1191543","15.0502758"
"3582","Ouaddaï","43","TD","OD","province","13.4613569","21.288445"
"3592","Salamat","43","TD","SA","province","10.7575596","20.6934116"
"3572","Sila","43","TD","SI","province","12.11786","21.4458848"
"3579","Tandjilé","43","TD","TA","province","9.5713051","16.5294956"
"3587","Tibesti","43","TD","TI","province","21.4007391","17.4742763"
"3581","Wadi Fira","43","TD","WF","province","15.0191449","21.467319"
"2828","Aisén del General Carlos Ibañez del Campo","44","CL","AI","region","-46.4590147","-72.6718386"
"2832","Antofagasta","44","CL","AN","region","-23.6041314","-69.0842783"
"2829","Arica y Parinacota","44","CL","AP","region","-18.5713496","-69.7884774"
"2823","Atacama","44","CL","AT","region","-27.5571783","-70.0156882"
"2827","Biobío","44","CL","BI","region","-37.3391407","-72.4106825"
"2825","Coquimbo","44","CL","CO","region","-30.7546652","-70.9005536"
"2826","La Araucanía","44","CL","AR","region","-40.9071314","-73.157326"
"2838","Libertador General Bernardo O'Higgins","44","CL","LI","region","-34.534538","-71.0354822"
"2835","Los Lagos","44","CL","LL","region","-42.300844","-73.105387"
"2834","Los Ríos","44","CL","LR","region","-39.9742747","-72.6677006"
"2836","Magallanes y de la Antártica Chilena","44","CL","MA","region","-53.3527518","-71.5547782"
"2833","Maule","44","CL","ML","region","-35.521347","-71.6918891"
"2831","Ñuble","44","CL","NB","region","-36.6331577","-71.9384821"
"2824","Región Metropolitana de Santiago","44","CL","RM","region","-33.5739341","-70.6205518"
"2837","Tarapacá","44","CL","TA","region","-20.1636672","-69.5463448"
"2830","Valparaíso","44","CL","VS","region","-33.047238","-71.6126885"
"2251","Anhui","45","CN","AH","province","32","117"
"2257","Beijing","45","CN","BJ","municipality","39.9057136","116.3912972"
"2271","Chongqing","45","CN","CQ","municipality","30.05518","107.8748712"
"2248","Fujian","45","CN","FJ","province","26.193218","118.2208721"
"2275","Gansu","45","CN","GS","province","38.0000001","101.9999999"
"2279","Guangdong","45","CN","GD","province","23.1357694","113.1982688"
"2278","Guangxi","45","CN","GX","autonomous region","24","109"
"2261","Guizhou","45","CN","GZ","province","27","107"
"2273","Hainan","45","CN","HI","province","19.2000001","109.5999999"
"2280","Hebei","45","CN","HE","province","39.0000001","116"
"2265","Heilongjiang","45","CN","HL","province","48.0000047","127.999992"
"2259","Henan","45","CN","HA","province","34.0000001","113.9999999"
"2267","Hong Kong SAR","45","CN","HK","special administrative region","22.350627","114.1849161"
"2274","Hubei","45","CN","HB","province","31","112"
"2258","Hunan","45","CN","HN","province","27.6662087","111.7487063"
"2269","Inner Mongolia","45","CN","NM","autonomous region","43.2443242","114.3251664"
"2250","Jiangsu","45","CN","JS","province","33.0000001","119.9999999"
"2256","Jiangxi","45","CN","JX","province","28","116"
"2253","Jilin","45","CN","JL","province","43.837883","126.549572"
"2268","Liaoning","45","CN","LN","province","41.2374106","122.9955469"
"2266","Macau SAR","45","CN","MO","special administrative region","22.3145285","113.9472446"
"2262","Ningxia","45","CN","NX","autonomous region","37.0000001","105.9999999"
"2270","Qinghai","45","CN","QH","province","36","96"
"2272","Shaanxi","45","CN","SN","province","35.5895959","109.3013107"
"2252","Shandong","45","CN","SD","province","36.398987","118.5055691"
"2249","Shanghai","45","CN","SH","municipality","31.230416","121.473701"
"2254","Shanxi","45","CN","SX","province","37","112"
"2277","Sichuan","45","CN","SC","province","30.5000001","102.4999999"
"2255","Taiwan","45","CN","TW","province","23.9739374","120.9820179"
"2276","Tianjin","45","CN","TJ","municipality","39.0844897","117.1956724"
"2264","Tibet","45","CN","XZ","autonomous region","29.8556443","90.8749807"
"2263","Xinjiang","45","CN","XJ","autonomous region","42.4804953","85.4633464"
"2260","Yunnan","45","CN","YN","province","25","102"
"2247","Zhejiang","45","CN","ZJ","province","29.0000001","119.9999999"
"2895","Amazonas","48","CO","AMA","department","-1.305299","-71.4659212"
"2890","Antioquia","48","CO","ANT","department","7.0000085","-75.5000086"
"2881","Arauca","48","CO","ARA","department","6.6666755","-71.0000086"
"2880","Atlántico","48","CO","ATL","department","10.6773422","-74.9718666"
"4921","Bogotá D.C.","48","CO","DC","capital district","4.2834715","-74.1753606"
"2893","Bolívar","48","CO","BOL","department","9.3660477","-74.8023636"
"2903","Boyacá","48","CO","BOY","department","5.4428193","-73.3745224"
"2887","Caldas","48","CO","CAL","department","5.3302514","-75.2873471"
"2891","Caquetá","48","CO","CAQ","department","1.1153385","-74.1056838"
"2892","Casanare","48","CO","CAS","department","5.5000085","-71.5000086"
"2884","Cauca","48","CO","CAU","department","2.715645","-76.662665"
"2899","Cesar","48","CO","CES","department","9.3333415","-73.5000086"
"2876","Chocó","48","CO","CHO","department","6.0000085","-77.0000086"
"2898","Córdoba","48","CO","COR","department","8.3344713","-75.6666238"
"2875","Cundinamarca","48","CO","CUN","department","5.1096596","-74.0995854"
"2882","Guainía","48","CO","GUA","department","2.5000086","-69.0000086"
"2888","Guaviare","48","CO","GUV","department","1.7899198","-72.3761784"
"4871","Huila","48","CO","HUI","department","2.4738993","-75.5900113"
"2889","La Guajira","48","CO","LAG","department","11.4354118","-72.9002161"
"2886","Magdalena","48","CO","MAG","department","10.5808075","-74.0685669"
"2878","Meta","48","CO","MET","department","5.1554448","-70.8653784"
"2897","Nariño","48","CO","NAR","department","1.289151","-77.35794"
"2877","Norte de Santander","48","CO","NSA","department","8.4417924","-73.0492505"
"2896","Putumayo","48","CO","PUT","department","0.5000086","-76.0000086"
"2874","Quindío","48","CO","QUI","department","4.4028313","-75.7025795"
"2879","Risaralda","48","CO","RIS","department","5.2102948","-75.9842236"
"2900","San Andrés, Providencia y Santa Catalina","48","CO","SAP","department","12.5375979","-81.7204155"
"2901","Santander","48","CO","SAN","department","7.0000085","-73.2500086"
"2902","Sucre","48","CO","SUC","department","9","-75"
"2883","Tolima","48","CO","TOL","department","4.0355786","-75.2086642"
"2904","Valle del Cauca","48","CO","VAC","department","3.6984053","-76.5501996"
"2885","Vaupés","48","CO","VAU","department","0.4228124","-70.9468372"
"2894","Vichada","48","CO","VID","department","4.8686613","-69.3736658"
"2821","Anjouan","49","KM","A","island","-12.2265681","44.4107049"
"2822","Grande Comore","49","KM","G","island","-11.6525688","43.3309706"
"2820","Mohéli","49","KM","M","island","-12.3204573","43.7204313"
"2866","Bouenza","50","CG","11","department","-4.2868653","13.3972129"
"2870","Brazzaville","50","CG","BZV","department","-4.2694407","15.2712256"
"2864","Cuvette","50","CG","8","department","-0.4936855","16.1602013"
"2869","Cuvette-Ouest","50","CG","15","department","0.280252","14.5292599"
"2867","Kouilou","50","CG","5","department","-4.1960964","11.9104388"
"2868","Lékoumou","50","CG","2","department","-3.2315605","13.5211721"
"2865","Likouala","50","CG","7","department","1.6788828","17.4747723"
"2872","Niari","50","CG","9","department","-2.9077055","12.3298313"
"2862","Plateaux","50","CG","14","department","-2.1709644","15.2286129"
"2863","Pointe-Noire","50","CG","16","department","-4.7975373","11.8503297"
"2873","Pool","50","CG","12","department","-3.7298545","15.053872"
"2871","Sangha","50","CG","13","department","1.4284362","15.4222522"
"1215","Alajuela","53","CR","A","province","10.4523316","-84.4663284"
"1211","Cartago","53","CR","C","province","9.8622311","-83.9214187"
"1209","Guanacaste","53","CR","G","province","10.3788441","-85.4338287"
"1212","Heredia","53","CR","H","province","10.3767813","-84.0139721"
"1213","Limón","53","CR","L","province","9.9896398","-83.0332417"
"1210","Puntarenas","53","CR","P","province","9.0953279","-84.2003038"
"1214","San José","53","CR","SJ","province","9.9325427","-84.0795782"
"734","Bjelovar-Bilogora","55","HR","07","county","45.7462142","16.9212335"
"737","Brod-Posavina","55","HR","12","county","45.1542669","18.0117761"
"728","Dubrovnik-Neretva","55","HR","19","county","42.8143166","17.3746628"
"743","Istria","55","HR","18","county","45.1934345","13.9150536"
"5069","Karlovac","55","HR","04","county","45.4892522","15.5486303"
"742","Koprivnica-Križevci","55","HR","06","county","46.1254508","16.8221278"
"729","Krapina-Zagorje","55","HR","02","county","46.0983218","15.9377404"
"731","Lika-Senj","55","HR","09","county","44.66818","15.3324696"
"726","Međimurje","55","HR","20","county","46.4061943","16.5472278"
"740","Osijek-Baranja","55","HR","14","county","45.541111","18.4384615"
"724","Požega-Slavonia","55","HR","11","county","45.4381151","17.5133687"
"735","Primorje-Gorski Kotar","55","HR","08","county","45.4225937","14.6172032"
"730","Šibenik-Knin","55","HR","15","county","43.9281485","16.1037694"
"733","Sisak-Moslavina","55","HR","03","county","45.3981666","16.4955111"
"725","Split-Dalmatia","55","HR","17","county","43.5003407","16.8156193"
"739","Varaždin","55","HR","05","county","46.3079645","16.3378198"
"732","Virovitica-Podravina","55","HR","10","county","45.7732751","17.5789161"
"741","Vukovar-Syrmia","55","HR","16","county","45.1672401","18.6389898"
"727","Zadar","55","HR","13","county","44.1168594","15.2353257"
"736","Zagreb","55","HR","01","county","45.8130967","15.9772795"
"283","Artemisa","56","CU","15","province","22.8272763","-82.9259245"
"286","Camagüey","56","CU","09","province","21.3108932","-77.9428695"
"282","Ciego de Ávila","56","CU","08","province","21.8420472","-78.7599682"
"287","Cienfuegos","56","CU","06","province","22.1459864","-80.4530775"
"275","Granma","56","CU","12","province","20.1947889","-77.2936265"
"285","Guantánamo","56","CU","14","province","20.2106063","-74.6938395"
"272","Havana","56","CU","03","province","23.135305","-82.3589631"
"279","Holguín","56","CU","11","province","20.9115576","-75.7891978"
"278","Isla de la Juventud","56","CU","99","special municipality","21.6910976","-82.8155856"
"281","Las Tunas","56","CU","10","province","21.0887045","-76.8121648"
"284","Matanzas","56","CU","04","province","22.4545999","-81.4961585"
"276","Mayabeque","56","CU","16","province","22.8254157","-82.0701062"
"277","Pinar del Río","56","CU","01","province","22.312447","-83.9389386"
"274","Sancti Spíritus","56","CU","07","province","21.9275667","-79.443211"
"273","Santiago de Cuba","56","CU","13","province","20.1209475","-75.924009"
"280","Villa Clara","56","CU","05","province","22.7036119","-79.6944968"
"749","Famagusta (Mağusa)","57","CY","04","district","35.1352137","33.9239831"
"744","Kyrenia (Keryneia)","57","CY","06","district","35.2951481","33.2769155"
"747","Larnaca (Larnaka)","57","CY","03","district","34.8697484","33.6092097"
"748","Limassol (Leymasun)","57","CY","02","district","34.6911485","33.0078384"
"745","Nicosia (Lefkoşa)","57","CY","01","district","35.1565464","33.3705626"
"746","Paphos (Pafos)","57","CY","05","district","34.7812978","32.4214097"
"4627","Benešov","58","CZ","201","district","49.7818921","14.6869121"
"4620","Beroun","58","CZ","202","district","49.9640292","14.0733907"
"4615","Blansko","58","CZ","641","district","49.3648502","16.6477552"
"4542","Břeclav","58","CZ","644","district","48.75314","16.8825169"
"4568","Brno-město","58","CZ","642","district","49.1950602","16.6068371"
"4545","Brno-venkov","58","CZ","643","district","49.1761838","16.3881643"
"4644","Bruntál","58","CZ","801","district","49.9881767","17.4636941"
"4633","Česká Lípa","58","CZ","511","district","50.6785201","14.5396991"
"4556","České Budějovice","58","CZ","311","district","48.9747357","14.474285"
"4543","Český Krumlov","58","CZ","312","district","48.8127354","14.3174657"
"4573","Cheb","58","CZ","411","district","50.0795334","12.3698636"
"4553","Chomutov","58","CZ","422","district","50.4606456","13.4178324"
"4634","Chrudim","58","CZ","531","district","49.9511458","15.7947559"
"4609","Děčín","58","CZ","421","district","50.7824196","14.2147221"
"4641","Domažlice","58","CZ","321","district","49.4397027","12.9311435"
"4559","Frýdek-Místek","58","CZ","802","district","49.685635","18.3483416"
"4611","Havlíčkův Brod","58","CZ","631","district","49.6043364","15.5796552"
"4561","Hodonín","58","CZ","645","district","48.8529391","17.1260025"
"4580","Hradec Králové","58","CZ","521","district","50.2092113","15.8327512"
"4612","Jablonec nad Nisou","58","CZ","512","district","50.7220528","15.1703135"
"4625","Jeseník","58","CZ","711","district","50.2246249","17.1980471"
"4640","Jičín","58","CZ","522","district","50.4353325","15.361044"
"4613","Jihlava","58","CZ","632","district","49.3983782","15.5870415"
"4639","Jihočeský kraj","58","CZ","31","region","49.0864548","14.6001727"
"4602","Jihomoravský kraj","58","CZ","64","region","49.1249179","16.6827716"
"4624","Jindřichův Hradec","58","CZ","313","district","49.1444823","15.0061389"
"4581","Karlovarský kraj","58","CZ","41","region","50.1753532","12.8060863"
"4604","Karlovy Vary","58","CZ","412","district","50.2306216","12.8701437"
"4586","Karviná","58","CZ","803","district","49.8566524","18.5432186"
"4631","Kladno","58","CZ","203","district","50.1478497","14.1025379"
"4591","Klatovy","58","CZ","322","district","49.3955549","13.2950937"
"4618","Kolín","58","CZ","204","district","50.0288894","15.2011571"
"4575","Kraj Vysočina","58","CZ","63","region","49.3994098","15.5704683"
"4614","Královéhradecký kraj","58","CZ","52","region","50.4093927","15.6850054"
"4593","Kroměříž","58","CZ","721","district","49.2916582","17.39938"
"4923","Kutná Hora","58","CZ","205","district","49.9486561","15.2681123"
"4590","Liberec","58","CZ","513","district","50.7702648","15.0583947"
"4601","Liberecký kraj","58","CZ","51","region","50.747604","14.9903103"
"4605","Litoměřice","58","CZ","423","district","50.5384197","14.1305458"
"4617","Louny","58","CZ","424","district","50.3539812","13.8033551"
"4638","Mělník","58","CZ","206","district","50.3520785","14.4748281"
"4643","Mladá Boleslav","58","CZ","207","district","50.4116187","14.9031301"
"4600","Moravskoslezský kraj","58","CZ","80","region","49.860275","18.0386541"
"4629","Most","58","CZ","425","district","50.5032737","13.636112"
"4550","Náchod","58","CZ","523","district","50.4145722","16.1656347"
"4548","Nový Jičín","58","CZ","804","district","49.5943251","18.0135356"
"4582","Nymburk","58","CZ","208","district","50.1855816","15.0436604"
"4574","Olomouc","58","CZ","712","district","49.593778","17.2508787"
"4589","Olomoucký kraj","58","CZ","71","region","49.8591058","16.9561267"
"4623","Opava","58","CZ","805","district","49.9389004","17.9024174"
"4584","Ostrava-město","58","CZ","806","district","49.8349139","18.2820084"
"4547","Pardubice","58","CZ","532","district","50.0385812","15.7791356"
"4588","Pardubický kraj","58","CZ","53","region","49.889819","16.1283254"
"4645","Pelhřimov","58","CZ","633","district","49.4306207","15.222983"
"4560","Písek","58","CZ","314","district","49.3089887","14.147769"
"4608","Plzeň-jih","58","CZ","324","district","49.5522421","13.4342614"
"4544","Plzeň-město","58","CZ","323","district","49.7477415","13.3775249"
"4564","Plzeň-sever","58","CZ","325","district","49.8814234","13.2812881"
"4607","Plzeňský kraj","58","CZ","32","region","49.5228102","13.2063118"
"4578","Prachatice","58","CZ","315","district","49.01091","14.0000005"
"4606","Praha-východ","58","CZ","209","district","50.0828112","14.7192179"
"4619","Praha-západ","58","CZ","20A","district","49.998442","14.2634283"
"4598","Praha, Hlavní město","58","CZ","10","capital city","50.0596288","14.4464593"
"4626","Přerov","58","CZ","714","district","49.4553775","17.4508621"
"4546","Příbram","58","CZ","20B","district","49.6901444","14.0103663"
"4551","Prostějov","58","CZ","713","district","49.4721467","17.1117979"
"4558","Rakovník","58","CZ","20C","district","50.106123","13.7396623"
"4583","Rokycany","58","CZ","326","district","49.8002414","13.6474577"
"4636","Rychnov nad Kněžnou","58","CZ","524","district","50.1659651","16.2776842"
"4596","Semily","58","CZ","514","district","50.6051576","15.3281409"
"4595","Sokolov","58","CZ","413","district","50.1809097","12.6394986"
"4628","Strakonice","58","CZ","316","district","49.2604043","13.9103085"
"4554","Středočeský kraj","58","CZ","20","region","50.0601579","13.8307479"
"4642","Šumperk","58","CZ","715","district","49.9655521","16.9705651"
"4571","Svitavy","58","CZ","533","district","49.7551629","16.4691861"
"4565","Tábor","58","CZ","317","district","49.4141533","14.6587234"
"4646","Tachov","58","CZ","327","district","49.7987803","12.6361921"
"4621","Teplice","58","CZ","426","district","50.6406644","13.8244461"
"4597","Třebíč","58","CZ","634","district","49.2147869","15.8795516"
"4579","Trutnov","58","CZ","525","district","50.5653838","15.9090923"
"4592","Uherské Hradiště","58","CZ","722","district","49.0681018","17.4663899"
"4576","Ústecký kraj","58","CZ","42","region","50.5663266","13.8206705"
"4599","Ústí nad Labem","58","CZ","427","district","50.6603327","14.0381357"
"4647","Ústí nad Orlicí","58","CZ","534","district","49.9721801","16.3996617"
"4572","Vsetín","58","CZ","723","district","49.3389775","17.9961534"
"4622","Vyškov","58","CZ","646","district","49.2778194","16.9994446"
"4648","Žďár nad Sázavou","58","CZ","635","district","49.5643012","15.939103"
"4563","Zlín","58","CZ","724","district","49.226766","17.6667415"
"4552","Zlínský kraj","58","CZ","72","region","49.19692","17.6460916"
"4630","Znojmo","58","CZ","647","district","48.8554341","16.0489457"
"2753","Bas-Uélé","51","CD","BU","province","3.6644488","25.2137871"
"2744","Équateur","51","CD","EQ","province","0.6060154","18.7800729"
"2750","Haut-Katanga","51","CD","HK","province","-10.519718","27.8432804"
"2758","Haut-Lomami","51","CD","HL","province","-8.1495036","25.5557963"
"2734","Haut-Uélé","51","CD","HU","province","3.3398499","28.789274"
"2751","Ituri","51","CD","IT","province","1.8330623","29.4980774"
"2757","Kasaï","51","CD","KS","province","-4.8740862","21.1234899"
"2742","Kasaï Central","51","CD","KC","province","-5.9046896","21.4334417"
"2735","Kasaï Oriental","51","CD","KE","province","-6.1258942","23.5998111"
"2741","Kinshasa","51","CD","KN","city","-4.32171","15.3122511"
"2746","Kongo Central","51","CD","BC","province","-5.1778483","14.3909935"
"2740","Kwango","51","CD","KG","province","-6.1822381","17.7711691"
"2759","Kwilu","51","CD","KL","province","-4.8108497","18.805534"
"2747","Lomami","51","CD","LO","province","-6.128664","24.4577962"
"4953","Lualaba","51","CD","LU","province","-10.7027809","25.4657979"
"2755","Mai-Ndombe","51","CD","MN","province","-2.5406945","18.6065732"
"2745","Maniema","51","CD","MA","province","-2.9612778","25.9634848"
"2752","Mongala","51","CD","MO","province","2.15406","21.4861221"
"2749","Nord-Kivu","51","CD","NK","province","-0.5645647","28.7061945"
"2739","Nord-Ubangi","51","CD","NU","province","4.0175656","21.3779242"
"2743","Sankuru","51","CD","SA","province","-3.5074885","23.5845039"
"2738","Sud-Kivu","51","CD","SK","province","-3.2968958","28.1674008"
"2748","Sud-Ubangi","51","CD","SU","province","3.3283335","19.4627581"
"2733","Tanganyika","51","CD","TA","province","-6.7105797","27.9879861"
"2756","Tshopo","51","CD","TO","province","0.4991493","25.1651226"
"2732","Tshuapa","51","CD","TU","province","-0.5875933","22.1544364"
"1531","Central Denmark","59","DK","82","region","56.2356483","9.234625"
"1530","Denmark","59","DK","84","region","55.670249","10.3333283"
"1532","North Denmark","59","DK","81","region","56.8152793","9.7273308"
"1529","Southern Denmark","59","DK","83","region","55.3784263","9.1318064"
"1528","Zealand","59","DK","85","region","55.5455979","11.6973741"
"2933","Ali Sabieh","60","DJ","AS","region","11.2133809","42.8699249"
"2932","Arta","60","DJ","AR","region","11.5219459","42.8393629"
"2930","Dikhil","60","DJ","DI","region","11.1054336","42.3704744"
"2929","Djibouti","60","DJ","DJ","city","11.8145966","42.8453061"
"2928","Obock","60","DJ","OB","region","12.2111051","43.1685809"
"2931","Tadjourah","60","DJ","TA","region","12.0358121","42.5174505"
"4082","Saint Andrew","61","DM","02","parish","15.4238539","-61.3416513"
"4078","Saint David","61","DM","03","parish","15.4238539","-61.3416513"
"4079","Saint George","61","DM","04","parish","15.3058849","-61.3477286"
"4076","Saint John","61","DM","05","parish","15.5739158","-61.4369757"
"4085","Saint Joseph","61","DM","06","parish","15.4063155","-61.4239093"
"4083","Saint Luke","61","DM","07","parish","15.2526483","-61.3606848"
"4077","Saint Mark","61","DM","08","parish","15.2285265","-61.3500041"
"4080","Saint Patrick","61","DM","09","parish","15.2770426","-61.2964775"
"4084","Saint Paul","61","DM","10","parish","15.3630184","-61.3613416"
"4081","Saint Peter","61","DM","11","parish","15.4997591","-61.4403471"
"4114","Azua","62","DO","02","province","18.4552709","-70.7380928"
"4105","Baoruco","62","DO","03","province","18.5140239","-71.3303393"
"4090","Barahona","62","DO","04","province","18.2139066","-71.1043759"
"5540","Cibao Nordeste","62","DO","33","region","19.4","-69.9"
"5541","Cibao Noroeste","62","DO","34","region","19.6","-71"
"5542","Cibao Norte","62","DO","35","region","19.5","-70.7"
"5543","Cibao Sur","62","DO","36","region","19.2","-70.5"
"4107","Dajabón","62","DO","05","province","19.5499241","-71.7086514"
"4095","Distrito Nacional","62","DO","01","district","18.4860575","-69.9312117"
"4113","Duarte","62","DO","06","province","19.2833163","-70.1880055"
"4086","El Seibo","62","DO","08","province","18.7658496","-69.040668"
"5544","El Valle","62","DO","37","region","18.8","-71.2"
"5539","Elías Piña","62","DO","07","province","19.03333","-71.68333"
"5545","Enriquillo","62","DO","38","region","18.2","-71.3"
"4102","Espaillat","62","DO","09","province","19.5108126","-70.4918803"
"4106","Hato Mayor","62","DO","30","province","18.7089524","-69.3256524"
"4089","Hermanas Mirabal","62","DO","19","province","19.3957699","-70.3840578"
"5546","Higuamo","62","DO","39","region","18.7","-69.2"
"4097","Independencia","62","DO","10","province","18.4155861","-71.6357396"
"4109","La Altagracia","62","DO","11","province","18.5880886","-68.6053104"
"4087","La Romana","62","DO","12","province","18.4230137","-68.9661104"
"4116","La Vega","62","DO","13","province","19.2211554","-70.5288753"
"4094","María Trinidad Sánchez","62","DO","14","province","19.4433304","-69.9990821"
"4099","Monseñor Nouel","62","DO","28","province","18.9234801","-70.4157265"
"4115","Monte Cristi","62","DO","15","province","19.7177718","-71.4448113"
"4111","Monte Plata","62","DO","29","province","18.8080878","-69.7869146"
"5547","Ozama","62","DO","40","region","18.5","-69.9"
"4101","Pedernales","62","DO","16","province","18.0907918","-71.5595247"
"4096","Peravia","62","DO","17","province","18.3309575","-70.3712349"
"4092","Puerto Plata","62","DO","18","province","19.7225234","-70.7208338"
"4103","Samaná","62","DO","20","province","19.2058371","-69.3362949"
"4091","San Cristóbal","62","DO","21","province","18.4180414","-70.1065849"
"4112","San José de Ocoa","62","DO","31","province","18.543858","-70.5041816"
"4098","San Juan","62","DO","22","province","18.87967","-71.2862706"
"4110","San Pedro de Macorís","62","DO","23","province","18.46266","-69.3051234"
"4088","Sánchez Ramírez","62","DO","24","province","19.0176147","-70.1448351"
"4108","Santiago","62","DO","25","province","19.336389","-70.9521277"
"4100","Santiago Rodríguez","62","DO","26","province","19.3690729","-71.3523808"
"4093","Santo Domingo","62","DO","32","province","18.5638543","-69.8531692"
"5548","Valdesia","62","DO","41","region","18.4","-70.3"
"4104","Valverde","62","DO","27","province","19.5955662","-71.0303974"
"5549","Yuma","62","DO","42","region","18.6","-68.7"
"2923","Azuay","64","EC","A","province","-3.0524451","-79.2395135"
"2920","Bolívar","64","EC","B","province","-1.5392733","-79.0816505"
"2917","Cañar","64","EC","F","province","-2.574484","-78.9804678"
"2915","Carchi","64","EC","C","province","0.8375163","-78.2075154"
"2925","Chimborazo","64","EC","H","province","-1.4680988","-78.8155589"
"2921","Cotopaxi","64","EC","X","province","-0.8268521","-78.8937757"
"2924","El Oro","64","EC","O","province","-3.5311093","-79.8333234"
"2922","Esmeraldas","64","EC","E","province","0.9681789","-79.6517202"
"2905","Galápagos","64","EC","W","province","-0.0606899","-90.673898"
"2914","Guayas","64","EC","G","province","-2","-80"
"2911","Imbabura","64","EC","I","province","0.2542902","-78.1803913"
"5068","Loja","64","EC","L","province","-3.99313","-79.20422"
"2910","Los Ríos","64","EC","R","province","-1.4941273","-79.5542485"
"2913","Manabí","64","EC","M","province","-0.7588025","-80.0612131"
"2918","Morona-Santiago","64","EC","S","province","-2.6232969","-78.0048106"
"2916","Napo","64","EC","N","province","-0.6081965","-77.9520341"
"2926","Orellana","64","EC","D","province","-0.78618","-76.4803184"
"2907","Pastaza","64","EC","Y","province","-1.916667","-77"
"2927","Pichincha","64","EC","P","province","-0.0584893","-78.3284371"
"2912","Santa Elena","64","EC","SE","province","-2.2267105","-80.859499"
"2919","Santo Domingo de los Tsáchilas","64","EC","SD","province","-0.2546212","-79.1686724"
"2906","Sucumbíos","64","EC","U","province","-0.039138","-76.5119678"
"2908","Tungurahua","64","EC","T","province","-1.2765895","-78.4754667"
"2909","Zamora Chinchipe","64","EC","Z","province","-4.0620183","-78.7751588"
"3235","Alexandria","65","EG","ALX","governorate","30.9432983","29.765645"
"3225","Aswan","65","EG","ASN","governorate","23.6675287","32.6916477"
"3236","Asyut","65","EG","AST","governorate","27.2065132","31.5500282"
"3241","Beheira","65","EG","BH","governorate","30.7915206","30.3465488"
"3230","Beni Suef","65","EG","BNS","governorate","29.0729812","31.0982562"
"3223","Cairo","65","EG","C","governorate","30.0332516","31.5621651"
"3245","Dakahlia","65","EG","DK","governorate","31.1380046","31.8882499"
"3224","Damietta","65","EG","DT","governorate","31.4113331","31.7557072"
"3238","Faiyum","65","EG","FYM","governorate","29.3084021","30.8428497"
"3234","Gharbia","65","EG","GH","governorate","30.8391947","31.0016072"
"3239","Giza","65","EG","GZ","governorate","29.0540357","29.4190807"
"3244","Ismailia","65","EG","IS","governorate","30.6043775","32.2770825"
"3222","Kafr El-Sheikh","65","EG","KFS","governorate","31.3814765","30.8513566"
"3242","Luxor","65","EG","LX","governorate","25.702096","32.647186"
"3231","Matrouh","65","EG","MT","governorate","29.7876385","27.427041"
"3243","Minya","65","EG","MN","governorate","28.0893325","30.7570623"
"3228","Monufia","65","EG","MNF","governorate","30.4370098","30.7466852"
"3246","New Valley","65","EG","WAD","governorate","24.8766665","28.7757345"
"3227","North Sinai","65","EG","SIN","governorate","30.5042803","33.591006"
"3229","Port Said","65","EG","PTS","governorate","31.1821275","32.372582"
"3232","Qalyubia","65","EG","KB","governorate","30.3292368","31.2168466"
"3247","Qena","65","EG","KN","governorate","26.1593097","32.7162855"
"3240","Red Sea","65","EG","BA","governorate","25.5867279","34.1694641"
"5067","Sharqia","65","EG","SHR","governorate","30.6332775","31.7893739"
"3226","Sohag","65","EG","SHG","governorate","26.7624628","32.0909936"
"3237","South Sinai","65","EG","JS","governorate","28.6449564","33.8711313"
"3233","Suez","65","EG","SUZ","governorate","29.4165427","32.1490967"
"4139","Ahuachapán","66","SV","AH","department","13.8634993","-89.9273861"
"4132","Cabañas","66","SV","CA","department","13.8832914","-88.7383096"
"4131","Chalatenango","66","SV","CH","department","14.1765311","-89.0932963"
"4137","Cuscatlán","66","SV","CU","department","13.8586903","-89.0632592"
"4134","La Libertad","66","SV","LI","department","13.7449622","-89.3610819"
"4136","La Paz","66","SV","PA","department","13.4669766","-88.9850622"
"4138","La Unión","66","SV","UN","department","13.5326318","-87.902582"
"4130","Morazán","66","SV","MO","department","13.7726176","-88.0951973"
"4135","San Miguel","66","SV","SM","department","13.4320224","-88.271737"
"4133","San Salvador","66","SV","SS","department","13.735588","-89.2005546"
"4127","San Vicente","66","SV","SV","department","13.5274935","-88.7396986"
"4128","Santa Ana","66","SV","SA","department","14.1145585","-89.5678141"
"4140","Sonsonate","66","SV","SO","department","13.7115105","-89.6605842"
"4129","Usulután","66","SV","US","department","13.4324702","-88.5398358"
"3444","Annobón","67","GQ","AN","province","-1.4268782","5.6352801"
"3446","Bioko Norte","67","GQ","BN","province","3.6484594","8.7851155"
"3443","Bioko Sur","67","GQ","BS","province","3.4245254","8.6646092"
"3445","Centro Sur","67","GQ","CS","province","1.3969966","10.4538528"
"5551","Djibloho","67","GQ","DJ","province","1.6","10.8"
"3442","Insular","67","GQ","I","region","3.4986523","8.7136062"
"3439","Kié-Ntem","67","GQ","KN","province","2.0579266","10.9855916"
"3441","Litoral","67","GQ","LI","province","1.6026374","9.841569"
"3438","Río Muni","67","GQ","C","region","1.0570951","9.6532917"
"3440","Wele-Nzas","67","GQ","WN","province","1.4648719","11.131676"
"3425","Anseba","68","ER","AN","region","16.5000101","37.5000048"
"3427","Debub","68","ER","DU","region","14.9099667","38.8150692"
"3428","Gash-Barka","68","ER","GB","region","15.25","37.5"
"3426","Maekel","68","ER","MA","region","15.333333","38.916667"
"3424","Northern Red Sea","68","ER","SK","region","16","39"
"3429","Southern Red Sea","68","ER","DK","region","13.75","41.5"
"5736","Alutaguse","69","EE","130","rural municipality","59.1167","27.45"
"5737","Anija","69","EE","141","rural municipality","59.3167","25.3667"
"5738","Antsla","69","EE","142","rural municipality","57.8333","26.5333"
"5739","Elva","69","EE","171","rural municipality","58.225","26.4169"
"5743","Häädemeeste","69","EE","214","rural municipality","58.0667","24.4833"
"5800","Haapsalu","69","EE","184","urban municipality","58.9433","23.5419"
"5740","Haljala","69","EE","191","rural municipality","59.45","26.3167"
"3567","Harju","69","EE","37","county","58.9529979","22.8981063"
"5741","Harku","69","EE","198","rural municipality","59.3903","24.5697"
"3555","Hiiu","69","EE","39","county","59.3830236","24.6703848"
"5742","Hiiumaa","69","EE","205","rural municipality","58.9167","22.6"
"3569","Ida-Viru","69","EE","45","county","59.219803","27.3905162"
"3566","Järva","69","EE","52","county","58.4133357","24.647735"
"5747","Järva","69","EE","255","rural municipality","59","25.8667"
"5744","Joelähtme","69","EE","245","rural municipality","59.4667","25.1"
"3565","Jõgeva","69","EE","50","county","58.7441059","26.3872444"
"5745","Jõgeva","69","EE","247","rural municipality","58.75","26.3833"
"5746","Jõhvi","69","EE","251","rural municipality","59.3583","27.4233"
"5748","Kadrina","69","EE","272","rural municipality","59.3333","26.1333"
"5749","Kambja","69","EE","283","rural municipality","58.2667","26.6833"
"5750","Kanepi","69","EE","284","rural municipality","58","26.9"
"5751","Kastre","69","EE","291","rural municipality","58.3167","26.7833"
"5752","Kehtna","69","EE","293","rural municipality","58.9333","24.8833"
"5801","Keila","69","EE","296","urban municipality","59.3036","24.4211"
"5753","Kihnu","69","EE","303","rural municipality","58.15","24"
"5754","Kiili","69","EE","305","rural municipality","59.3","24.8667"
"5755","Kohila","69","EE","317","rural municipality","59.1667","24.7667"
"5802","Kohtla-Järve","69","EE","321","urban municipality","59.3983","27.2731"
"5756","Kose","69","EE","338","rural municipality","59.1833","25.1667"
"5757","Kuusalu","69","EE","353","rural municipality","59.4333","25.45"
"3568","Lääne","69","EE","56","county","58.674124","25.8106102"
"5758","Lääne-Harju","69","EE","430","rural municipality","59.3833","24.1833"
"5761","Lääne-Nigula","69","EE","441","rural municipality","58.8667","23.7833"
"3564","Lääne-Viru","69","EE","60","county","59.4075666","26.309987"
"5759","Lääneranna","69","EE","431","rural municipality","58.5333","24.1"
"5803","Loksa","69","EE","424","urban municipality","59.5764","25.7217"
"5762","Lüganuse","69","EE","442","rural municipality","59.35","27.15"
"5760","Luunja","69","EE","432","rural municipality","58.3833","26.9167"
"5804","Maardu","69","EE","446","urban municipality","59.4653","25.0144"
"5766","Märjamaa","69","EE","503","rural municipality","58.8833","24.4667"
"5763","Muhu","69","EE","478","rural municipality","58.6","23.25"
"5764","Mulgi","69","EE","480","rural municipality","58.1","25.5"
"5765","Mustvee","69","EE","486","rural municipality","58.85","26.9333"
"5805","Narva","69","EE","511","urban municipality","59.3772","28.1903"
"5806","Narva-Jõesuu","69","EE","514","urban municipality","59.4539","28.0394"
"5767","Noo","69","EE","528","rural municipality","58.2833","26.55"
"5768","Otepää","69","EE","557","rural municipality","58.0667","26.5"
"5807","Paide","69","EE","567","urban municipality","58.8856","25.5569"
"3562","Pärnu","69","EE","68","county","58.3870833","24.502831"
"5808","Pärnu","69","EE","624","urban municipality","58.3806","24.4989"
"5769","Peipsiääre","69","EE","586","rural municipality","58.6667","27.4167"
"5773","Põhja-Pärnu","69","EE","638","rural municipality","58.8333","24.4167"
"5770","Põhja-Sakala","69","EE","615","rural municipality","58.4833","25.5333"
"5771","Poltsamaa","69","EE","618","rural municipality","58.65","25.9667"
"5772","Põlva","69","EE","622","rural municipality","58.0667","27.05"
"3563","Põlva","69","EE","64","county","58.1694924","27.1567066"
"5774","Raasiku","69","EE","651","rural municipality","59.35","25.1833"
"5775","Rae","69","EE","653","rural municipality","59.35","24.9667"
"5809","Rakvere","69","EE","663","urban municipality","59.347","26.3558"
"5776","Rakvere","69","EE","661","rural municipality","59.347","26.3558"
"5780","Räpina","69","EE","708","rural municipality","58.0983","27.4639"
"5777","Rapla","69","EE","668","rural municipality","58.9833","24.8"
"3559","Rapla","69","EE","71","county","58.9419781","24.6984042"
"5779","Rõuge","69","EE","698","rural municipality","57.7667","27.0333"
"5778","Ruhnu","69","EE","689","rural municipality","57.8","23.2667"
"5781","Saarde","69","EE","712","rural municipality","58.25","24.6667"
"3561","Saare","69","EE","74","county","58.3697219","23.8358031"
"5782","Saaremaa","69","EE","714","rural municipality","58.4167","22.5"
"5783","Saku","69","EE","719","rural municipality","59.2833","24.6667"
"5784","Saue","69","EE","726","rural municipality","59.3167","24.55"
"5785","Setomaa","69","EE","732","rural municipality","57.7","27.6333"
"5810","Sillamäe","69","EE","735","urban municipality","59.3969","27.7631"
"5811","Tallinn","69","EE","784","urban municipality","59.437","24.7536"
"5786","Tapa","69","EE","792","rural municipality","59.2667","26.0333"
"5812","Tartu","69","EE","793","urban municipality","58.378","26.729"
"3557","Tartu","69","EE","79","county","58.3801207","26.72245"
"5787","Tartu","69","EE","796","rural municipality","58.378","26.729"
"5788","Toila","69","EE","803","rural municipality","59.4167","27.5167"
"5789","Tori","69","EE","809","rural municipality","58.4833","24.8167"
"5790","Tõrva","69","EE","824","rural municipality","58","25.9333"
"5791","Türi","69","EE","834","rural municipality","58.8083","25.4333"
"5799","Väike-Maarja","69","EE","928","rural municipality","59.1333","26.25"
"5792","Valga","69","EE","855","rural municipality","57.7833","26.05"
"3558","Valga","69","EE","81","county","57.777034","26.0315628"
"5793","Viimsi","69","EE","890","rural municipality","59.5","24.8167"
"5813","Viljandi","69","EE","897","urban municipality","58.3639","25.59"
"3556","Viljandi","69","EE","84","county","58.36454","25.5878074"
"5794","Viljandi","69","EE","899","rural municipality","58.3639","25.59"
"5795","Vinni","69","EE","901","rural municipality","59.35","26.4333"
"5796","Viru-Nigula","69","EE","903","rural municipality","59.3667","26.8333"
"5797","Vormsi","69","EE","907","rural municipality","59","23.0167"
"5798","Võru","69","EE","917","rural municipality","57.8431","27.0142"
"3560","Võru","69","EE","87","county","57.8132607","26.9847576"
"5814","Võru","69","EE","919","urban municipality","57.8431","27.0142"
"969","Hhohho","212","SZ","HH","region","-26.0988012","31.3630822"
"970","Lubombo","212","SZ","LU","region","-26.55452","31.8619116"
"968","Manzini","212","SZ","MA","region","-26.4976444","31.3750815"
"971","Shiselweni","212","SZ","SH","region","-27.036022","31.3321298"
"11","Addis Ababa","70","ET","AA","administration","9","38.75"
"6","Afar","70","ET","AF","region","11.7108206","41.0330866"
"3","Amhara","70","ET","AM","region","11.5","38.5"
"9","Benishangul-Gumuz","70","ET","BE","region","10.3778251","35.5084442"
"8","Dire Dawa","70","ET","DD","administration","9.591323","41.8566341"
"10","Gambela","70","ET","GA","region","7.8102647","34.1822172"
"7","Harari","70","ET","HA","region","9.2905517","42.1885672"
"5","Oromia","70","ET","OR","region","7.6721644","40.0299727"
"5465","Sidama","70","ET","SI","region","6.5","38.5"
"2","Somali","70","ET","SO","region","7.2629844","43.5360531"
"1","Southern Nations, Nationalities, and Peoples","70","ET","SN","region","6.5156911","36.954107"
"5466","Southwest Ethiopia Peoples","70","ET","SW","region","7.3","36.2"
"4","Tigray","70","ET","TI","region","13.881273","39.127495"
"5229","Eysturoy","72","FO","EY","region","62.1988704","-6.8178451"
"5230","Northern Isles","72","FO","NO","region","62.2805689","6.7017061"
"5231","Sandoy","72","FO","SA","region","61.8333877","-6.7239899"
"5232","Streymoy","72","FO","ST","region","62.1237192","-7.0158828"
"5233","Suðuroy","72","FO","SU","region","61.5210651","-6.8141866"
"5234","Vágar","72","FO","VA","region","62.0898985","-7.2345841"
"1917","Ba","73","FJ","01","province","36.0613893","-95.8005872"
"1930","Bua","73","FJ","02","province","43.0964584","-89.50088"
"1924","Cakaudrove","73","FJ","03","province","-16.8133648","179.2868682"
"1929","Central","73","FJ","C","division","34.0440066","-118.2472738"
"1932","Eastern","73","FJ","E","division","32.8094305","-117.1289937"
"1934","Kadavu","73","FJ","04","province","-19.0127122","178.1876676"
"1933","Lau","73","FJ","05","province","31.6687015","-106.3955763"
"1916","Lomaiviti","73","FJ","06","province","-17.709","179.091"
"1922","Macuata","73","FJ","07","province","-16.4864922","179.2847251"
"1919","Nadroga-Navosa","73","FJ","08","province","-17.9865278","177.658113"
"1927","Naitasiri","73","FJ","09","province","-17.8975754","178.2071598"
"1928","Namosi","73","FJ","10","province","-18.0864176","178.1291387"
"1921","Northern","73","FJ","N","division","-16.8133648","179.2868682"
"1926","Ra","73","FJ","11","province","37.1003153","-95.6744246"
"1920","Rewa","73","FJ","12","province","34.7923517","-82.3609264"
"1931","Rotuma","73","FJ","R","dependency","-12.5025069","177.0724164"
"1925","Serua","73","FJ","13","province","-18.1804749","178.050979"
"1918","Tailevu","73","FJ","14","province","-17.8269111","178.293248"
"1923","Western","73","FJ","W","division","42.9662198","-78.7021134"
"1511","Central Finland","74","FI","08","region","62.6093658","25.579461"
"1494","Central Ostrobothnia","74","FI","07","region","63.6476557","24.1114113"
"1507","Finland Proper","74","FI","19","region","60.3036113","22.4113084"
"1496","Kainuu","74","FI","05","region","64.5946354","28.6810524"
"1512","Kymenlaakso","74","FI","09","region","60.7318529","27.0828744"
"1500","Lapland","74","FI","10","region","67.6929104","26.7282142"
"1504","North Karelia","74","FI","13","region","62.801052","30.2127116"
"1505","Northern Ostrobothnia","74","FI","14","region","64.9521512","25.6968812"
"1503","Northern Savonia","74","FI","15","region","62.9370461","27.4942995"
"1508","Ostrobothnia","74","FI","12","region","62.9651857","21.2099367"
"1502","Päijänne Tavastia","74","FI","16","region","61.1444196","25.6872502"
"1506","Pirkanmaa","74","FI","11","region","61.717433","23.7157115"
"1501","Satakunta","74","FI","17","region","61.5934279","21.7824512"
"1497","South Karelia","74","FI","02","region","61.2667443","28.4054849"
"1498","Southern Ostrobothnia","74","FI","03","region","62.9433099","23.5285267"
"1495","Southern Savonia","74","FI","04","region","61.6945148","27.8005015"
"1493","Tavastia Proper","74","FI","06","region","60.937696","24.1531919"
"1510","Uusimaa","74","FI","18","region","60.2246684","25.1272631"
"4967","Ain","75","FR","01","metropolitan department","46.0652385","5.2847717"
"4968","Aisne","75","FR","02","metropolitan department","49.4532854","3.606899"
"4969","Allier","75","FR","03","metropolitan department","46.3674641","3.1638828"
"4970","Alpes-de-Haute-Provence","75","FR","04","metropolitan department","44.1640832","6.1878515"
"4972","Alpes-Maritimes","75","FR","06","metropolitan department","43.9419996","7.0202655"
"4811","Alsace","75","FR","6AE","European collectivity","48.0098712","7.5875021"
"4973","Ardèche","75","FR","07","metropolitan department","44.815194","4.3986525"
"4974","Ardennes","75","FR","08","metropolitan department","49.6980117","4.6716005"
"4975","Ariège","75","FR","09","metropolitan department","42.9455368","1.4065544"
"4976","Aube","75","FR","10","metropolitan department","48.3201921","4.1905397"
"4977","Aude","75","FR","11","metropolitan department","43.0542733","2.5124715"
"4798","Auvergne-Rhône-Alpes","75","FR","ARA","metropolitan region","45.2968119","4.6604809"
"4978","Aveyron","75","FR","12","metropolitan department","44.3158574","2.5065697"
"5035","Bas-Rhin","75","FR","67","metropolitan department","48.5991783","7.5336729"
"4979","Bouches-du-Rhône","75","FR","13","metropolitan department","43.5424182","5.0343236"
"4825","Bourgogne-Franche-Comté","75","FR","BFC","metropolitan region","47.118711","4.9691044"
"4807","Bretagne","75","FR","BRE","metropolitan region","48.2640845","-2.9202408"
"4981","Calvados","75","FR","14","metropolitan department","49.0907648","-0.2413951"
"4982","Cantal","75","FR","15","metropolitan department","45.0497701","2.6997176"
"4818","Centre-Val de Loire","75","FR","CVL","metropolitan region","47.5490251","1.7324062"
"4983","Charente","75","FR","16","metropolitan department","45.7302267","-0.7212876"
"4984","Charente-Maritime","75","FR","17","metropolitan department","45.7302267","-0.7212876"
"4985","Cher","75","FR","18","metropolitan department","47.0248824","2.5753334"
"5064","Clipperton","75","FR","CP","dependency","10.3021287","-109.217835"
"4986","Corrèze","75","FR","19","metropolitan department","45.3429047","1.8176424"
"4806","Corse","75","FR","20R","metropolitan region","42.1880896","9.0684138"
"4996","Corse-du-Sud","75","FR","2A","metropolitan department","41.8734083","9.0087052"
"4987","Côte-d'Or","75","FR","21","metropolitan department","47.4655034","4.7481223"
"4988","Côtes-d'Armor","75","FR","22","metropolitan department","48.4614877","-2.7514328"
"4989","Creuse","75","FR","23","metropolitan department","46.0593485","2.048901"
"5047","Deux-Sèvres","75","FR","79","metropolitan department","46.53914","-0.2994785"
"4990","Dordogne","75","FR","24","metropolitan department","45.1429198","0.6321258"
"4991","Doubs","75","FR","25","metropolitan department","46.9321774","6.3476214"
"4992","Drôme","75","FR","26","metropolitan department","44.7295347","5.2046372"
"5059","Essonne","75","FR","91","metropolitan department","48.5303402","2.2392918"
"4993","Eure","75","FR","27","metropolitan department","49.0756358","0.9651829"
"4994","Eure-et-Loir","75","FR","28","metropolitan department","48.4474102","1.399882"
"4995","Finistère","75","FR","29","metropolitan department","48.2451152","-4.0440902"
"4822","French Guiana","75","FR","973","overseas region","4.0039882","-52.999998"
"4824","French Polynesia","75","FR","PF","overseas collectivity","-17.0243749","-144.6434898"
"5065","French Southern and Antarctic Lands","75","FR","TF","overseas territory","-49.237442","69.622759"
"4998","Gard","75","FR","30","metropolitan department","43.95995","4.297637"
"5000","Gers","75","FR","32","metropolitan department","43.6955276","0.4101019"
"5001","Gironde","75","FR","33","metropolitan department","44.883746","-0.6051264"
"4820","Grand-Est","75","FR","GES","metropolitan region","48.4845157","6.113035"
"4829","Guadeloupe","75","FR","971","overseas region","16.2528827","-61.5686855"
"5036","Haut-Rhin","75","FR","68","metropolitan department","47.8654746","7.2315433"
"4997","Haute-Corse","75","FR","2B","metropolitan department","42.4219698","9.1009065"
"4999","Haute-Garonne","75","FR","31","metropolitan department","43.3054546","0.9716792"
"5011","Haute-Loire","75","FR","43","metropolitan department","45.0857249","3.8338261"
"5020","Haute-Marne","75","FR","52","metropolitan department","48.1329414","5.2529108"
"5039","Haute-Saône","75","FR","70","metropolitan department","47.6384233","6.0951141"
"5043","Haute-Savoie","75","FR","74","metropolitan department","46.0690406","6.3445321"
"5055","Haute-Vienne","75","FR","87","metropolitan department","45.9190192","1.2031768"
"4971","Hautes-Alpes","75","FR","05","metropolitan department","44.6564666","6.3520246"
"5033","Hautes-Pyrénées","75","FR","65","metropolitan department","43.1437925","0.1586661"
"4828","Hauts-de-France","75","FR","HDF","metropolitan region","50.1024606","2.7247515"
"5060","Hauts-de-Seine","75","FR","92","metropolitan department","48.8401859","2.19863"
"5002","Hérault","75","FR","34","metropolitan department","43.591422","3.3553309"
"4796","Île-de-France","75","FR","IDF","metropolitan region","48.6443057","2.7537863"
"5003","Ille-et-Vilaine","75","FR","35","metropolitan department","48.1727681","-1.6498092"
"5004","Indre","75","FR","36","metropolitan department","46.8121057","1.5382052"
"5005","Indre-et-Loire","75","FR","37","metropolitan department","47.2232046","0.6866703"
"5006","Isère","75","FR","38","metropolitan department","45.2897932","5.6343825"
"5007","Jura","75","FR","39","metropolitan department","46.7833625","5.7832857"
"4823","La Réunion","75","FR","974","overseas region","-21.1307379","55.5364801"
"5008","Landes","75","FR","40","metropolitan department","44.0099694","-0.6433872"
"5009","Loir-et-Cher","75","FR","41","metropolitan department","47.6597752","1.2971835"
"5010","Loire","75","FR","42","metropolitan department","47.6150731","-0.9784391"
"5012","Loire-Atlantique","75","FR","44","metropolitan department","47.3481614","-1.8727461"
"5013","Loiret","75","FR","45","metropolitan department","47.9138724","2.3075036"
"5014","Lot","75","FR","46","metropolitan department","44.6249918","1.6657742"
"5015","Lot-et-Garonne","75","FR","47","metropolitan department","44.3691703","0.4539158"
"5016","Lozère","75","FR","48","metropolitan department","44.5425706","3.5211146"
"5017","Maine-et-Loire","75","FR","49","metropolitan department","47.3886305","-0.3909097"
"5018","Manche","75","FR","50","metropolitan department","49.0918952","-1.2454952"
"5019","Marne","75","FR","51","metropolitan department","48.961264","4.3122436"
"4827","Martinique","75","FR","972","overseas region","14.6367927","-61.0158269"
"5021","Mayenne","75","FR","53","metropolitan department","48.3044218","-0.6179871"
"4797","Mayotte","75","FR","976","overseas region","-12.823048","45.1520755"
"5038","Métropole de Lyon","75","FR","69M","metropolitan collectivity with special status","45.7481616","4.8556859"
"5022","Meurthe-et-Moselle","75","FR","54","metropolitan department","48.9559682","5.9870383"
"5023","Meuse","75","FR","55","metropolitan department","49.0129685","5.4286691"
"5024","Morbihan","75","FR","56","metropolitan department","47.8259812","-2.7633493"
"5025","Moselle","75","FR","57","metropolitan department","49.0207259","6.5380352"
"5026","Nièvre","75","FR","58","metropolitan department","47.1196971","3.5448898"
"5027","Nord","75","FR","59","metropolitan department","50.5289615","3.0883508"
"4804","Normandie","75","FR","NOR","metropolitan region","49.0677708","0.3138532"
"4795","Nouvelle-Aquitaine","75","FR","NAQ","metropolitan region","45.4039367","0.3756199"
"5538","Nouvelle-Calédonie","75","FR","NC","overseas collectivity with special status","-21.25","165.3"
"4799","Occitanie","75","FR","OCC","metropolitan region","43.6487851","2.3435684"
"5028","Oise","75","FR","60","metropolitan department","49.4120546","2.4064878"
"5029","Orne","75","FR","61","metropolitan department","48.575888","0.0448794"
"4816","Paris","75","FR","75C","metropolitan collectivity with special status","48.856614","2.3522219"
"5030","Pas-de-Calais","75","FR","62","metropolitan department","50.5144061","2.2580078"
"4802","Pays-de-la-Loire","75","FR","PDL","metropolitan region","47.6594864","-0.8186143"
"4812","Provence-Alpes-Côte-d’Azur","75","FR","PAC","metropolitan region","44.0580563","6.0638506"
"5031","Puy-de-Dôme","75","FR","63","metropolitan department","45.7726494","2.964407"
"5032","Pyrénées-Atlantiques","75","FR","64","metropolitan department","43.1871865","-0.7282474"
"5034","Pyrénées-Orientales","75","FR","66","metropolitan department","42.625894","2.506509"
"5037","Rhône","75","FR","69","metropolitan department","45.8802348","4.5645336"
"4821","Saint Pierre and Miquelon","75","FR","PM","overseas collectivity","46.8374544","-56.2120555"
"4794","Saint-Barthélemy","75","FR","BL","overseas collectivity","17.9005134","-62.8205871"
"4809","Saint-Martin","75","FR","MF","overseas collectivity","18.0814066","-63.0467131"
"5040","Saône-et-Loire","75","FR","71","metropolitan department","46.6557086","4.5585548"
"5041","Sarthe","75","FR","72","metropolitan department","48.0269287","0.2538217"
"5042","Savoie","75","FR","73","metropolitan department","45.4948952","6.3846604"
"5045","Seine-et-Marne","75","FR","77","metropolitan department","48.6190207","3.0418158"
"5044","Seine-Maritime","75","FR","76","metropolitan department","49.6632374","0.9401134"
"5061","Seine-Saint-Denis","75","FR","93","metropolitan department","48.9098125","2.4528635"
"5048","Somme","75","FR","80","metropolitan department","49.9689482","2.3738855"
"5049","Tarn","75","FR","81","metropolitan department","43.7921741","2.1339648"
"5050","Tarn-et-Garonne","75","FR","82","metropolitan department","44.080656","1.2050633"
"5058","Territoire de Belfort","75","FR","90","metropolitan department","47.629231","6.8993012"
"5063","Val-d'Oise","75","FR","95","metropolitan department","49.0750704","2.2098114"
"5062","Val-de-Marne","75","FR","94","metropolitan department","48.7744893","2.4543321"
"5051","Var","75","FR","83","metropolitan department","43.4173551","6.2664637"
"5052","Vaucluse","75","FR","84","metropolitan department","43.9938643","5.1818898"
"5053","Vendée","75","FR","85","metropolitan department","46.6757732","-1.2914463"
"5054","Vienne","75","FR","86","metropolitan department","45.52524","4.87477"
"5056","Vosges","75","FR","88","metropolitan department","48.163786","6.3820712"
"4810","Wallis and Futuna","75","FR","WF","overseas collectivity","-13.289402","-176.204224"
"5057","Yonne","75","FR","89","metropolitan department","47.8551257","3.6450439"
"5046","Yvelines","75","FR","78","metropolitan department","48.7620373","1.8871376"
"5818","Guyane","76","GF","01","overseas region","4","-53"
"5369","Austral Islands","77","PF","01","division","-23.3655617","-149.4620816"
"5370","Leeward Islands","77","PF","02","division","-16.6308348","-151.5039159"
"5371","Marquesas Islands","77","PF","03","division","-9.7793255","-139.0067835"
"5372","Tuamotu-Gambier","77","PF","04","division","-18.8027687","-141.9054929"
"5373","Windward Islands","77","PF","05","division","-17.6873439","-149.4451681"
"5822","Adélie Land","78","TF","01","district","-66.66277778","140.00111111"
"5823","Crozet Islands","78","TF","02","district","-46.4325","51.85763889"
"5824","Kerguelen Islands","78","TF","03","district","-49.35","70.21888889"
"5825","Saint-Paul and Amsterdam Islands","78","TF","04","district","-37.79555556","77.57333333"
"5826","Scattered Islands","78","TF","05","district","-15.89222222","54.52083333"
"2727","Estuaire","79","GA","1","province","0.4302639","9.4655189"
"2726","Haut-Ogooué","79","GA","2","province","-1.231544","13.8309713"
"2730","Moyen-Ogooué","79","GA","3","province","-0.5003495","10.4991063"
"2731","Ngounié","79","GA","4","province","-1.5910727","10.978503"
"2725","Nyanga","79","GA","5","province","-3.0080415","10.9964746"
"2724","Ogooué-Ivindo","79","GA","6","province","0.60082","12.6887911"
"2729","Ogooué-Lolo","79","GA","7","province","-1.0002904","12.4952424"
"2728","Ogooué-Maritime","79","GA","8","province","-1.4958157","9.5060896"
"2723","Woleu-Ntem","79","GA","9","province","1.2950125","11.8218827"
"901","Abkhazia","81","GE","AB","autonomous republic","42.9967187","41.0544741"
"900","Adjara","81","GE","AJ","autonomous republic","41.6731508","41.9196652"
"907","Guria","81","GE","GU","region","41.9772681","41.9828262"
"905","Imereti","81","GE","IM","region","42.18756","42.9521554"
"910","Kakheti","81","GE","KA","region","41.8144317","45.7174977"
"904","Kvemo Kartli","81","GE","KK","region","41.5124578","44.5495369"
"902","Mtskheta-Mtianeti","81","GE","MM","region","42.2290312","44.8569963"
"909","Racha-Lechkhumi and Kvemo Svaneti","81","GE","RL","region","42.668849","43.125251"
"908","Samegrelo-Zemo Svaneti","81","GE","SZ","region","42.635452","42.2487138"
"906","Samtskhe-Javakheti","81","GE","SJ","region","41.5296305","43.2434208"
"903","Shida Kartli","81","GE","SK","region","41.9886836","43.986125"
"899","Tbilisi","81","GE","TB","city","41.6934591","44.8014495"
"3006","Baden-Württemberg","82","DE","BW","land","48.53775","9.041169"
"3009","Bavaria","82","DE","BY","land","48.9467562","11.4038717"
"3010","Berlin","82","DE","BE","land","52.510885","13.3989367"
"3013","Brandenburg","82","DE","BB","land","52.8455492","13.2461296"
"3014","Bremen","82","DE","HB","land","53.0792962","8.8016936"
"3016","Hamburg","82","DE","HH","land","53.5510846","9.9936819"
"3018","Hessen","82","DE","HE","land","50.6080651","9.0284647"
"3008","Lower Saxony","82","DE","NI","land","52.8398531","9.075962"
"3007","Mecklenburg-Vorpommern","82","DE","MV","land","53.7735064","12.5755471"
"3017","North Rhine-Westphalia","82","DE","NW","land","51.4789205","7.5543751"
"3019","Rhineland-Palatinate","82","DE","RP","land","49.9531599","7.310646"
"3020","Saarland","82","DE","SL","land","49.3841872","6.9537369"
"3021","Saxony","82","DE","SN","land","50.9295798","13.4585052"
"3011","Saxony-Anhalt","82","DE","ST","land","51.9280976","11.6812243"
"3005","Schleswig-Holstein","82","DE","SH","land","54.1853998","9.8220089"
"3015","Thuringia","82","DE","TH","land","50.9014721","11.0377839"
"53","Ahafo","83","GH","AF","region","6.9096645","-2.2330123"
"48","Ashanti","83","GH","AH","region","6.8003319","-1.5188142"
"4959","Bono","83","GH","BO","region","7.8035236","-1.0876492"
"4958","Bono East","83","GH","BE","region","8.2247942","-0.6544711"
"52","Central","83","GH","CP","region","5.7244148","-1.3761749"
"50","Eastern","83","GH","EP","region","6.446877","-0.3770964"
"54","Greater Accra","83","GH","AA","region","5.8101532","0.0995242"
"4960","North East","83","GH","NE","region","10.5279933","-0.3698625"
"51","Northern","83","GH","NP","region","9.6600005","-0.3943799"
"4961","Oti","83","GH","OT","region","6.1064098","-0.2483786"
"4962","Savannah","83","GH","SV","region","9.1400654","-1.7111234"
"55","Upper East","83","GH","UE","region","10.7245907","-0.8196591"
"57","Upper West","83","GH","UW","region","10.3669525","-2.0921426"
"56","Volta","83","GH","TV","region","6.5348624","0.4556055"
"49","Western","83","GH","WP","region","5.4261241","-2.1286574"
"4963","Western North","83","GH","WN","region","6.2064665","-2.4855092"
"2116","Achaea","85","GR","13","regional unit","38.0692748","21.8727304"
"2122","Attica","85","GR","I","administrative region","37.7561803","23.6669006"
"2128","Central Greece","85","GR","H","administrative region","38.5624595","23.1618528"
"2125","Central Macedonia","85","GR","B","administrative region","40.6186482","22.9179536"
"2109","Crete","85","GR","M","administrative region","35.2800826","24.638844"
"2120","East Attica","85","GR","A2","regional unit","37.9715827","23.9767854"
"2117","East Macedonia and Thrace","85","GR","A","administrative region","40.8533759","25.8030499"
"2110","Epirus","85","GR","D","administrative region","39.6501917","20.6908456"
"2131","Ionian Islands","85","GR","F","administrative region","37.7891384","20.7900896"
"5464","North Aegean","85","GR","K","administrative region","38.7645361","24.7011328"
"2119","Peloponnese","85","GR","J","administrative region","37.363372","22.2394984"
"2118","South Aegean","85","GR","L","administrative region","37.1501031","25.4550768"
"5463","Thessaly","85","GR","E","administrative region","39.5775845","21.4078368"
"2096","West Greece","85","GR","G","administrative region","38.2529473","21.7117625"
"2108","West Macedonia","85","GR","C","administrative region","40.3870919","21.4412445"
"5379","Avannaata","86","GL","AV","municipality","76.5049265","-56.2911976"
"5380","Kujalleq","86","GL","KU","municipality","61","-45"
"5381","Qeqertalik","86","GL","QT","municipality","68.8249553","-54.7622472"
"5382","Qeqqata","86","GL","QE","municipality","66.5","-48"
"5383","Sermersooq","86","GL","SM","municipality","66","-40"
"3867","Carriacou","87","GD","10","dependency","12.4829985","-61.4448436"
"3865","Saint Andrew","87","GD","01","parish","12.1111935","-61.6865971"
"3869","Saint David","87","GD","02","parish","12.0428069","-61.6778988"
"3864","Saint George","87","GD","03","parish","12.0535331","-61.751805"
"3868","Saint John","87","GD","04","parish","12.1444029","-61.7121841"
"3866","Saint Mark","87","GD","05","parish","12.1886437","-61.6954355"
"3863","Saint Patrick","87","GD","06","parish","12.2102986","-61.6350539"
"5384","Basse-Terre","88","GP","01","district","16.0000778","-61.7333373"
"5385","Pointe-à-Pitre","88","GP","02","district","16.2408636","-61.5334077"
"5254","Agana Heights","89","GU","01","village","13.4655441","144.7465714"
"5255","Asan-Maina","89","GU","02","village","13.4776472","144.7308588"
"5256","Barrigada","89","GU","03","village","13.4694092","144.80106"
"5257","Chalan Pago-Ordot","89","GU","04","village","13.441372","144.7670241"
"5258","Dededo","89","GU","05","village","13.519054","144.8378388"
"5259","Hågat","89","GU","06","village","13.384761","144.6580714"
"5265","Hagåtña","89","GU","12","village","13.4748148","144.7516191"
"5261","Inarajan (Inalåhan)","89","GU","08","village","13.2797664","144.7432266"
"5263","Mangilao","89","GU","10","village","13.4439915","144.8050528"
"5262","Merizo (Malesso)","89","GU","09","village","13.2682975","144.6726106"
"5264","Mongmong-Toto-Maite","89","GU","11","village","13.4674318","144.7680282"
"5266","Piti","89","GU","13","village","13.4647446","144.6876982"
"5267","Santa Rita (Sånta Rita-Sumai)","89","GU","14","village","13.3867874","144.6664227"
"5268","Sinajana","89","GU","15","village","13.4609486","144.7461208"
"5269","Talofofo (Talo'fo'fo)","89","GU","16","village","13.353904","144.7532932"
"5270","Tamuning","89","GU","17","village","13.4944762","144.7804582"
"5260","Umatac (Humåtak)","89","GU","07","village","13.2945777","144.6538283"
"5271","Yigo","89","GU","18","village","13.5379424","144.8984955"
"5272","Yona","89","GU","19","village","13.41376","144.774413"
"3671","Alta Verapaz","90","GT","16","department","15.5949705","-90.0918031"
"3674","Baja Verapaz","90","GT","15","department","15.1170798","-90.4109616"
"3675","Chimaltenango","90","GT","04","department","14.6539748","-90.9272741"
"3666","Chiquimula","90","GT","20","department","14.8005709","-89.5459173"
"3662","El Progreso","90","GT","02","department","14.9100436","-90.0682728"
"3677","Escuintla","90","GT","05","department","14.1921287","-91.0263791"
"3672","Guatemala","90","GT","01","department","14.6416142","-90.5132836"
"3670","Huehuetenango","90","GT","13","department","15.606418","-91.6442217"
"3659","Izabal","90","GT","18","department","15.5700584","-88.9829247"
"3658","Jalapa","90","GT","21","department","14.6344164","-89.9897996"
"3673","Jutiapa","90","GT","22","department","14.1476859","-89.8872508"
"3669","Petén","90","GT","17","department","16.8317906","-90.0450637"
"3668","Quetzaltenango","90","GT","09","department","14.8594641","-91.5931586"
"3657","Quiché","90","GT","14","department","15.4381786","-91.0075186"
"3664","Retalhuleu","90","GT","11","department","14.5359621","-91.6780651"
"3676","Sacatepéquez","90","GT","03","department","14.5531759","-90.7547018"
"3667","San Marcos","90","GT","12","department","14.9533135","-91.9120444"
"3665","Santa Rosa","90","GT","06","department","14.1501523","-90.3508818"
"3661","Sololá","90","GT","07","department","14.7039412","-91.282818"
"3660","Suchitepéquez","90","GT","10","department","14.3740226","-91.3650139"
"3663","Totonicapán","90","GT","08","department","14.9173402","-91.3613923"
"5239","Zacapa","90","GT","19","department","14.9707219","-89.5297411"
"5389","Alderney","91","GG","04","parish","49.7168911","-2.1971694"
"5386","Castel","91","GG","01","parish","49.4677402","-2.5913459"
"5387","Forest","91","GG","02","parish","49.4312917","-2.5927968"
"5392","Sark","91","GG","07","parish","49.4283373","-2.3599394"
"5388","St Andrew","91","GG","03","parish","49.4499006","-2.5688225"
"5390","St Martin","91","GG","05","parish","49.4373488","-2.555524"
"5391","St Peter Port","91","GG","06","parish","49.4568142","-2.5389979"
"5393","St Pierre du Bois","91","GG","08","parish","49.4395995","-2.6408963"
"5394","St Sampson","91","GG","09","parish","49.4817273","-2.5388395"
"5395","St Saviour","91","GG","10","parish","49.4491648","-2.6213557"
"5396","Torteval","91","GG","11","parish","49.4302321","-2.6638621"
"5397","Vale","91","GG","12","parish","49.495456","-2.5225087"
"2672","Beyla","92","GN","BE","prefecture","8.909432","-8.3674755"
"2699","Boffa","92","GN","BF","prefecture","10.1808254","-14.0391615"
"2676","Boké","92","GN","B","administrative region","11.3406898","-13.9440724"
"2709","Boké","92","GN","BK","prefecture","11.3406898","-13.9440724"
"2686","Conakry","92","GN","C","governorate","9.5170602","-13.6998434"
"2705","Coyah","92","GN","CO","prefecture","9.709041","-13.388956"
"2679","Dabola","92","GN","DB","prefecture","10.742172","-11.106486"
"2706","Dalaba","92","GN","DL","prefecture","10.6868176","-12.2490697"
"2688","Dinguiraye","92","GN","DI","prefecture","11.5325439","-10.6727268"
"2681","Dubréka","92","GN","DU","prefecture","9.7907348","-13.5147735"
"5344","Faranah","92","GN","F","administrative region","10.3143203","-10.890097"
"2682","Faranah","92","GN","FA","prefecture","10.042493","-10.740824"
"2683","Forécariah","92","GN","FO","prefecture","9.4300088","-13.0833859"
"2675","Fria","92","GN","FR","prefecture","10.3674543","-13.5841871"
"2685","Gaoual","92","GN","GA","prefecture","11.7243435","-13.2477875"
"2711","Guéckédou","92","GN","GU","prefecture","8.5649688","-10.1311163"
"2704","Kankan","92","GN","KA","prefecture","10.3835169","-9.3069354"
"2697","Kankan","92","GN","K","administrative region","10.3835169","-9.3069354"
"2710","Kérouané","92","GN","KE","prefecture","9.2705687","-9.0076196"
"2701","Kindia","92","GN","D","administrative region","10.0368","-12.8260215"
"2693","Kindia","92","GN","KD","prefecture","10.0368","-12.8260215"
"2691","Kissidougou","92","GN","KS","prefecture","9.192389","-10.098269"
"2692","Koubia","92","GN","KB","prefecture","11.582354","-11.8920237"
"2703","Koundara","92","GN","KN","prefecture","12.485154","-13.298509"
"2695","Kouroussa","92","GN","KO","prefecture","10.6489229","-9.8850586"
"2680","Labé","92","GN","LA","prefecture","11.3541939","-12.3463875"
"2677","Labé","92","GN","L","administrative region","11.3232042","-12.2891314"
"2690","Lélouma","92","GN","LE","prefecture","11.4257233","-12.6828521"
"2708","Lola","92","GN","LO","prefecture","8.0166961","-8.3078426"
"2702","Macenta","92","GN","MC","prefecture","8.2948292","-9.2094463"
"2700","Mali","92","GN","ML","prefecture","12.0420493","-12.2623061"
"2698","Mamou","92","GN","M","administrative region","10.6619269","-12.1139542"
"2689","Mamou","92","GN","MM","prefecture","10.6619269","-12.1139542"
"2673","Mandiana","92","GN","MD","prefecture","10.6172827","-8.6985716"
"2684","Nzérékoré","92","GN","N","administrative region","7.8932884","-8.8812922"
"2678","Nzérékoré","92","GN","NZ","prefecture","7.8932884","-8.8812922"
"2694","Pita","92","GN","PI","prefecture","10.8994295","-12.636091"
"2707","Siguiri","92","GN","SI","prefecture","11.4148113","-9.1788304"
"2687","Télimélé","92","GN","TE","prefecture","10.9089364","-13.0299331"
"2696","Tougué","92","GN","TO","prefecture","11.4394566","-11.6629484"
"2674","Yomou","92","GN","YO","prefecture","7.5696279","-9.2591571"
"2720","Bafatá","93","GW","BA","region","12.1735243","-14.652952"
"2714","Biombo","93","GW","BM","region","11.8816758","-15.7784496"
"5553","Bissau","93","GW","BS","autonomous sector","11.85","-15.56666667"
"2722","Bolama","93","GW","BL","region","11.2795064","-16.0294425"
"2713","Cacheu","93","GW","CA","region","12.1954331","-16.0991895"
"2719","Gabú","93","GW","GA","region","12.1170351","-14.1762506"
"2721","Leste","93","GW","L","province","12.17","-14.37"
"2717","Norte","93","GW","N","province","7.8721811","123.8857747"
"2718","Oio","93","GW","OI","region","12.2876092","-15.3387658"
"2715","Quinara","93","GW","QU","region","11.6340114","-15.0952685"
"2716","Sul","93","GW","S","province","11.4088213","-16.0042494"
"2712","Tombali","93","GW","TO","region","11.2981082","-15.1170104"
"2764","Barima-Waini","94","GY","BA","region","7.7559147","-59.7179022"
"2760","Cuyuni-Mazaruni","94","GY","CU","region","6.188854","-59.849737"
"2767","Demerara-Mahaica","94","GY","DE","region","6.4547883","-58.1280676"
"2766","East Berbice-Corentyne","94","GY","EB","region","3.8972611","-58.1383925"
"2768","Essequibo Islands-West Demerara","94","GY","ES","region","6.8777848","-58.3114218"
"2762","Mahaica-Berbice","94","GY","MA","region","6.2766898","-57.82391"
"2765","Pomeroon-Supenaam","94","GY","PM","region","7.2049548","-58.8295641"
"2761","Potaro-Siparuni","94","GY","PT","region","4.8622287","-59.4193612"
"2763","Upper Demerara-Berbice","94","GY","UD","region","5.5612677","-58.154152"
"2769","Upper Takutu-Upper Essequibo","94","GY","UT","region","2.8449628","-58.9784823"
"4123","Artibonite","95","HT","AR","department","19.3366225","-72.4924346"
"4125","Centre","95","HT","CE","department","18.9908235","-71.9943985"
"4119","Grand'Anse","95","HT","GA","department","18.5304144","-74.1511463"
"4118","Nippes","95","HT","NI","department","18.4420426","-73.3913782"
"4117","Nord","95","HT","ND","department","19.6258245","-72.2699286"
"4121","Nord-Est","95","HT","NE","department","19.5178468","-71.8728225"
"4126","Nord-Ouest","95","HT","NO","department","19.8469434","-73.0589966"
"4120","Ouest","95","HT","OU","department","18.7668687","-72.4387315"
"4122","Sud","95","HT","SD","department","18.2612839","-73.8444985"
"4124","Sud-Est","95","HT","SE","department","18.2973566","-72.3745698"
"4047","Atlántida","97","HN","AT","department","15.8172492","-87.1146935"
"4045","Bay Islands","97","HN","IB","department","16.3217674","-86.1786833"
"4041","Choluteca","97","HN","CH","department","13.3014081","-87.1842323"
"4051","Colón","97","HN","CL","department","15.7149552","-85.7023584"
"4042","Comayagua","97","HN","CM","department","14.5525837","-87.6903154"
"4049","Copán","97","HN","CP","department","14.8958685","-88.9255812"
"4046","Cortés","97","HN","CR","department","15.4784073","-88.0343858"
"4043","El Paraíso","97","HN","EP","department","13.9619941","-86.5627921"
"4052","Francisco Morazán","97","HN","FM","department","14.3430478","-87.1141957"
"4048","Gracias a Dios","97","HN","GD","department","15.4333305","-84.148687"
"4044","Intibucá","97","HN","IN","department","14.3121375","-88.1780847"
"4058","La Paz","97","HN","LP","department","14.1284089","-87.9615276"
"4054","Lempira","97","HN","LE","department","14.4556602","-88.6188558"
"4056","Ocotepeque","97","HN","OC","department","14.4759433","-89.0365633"
"4050","Olancho","97","HN","OL","department","14.8211028","-85.9549881"
"4053","Santa Bárbara","97","HN","SB","department","15.0960558","-88.3673692"
"4055","Valle","97","HN","VA","department","13.5110996","-87.5472925"
"4057","Yoro","97","HN","YO","department","15.2994474","-87.2916981"
"4889","Central and Western","98","HK","HCW","district","22.28666","114.15497"
"4891","Eastern","98","HK","HEA","district","22.28411","114.22414"
"4888","Islands","98","HK","NIS","district","22.26114","113.94608"
"4895","Kowloon City","98","HK","KKC","district","22.3282","114.19155"
"4898","Kwai Tsing","98","HK","NKT","district","22.3634303","114.1229825"
"4897","Kwun Tong","98","HK","KKT","district","22.31326","114.22581"
"4900","North","98","HK","NNO","district","22.49471","114.13812"
"4887","Sai Kung","98","HK","NSK","district","21.6730519","108.3954313"
"4901","Sha Tin","98","HK","NST","district","22.38715","114.19534"
"4894","Sham Shui Po","98","HK","KSS","district","22.2357383","114.1698162"
"4892","Southern","98","HK","HSO","district","22.24725","114.15884"
"4885","Tai Po","98","HK","NTP","district","22.45085","114.16422"
"4884","Tsuen Wan","98","HK","NTW","district","22.36281","114.12907"
"4899","Tuen Mun","98","HK","NTM","district","22.39163","113.9770885"
"4890","Wan Chai","98","HK","HWC","district","22.264499","114.1898216"
"4896","Wong Tai Sin","98","HK","KWT","district","22.33353","114.19686"
"4893","Yau Tsim Mong","98","HK","KYT","district","22.32138","114.1726"
"4883","Yuen Long","98","HK","NYL","district","22.4487051","114.0958704"
"1048","Bács-Kiskun","99","HU","BK","county","46.5809294","19.5128532"
"1055","Baranya","99","HU","BA","county","45.9714436","18.1669246"
"1060","Békés","99","HU","BE","county","46.7717431","21.1325877"
"1036","Békéscsaba","99","HU","BC","city with county rights","46.6798003","21.0985425"
"1058","Borsod-Abaúj-Zemplén","99","HU","BZ","county","48.2397936","21.1353474"
"1064","Budapest","99","HU","BU","capital city","47.497912","19.040235"
"1031","Csongrád County","99","HU","CS","county","46.2607525","20.1484568"
"1032","Debrecen","99","HU","DE","city with county rights","47.5316049","21.6273124"
"1049","Dunaújváros","99","HU","DU","city with county rights","46.9619059","18.9355227"
"1037","Eger","99","HU","EG","city with county rights","47.9025348","20.3772284"
"1028","Érd","99","HU","ER","city with county rights","47.3772495","18.9213833"
"1044","Fejér County","99","HU","FE","county","47.1217932","18.5294815"
"1041","Győr","99","HU","GY","city with county rights","47.687609","17.6346815"
"1042","Győr-Moson-Sopron County","99","HU","GS","county","47.6509285","17.2505883"
"1063","Hajdú-Bihar County","99","HU","HB","county","47.4688355","21.5453227"
"1040","Heves County","99","HU","HE","county","47.8057617","20.2038559"
"1027","Hódmezővásárhely","99","HU","HV","city with county rights","46.4181262","20.3300315"
"1043","Jász-Nagykun-Szolnok County","99","HU","JN","county","47.2555579","20.5232456"
"1067","Kaposvár","99","HU","KV","city with county rights","46.3593606","17.7967639"
"1056","Kecskemét","99","HU","KM","city with county rights","46.9073883","19.6917206"
"5085","Komárom-Esztergom","99","HU","KE","county","47.6511599","18.2551911"
"1065","Miskolc","99","HU","MI","city with county rights","48.1034775","20.7784384"
"1030","Nagykanizsa","99","HU","NK","city with county rights","46.4590218","16.9896796"
"1051","Nógrád County","99","HU","NO","county","47.9041031","19.0498504"
"1034","Nyíregyháza","99","HU","NY","city with county rights","47.9495324","21.7244053"
"1053","Pécs","99","HU","PS","city with county rights","46.0727345","18.232266"
"1059","Pest County","99","HU","PE","county","47.4480001","19.4618128"
"1068","Salgótarján","99","HU","ST","city with county rights","48.0935237","19.7999813"
"1035","Somogy County","99","HU","SO","county","46.554859","17.5866732"
"1057","Sopron","99","HU","SN","city with county rights","47.6803063","16.5983457"
"1045","Szabolcs-Szatmár-Bereg County","99","HU","SZ","county","48.0394954","22.00333"
"1029","Szeged","99","HU","SD","city with county rights","46.2530102","20.1414253"
"1033","Székesfehérvár","99","HU","SF","city with county rights","47.1910169","18.410811"
"1061","Szekszárd","99","HU","SS","city with county rights","46.3474326","18.7062293"
"1047","Szolnok","99","HU","SK","city with county rights","47.1753833","20.1946279"
"1052","Szombathely","99","HU","SH","city with county rights","47.2306851","16.6218441"
"1066","Tatabánya","99","HU","TB","city with county rights","47.583845","18.3979855"
"1038","Tolna County","99","HU","TO","county","46.4762754","18.5570627"
"1039","Vas County","99","HU","VA","county","47.0929111","16.6812183"
"1062","Veszprém","99","HU","VM","city with county rights","47.0933824","17.9080406"
"1054","Veszprém County","99","HU","VE","county","47.0930974","17.9100763"
"1046","Zala County","99","HU","ZA","county","46.7900881","16.9339428"
"1050","Zalaegerszeg","99","HU","ZE","county","46.8416936","16.8416322"
"5554","Akranes","100","IS","AKN","municipality","64.32","-22.08"
"5555","Akureyri","100","IS","AKU","municipality","65.68","-18.1"
"5599","Árborg","100","IS","SFA","municipality","63.9","-20.88"
"5556","Árneshreppur","100","IS","ARN","municipality","66.08","-21.5"
"5557","Ásahreppur","100","IS","ASA","municipality","63.95","-21.5"
"5558","Bláskógabyggð","100","IS","BLA","municipality","64.23","-20.27"
"5560","Bolungarvík","100","IS","BOL","municipality","66.15","-23.26"
"5559","Borgarbyggð","100","IS","BOG","municipality","64.75","-21.67"
"3431","Capital","100","IS","1","region","64.1727137","-21.5667575"
"5561","Dalabyggð","100","IS","DAB","municipality","65.25","-21.83"
"5562","Dalvíkurbyggð","100","IS","DAV","municipality","65.97","-18.53"
"3433","Eastern","100","IS","7","region","65.1940668","-15.0924209"
"5563","Eyja- og Miklaholtshreppur","100","IS","EOM","municipality","64.72","-22.65"
"5564","Eyjafjarðarsveit","100","IS","EYF","municipality","65.63","-18.25"
"5566","Fjallabyggð","100","IS","FJL","municipality","66.05","-18.9"
"5565","Fjarðabyggð","100","IS","FJD","municipality","64.93","-14.3"
"5568","Fljótsdalshreppur","100","IS","FLR","municipality","65.25","-14.83"
"5567","Flóahreppur","100","IS","FLA","municipality","63.93","-20.68"
"5569","Garðabær","100","IS","GAR","municipality","64.09","-21.93"
"5570","Grímsnes- og Grafningshreppur","100","IS","GOG","municipality","64.07","-20.88"
"5571","Grindavík","100","IS","GRN","municipality","63.84","-22.43"
"5572","Grundarfjörður","100","IS","GRU","municipality","64.93","-23.25"
"5573","Grýtubakkahreppur","100","IS","GRY","municipality","65.72","-17.57"
"5574","Hafnarfjörður","100","IS","HAF","municipality","64.07","-21.95"
"5575","Hörðarsveit","100","IS","HRG","municipality","64.6","-21.15"
"5600","Hornafjörður","100","IS","SHF","municipality","64.25","-15.2"
"5576","Hrunamannahreppur","100","IS","HRU","municipality","64.07","-20.35"
"5577","Húnabyggð","100","IS","HUG","municipality","65.75","-20.83"
"5578","Húnaþing vestra","100","IS","HUV","municipality","65.6","-21.25"
"5579","Hvalfjarðarsveit","100","IS","HVA","municipality","64.4","-21.45"
"5580","Hveragerði","100","IS","HVE","municipality","64","-21.18"
"5581","Ísafjörður","100","IS","ISA","municipality","66.07","-23.13"
"5582","Kaldrananeshreppur","100","IS","KAL","municipality","65.97","-23.48"
"5583","Kjósarhreppur","100","IS","KJO","municipality","64.23","-21.47"
"5584","Kópavogur","100","IS","KOP","municipality","64.11","-21.91"
"5585","Langanesbyggð","100","IS","LAN","municipality","66.3","-14.95"
"5586","Mosfellsbær","100","IS","MOS","municipality","64.17","-21.4"
"5587","Múlaþing","100","IS","MUL","municipality","65.25","-14.55"
"5588","Mýrdalshreppur","100","IS","MYR","municipality","63.47","-18.87"
"5589","Norðurþing","100","IS","NOR","municipality","66.05","-17.35"
"3437","Northeastern","100","IS","6","region","65.4735997","-17.4433339"
"3435","Northwestern","100","IS","5","region","65.4622189","-19.8471016"
"5607","Ölfus","100","IS","SOL","municipality","63.93","-21.07"
"5590","Rangárþing eystra","100","IS","RGE","municipality","63.88","-20.05"
"5591","Rangárþing ytra","100","IS","RGY","municipality","63.82","-20.42"
"5592","Reykhólahreppur","100","IS","RHH","municipality","65.45","-22.18"
"5593","Reykjanesbær","100","IS","RKN","municipality","63.98","-22.55"
"5594","Reykjavík","100","IS","RKV","municipality","64.13","-21.9"
"5598","Seltjarnarnes","100","IS","SEL","municipality","64.16","-22.01"
"5601","Skaftárhreppur","100","IS","SKF","municipality","63.87","-18.07"
"5602","Skagabyggð","100","IS","SKG","municipality","65.85","-20.5"
"5604","Skagafjörður","100","IS","SKR","municipality","65.73","-19.5"
"5608","Skagaströnd","100","IS","SSS","municipality","65.83","-20.3"
"5606","Skeiða- og Gnúpverjahreppur","100","IS","SOG","municipality","64.03","-20.5"
"5603","Skorradalshreppur","100","IS","SKO","municipality","64.7","-21.35"
"5605","Snæfellsbær","100","IS","SNF","municipality","64.88","-23.73"
"3434","Southern","100","IS","8","region","63.9415014","-22.2018627"
"3430","Southern Peninsula","100","IS","2","region","63.9415014","-22.2018627"
"5609","Strandabyggð","100","IS","STR","municipality","65.58","-21.63"
"5610","Stykkishólmur","100","IS","STY","municipality","65.08","-22.73"
"5597","Súðavík","100","IS","SDV","municipality","66.05","-23.13"
"5596","Suðurnesjabær","100","IS","SDN","municipality","63.87","-22.08"
"5595","Svalbardsstrandarhreppur","100","IS","SBT","municipality","65.27","-21.17"
"5612","Tálknafjarðarhreppur","100","IS","TAL","municipality","65.63","-23.78"
"5614","Tjörneshreppur","100","IS","TJO","municipality","66.2","-17.05"
"5615","Vestmannaeyjar","100","IS","VEM","municipality","63.44","-20.27"
"5616","Vesturbyggð","100","IS","VER","municipality","65.52","-24.02"
"5611","Vogar","100","IS","SVG","municipality","63.98","-22.38"
"5617","Vopnafjarðarhreppur","100","IS","VOP","municipality","65.75","-14.83"
"3436","Western","100","IS","3","region","52.6241496","-1.153756"
"3432","Westfjords","100","IS","4","region","65.9082049","-21.8078883"
"5613","Þingeyjarsveit","100","IS","THG","municipality","65.87","-17.08"
"4023","Andaman and Nicobar Islands","101","IN","AN","union territory","12.6112387","92.8316541"
"4017","Andhra Pradesh","101","IN","AP","state","15.9240905","80.1863809"
"4024","Arunachal Pradesh","101","IN","AR","state","28.0937702","94.5921326"
"4027","Assam","101","IN","AS","state","26.4073841","93.2551303"
"4037","Bihar","101","IN","BR","state","25.6440845","85.906508"
"4031","Chandigarh","101","IN","CH","union territory","30.7333148","76.7794179"
"4040","Chhattisgarh","101","IN","CT","state","21.6637359","81.8406351"
"4033","Dadra and Nagar Haveli and Daman and Diu","101","IN","DH","union territory","20.7181749","70.9323834"
"4021","Delhi","101","IN","DL","union territory","28.6328027","77.2197713"
"4009","Goa","101","IN","GA","state","15.3004543","74.0855134"
"4030","Gujarat","101","IN","GJ","state","22.3850051","71.745261"
"4007","Haryana","101","IN","HR","state","29","76"
"4020","Himachal Pradesh","101","IN","HP","state","31.9292352","77.1828462"
"4029","Jammu and Kashmir","101","IN","JK","union territory","33.6649297","75.1629584"
"4025","Jharkhand","101","IN","JH","state","23.4559809","85.2557301"
"4026","Karnataka","101","IN","KA","state","14.5203896","75.7223521"
"4028","Kerala","101","IN","KL","state","10.3528744","76.5120396"
"4852","Ladakh","101","IN","LA","union territory","33.9456407","77.6568576"
"4019","Lakshadweep","101","IN","LD","union territory","10.3337313","72.9205386"
"4039","Madhya Pradesh","101","IN","MP","state","23.8143419","77.5340719"
"4008","Maharashtra","101","IN","MH","state","18.9068356","75.6741579"
"4010","Manipur","101","IN","MN","state","24.7208818","93.9229386"
"4006","Meghalaya","101","IN","ML","state","25.5379432","91.2999102"
"4036","Mizoram","101","IN","MZ","state","23.2146169","92.8687612"
"4018","Nagaland","101","IN","NL","state","26.1630556","94.5884911"
"4013","Odisha","101","IN","OR","state","20.5431241","84.6897321"
"4011","Puducherry","101","IN","PY","union territory","11.9340568","79.8306447"
"4015","Punjab","101","IN","PB","state","30.9293211","75.5004841"
"4014","Rajasthan","101","IN","RJ","state","26.8105777","73.7684549"
"4034","Sikkim","101","IN","SK","state","27.601029","88.4541364"
"4035","Tamil Nadu","101","IN","TN","state","10.9094334","78.3665347"
"4012","Telangana","101","IN","TG","state","17.8495919","79.1151663"
"4038","Tripura","101","IN","TR","state","23.7750823","91.7025091"
"4022","Uttar Pradesh","101","IN","UP","state","27.1303344","80.859666"
"4016","Uttarakhand","101","IN","UK","state","30.0417376","79.089691"
"4853","West Bengal","101","IN","WB","state","22.9964948","87.6855882"
"1822","Aceh","102","ID","AC","province","4.3685491","97.0253024"
"1826","Bali","102","ID","BA","province","-8.2271303","115.1919203"
"1810","Banten","102","ID","BT","province","-6.4453801","106.1375586"
"1793","Bengkulu","102","ID","BE","province","-3.7928451","102.2607641"
"1829","DI Yogyakarta","102","ID","YO","Special region","-7.9778384","110.3672257"
"1805","DKI Jakarta","102","ID","JK","capital district","-6.1754049","106.827168"
"1812","Gorontalo","102","ID","GO","province","0.5435442","123.0567693"
"1815","Jambi","102","ID","JA","province","-1.6296917","103.6077806"
"5618","Jawa","102","ID","JW","geographical unit","-7.49166667","110.00444444"
"1825","Jawa Barat","102","ID","JB","province","-6.8891904","107.6404716"
"1802","Jawa Tengah","102","ID","JT","province","-7.3032412","110.0044145"
"1827","Jawa Timur","102","ID","JI","province","-7.6977397","112.4914199"
"5619","Kalimantan","102","ID","KA","geographical unit","-1","114"
"1806","Kalimantan Barat","102","ID","KB","province","-0.1322387","111.0968901"
"1819","Kalimantan Selatan","102","ID","KS","province","-2.9285686","115.3700718"
"1794","Kalimantan Tengah","102","ID","KT","province","-1.499583","113.2903307"
"1804","Kalimantan Timur","102","ID","KI","province","0.7884397","116.2419977"
"1824","Kalimantan Utara","102","ID","KU","province","3.0235817","116.2049306"
"1820","Kepulauan Bangka Belitung","102","ID","BB","province","-2.7052886","106.3585607"
"1807","Kepulauan Riau","102","ID","KR","province","-0.1547846","104.5803745"
"1811","Lampung","102","ID","LA","province","-4.8555039","105.0272986"
"5620","Maluku","102","ID","ML","geographical unit","-3","129"
"1800","Maluku","102","ID","MA","province","-3.118837","129.4207759"
"1801","Maluku Utara","102","ID","MU","province","0.6301215","127.9720219"
"5621","Nusa Tenggara","102","ID","NU","geographical unit","-8.5","120"
"1814","Nusa Tenggara Barat","102","ID","NB","province","-8.7892855","117.146169"
"1818","Nusa Tenggara Timur","102","ID","NT","province","-8.5656787","120.6978581"
"1798","Papua","102","ID","PA","province","-2.4749149","138.08485"
"5622","Papua","102","ID","PP","geographical unit","-4","136"
"1799","Papua Barat","102","ID","PB","province","-2.8553556","133.4738171"
"5238","Papua Barat Daya","102","ID","PD","province","-1.09856","131.3525336"
"5236","Papua Pegunungan","102","ID","PE","province","-4.2478013","139.3725476"
"5237","Papua Selatan","102","ID","PS","province","-6.5008882","139.3835339"
"5235","Papua Tengah","102","ID","PT","province","-3.8642437","136.37328"
"1809","Riau","102","ID","RI","province","1.0498079","101.6548433"
"5623","Sulawesi","102","ID","SL","geographical unit","-2","121"
"1817","Sulawesi Barat","102","ID","SR","province","-2.4974546","119.3918955"
"1795","Sulawesi Selatan","102","ID","SN","province","-3.6446718","119.9471906"
"1813","Sulawesi Tengah","102","ID","ST","province","-1.6937786","120.8088555"
"1796","Sulawesi Tenggara","102","ID","SG","province","-3.5491199","121.7279646"
"1808","Sulawesi Utara","102","ID","SA","province","0.6555692","124.090151"
"5624","Sumatera","102","ID","SM","geographical unit","0","102"
"1828","Sumatera Barat","102","ID","SB","province","-0.5827529","100.6133379"
"1816","Sumatera Selatan","102","ID","SS","province","-3.2193103","104.4075059"
"1792","Sumatera Utara","102","ID","SU","province","2.1923519","99.3812201"
"3929","Alborz","103","IR","30","province","35.9413239","50.7884216"
"3934","Ardabil","103","IR","24","province","38.4583983","47.9313001"
"3932","Bushehr","103","IR","18","province","28.8936645","51.3204877"
"3921","Chaharmahal and Bakhtiari","103","IR","14","province","32.0163307","50.685709"
"3944","East Azerbaijan","103","IR","03","province","37.9160365","46.6781589"
"3939","Fars","103","IR","07","province","29.299051","53.218456"
"3920","Gilan","103","IR","01","province","37.1515627","49.6389743"
"3933","Golestan","103","IR","27","province","37.1984436","55.070672"
"4920","Hamadan","103","IR","13","province","34.7992888","48.5152464"
"3937","Hormozgan","103","IR","22","province","27.7198095","56.335807"
"3918","Ilam","103","IR","16","province","33.1545696","46.7576343"
"3923","Isfahan","103","IR","10","province","33.1881386","52.4981635"
"3943","Kerman","103","IR","08","province","29.571858","57.301047"
"3919","Kermanshah","103","IR","05","province","34.486732","46.808727"
"3917","Khuzestan","103","IR","06","province","31.5563051","49.0058885"
"3926","Kohgiluyeh and Boyer-Ahmad","103","IR","17","province","30.8143476","50.8661454"
"3935","Kurdistan","103","IR","12","province","35.6727813","47.0127981"
"3928","Lorestan","103","IR","15","province","33.5368206","48.2443945"
"3916","Markazi","103","IR","00","province","34.5302705","49.7864561"
"3938","Mazandaran","103","IR","02","province","36.3159159","51.8968597"
"3942","North Khorasan","103","IR","28","province","37.5378855","56.9526137"
"3941","Qazvin","103","IR","26","province","36.0156291","49.8398161"
"3922","Qom","103","IR","25","province","34.6415764","50.8746035"
"3927","Razavi Khorasan","103","IR","09","province","35.4795009","59.0237291"
"3940","Semnan","103","IR","20","province","35.3843145","54.6209302"
"3931","Sistan and Baluchestan","103","IR","11","province","28.1292481","60.8236848"
"3930","South Khorasan","103","IR","29","province","33.129577","58.1065069"
"3945","Tehran","103","IR","23","province","35.6892523","51.3896004"
"3924","West Azarbaijan","103","IR","04","province","38.4942731","44.3204853"
"3936","Yazd","103","IR","21","province","31.9052223","54.3701235"
"3925","Zanjan","103","IR","19","province","36.515854","48.4777616"
"3964","Al Anbar","104","IQ","AN","governorate","32.7889443","41.6093983"
"3958","Al Muthanna","104","IQ","MU","governorate","30.5923739","45.2916041"
"3956","Al-Qādisiyyah","104","IQ","QA","governorate","31.9599617","45.1197814"
"3955","Babylon","104","IQ","BB","governorate","32.6319335","44.5629362"
"3959","Baghdad","104","IQ","BG","governorate","33.3061701","44.3872213"
"3960","Basra","104","IQ","BA","governorate","30.4952371","47.8090981"
"3954","Dhi Qar","104","IQ","DQ","governorate","31.2857941","46.3068347"
"3965","Diyala","104","IQ","DI","governorate","34.0228719","45.1046224"
"3967","Dohuk","104","IQ","DA","governorate","36.8542598","42.9924528"
"3968","Erbil","104","IQ","AR","governorate","36.5479007","44.4788356"
"5625","Iqlim Kurdistan","104","IQ","KR","region","36.18333333","44"
"3957","Karbala","104","IQ","KA","governorate","32.4511703","43.8196617"
"3971","Kirkuk","104","IQ","KI","governorate","35.2960094","44.0311953"
"3966","Maysan","104","IQ","MA","governorate","32.0182542","47.0695957"
"3962","Najaf","104","IQ","NA","governorate","31.338353","43.8411337"
"3963","Nineveh","104","IQ","NI","governorate","36.0367935","42.3168623"
"3961","Saladin","104","IQ","SD","governorate","34.376222","43.6446504"
"3969","Sulaymaniyah","104","IQ","SU","governorate","35.5574725","45.435202"
"3970","Wasit","104","IQ","WA","governorate","32.6944827","45.6848009"
"1095","Carlow","105","IE","CW","county","52.6907887","-6.8251452"
"1088","Cavan","105","IE","CN","county","53.9911042","-7.3603119"
"1091","Clare","105","IE","CE","county","53.3454937","-8.9860534"
"1087","Connacht","105","IE","C","province","53.7210278","-8.925256"
"1074","Cork","105","IE","CO","county","51.8985143","-8.4756035"
"1071","Donegal","105","IE","DL","county","54.6548993","-8.1040967"
"1072","Dublin","105","IE","D","county","53.3498053","-6.2603097"
"1079","Galway","105","IE","G","county","53.2744122","-9.0490601"
"1077","Kerry","105","IE","KY","county","52.1453345","-9.5174011"
"1082","Kildare","105","IE","KE","county","53.1543645","-6.8184423"
"1090","Kilkenny","105","IE","KK","county","52.5687098","-7.1889831"
"1096","Laois","105","IE","LS","county","52.9984575","-7.3980338"
"1073","Leinster","105","IE","L","province","53.118465","-6.9918183"
"5345","Leitrim","105","IE","LM","county","54.1401622","-8.0524782"
"1094","Limerick","105","IE","LK","county","52.5188316","-8.7958347"
"1076","Longford","105","IE","LD","county","53.7274982","-7.7931527"
"1083","Louth","105","IE","LH","county","53.9062848","-6.5320502"
"1084","Mayo","105","IE","MO","county","53.9087056","-9.2983049"
"1092","Meath","105","IE","MH","county","53.6497514","-6.5884245"
"1075","Monaghan","105","IE","MN","county","54.2492046","-6.9683132"
"1080","Munster","105","IE","M","province","52.3076216","-8.5708973"
"1078","Offaly","105","IE","OY","county","53.1361722","-7.8103408"
"1081","Roscommon","105","IE","RN","county","53.6982695","-8.2182508"
"1070","Sligo","105","IE","SO","county","54.1929861","-8.7305427"
"1069","Tipperary","105","IE","TA","county","52.4737894","-8.1618514"
"1086","Ulster","105","IE","U","province","54.0934659","-7.1989794"
"1089","Waterford","105","IE","WD","county","52.1509131","-7.6577982"
"1097","Westmeath","105","IE","WH","county","53.5577902","-7.3478558"
"1093","Wexford","105","IE","WX","county","52.4601874","-6.6065155"
"1085","Wicklow","105","IE","WW","county","52.9582099","-6.3814208"
"1367","Central","106","IL","M","district","-25.348206","-57.569615"
"1369","Haifa","106","IL","HA","district","32.6304297","34.9800992"
"1370","Jerusalem","106","IL","JM","district","31.7428253","35.064069"
"1366","Northern","106","IL","Z","district","33.0601833","35.2448195"
"1368","Southern","106","IL","D","district","30.6823334","34.8824229"
"1371","Tel Aviv","106","IL","TA","district","32.0929075","34.8072165"
"1679","Abruzzo","107","IT","65","region","42.227681","13.854983"
"1727","Agrigento","107","IT","AG","free municipal consortium","37.3122991","13.57465"
"1783","Alessandria","107","IT","AL","province","44.8349533","8.7450304"
"1672","Ancona","107","IT","AN","province","43.4801189","13.2187279"
"1716","Aosta Valley","107","IT","23","autonomous region","45.730099","7.387426"
"1688","Apulia","107","IT","75","region","40.9842539","16.6210027"
"1761","Arezzo","107","IT","AR","province","43.5171442","11.7639282"
"1681","Ascoli Piceno","107","IT","AP","province","42.8546185","13.5755038"
"1780","Asti","107","IT","AT","province","44.9007652","8.2064315"
"1692","Avellino","107","IT","AV","province","40.9965446","15.140569"
"5626","Bari","107","IT","BA","metropolitan city","41.117143","16.871872"
"1686","Barletta-Andria-Trani","107","IT","BT","province","41.180172","16.1466408"
"1706","Basilicata","107","IT","77","region","40.500571","16.081953"
"1689","Belluno","107","IT","BL","province","46.2805407","12.0789137"
"1701","Benevento","107","IT","BN","province","41.2476307","14.7057054"
"1704","Bergamo","107","IT","BG","province","45.6982642","9.6772698"
"1778","Biella","107","IT","BI","province","45.5628176","8.0582717"
"5627","Bologna","107","IT","BO","metropolitan city","44.494887","11.342621"
"1717","Brescia","107","IT","BS","province","45.5415526","10.2118019"
"1714","Brindisi","107","IT","BR","province","40.6358599","17.6884975"
"5628","Cagliari","107","IT","CA","metropolitan city","39.223804","9.121667"
"1703","Calabria","107","IT","78","region","39.0565974","16.5249864"
"1718","Caltanissetta","107","IT","CL","free municipal consortium","37.486013","14.0614982"
"1669","Campania","107","IT","72","region","40.860672","14.843984"
"1721","Campobasso","107","IT","CB","province","41.7172648","14.8262267"
"1731","Caserta","107","IT","CE","province","41.2035192","14.1168624"
"5629","Catania","107","IT","CT","metropolitan city","37.502878","15.087042"
"1728","Catanzaro","107","IT","CZ","province","38.8299603","16.4315569"
"1739","Chieti","107","IT","CH","province","42.1026928","14.4159053"
"1740","Como","107","IT","CO","province","45.8080416","9.0851793"
"1742","Cosenza","107","IT","CS","province","39.5966853","16.3330556"
"1751","Cremona","107","IT","CR","province","45.2208641","10.037038"
"1754","Crotone","107","IT","KR","province","39.0806223","17.127196"
"1775","Cuneo","107","IT","CN","province","44.4580703","7.5581367"
"1773","Emilia-Romagna","107","IT","45","region","44.525696","11.039437"
"1723","Enna","107","IT","EN","free municipal consortium","37.5676216","14.2795349"
"1744","Fermo","107","IT","FM","province","43.0922489","13.6387681"
"1746","Ferrara","107","IT","FE","province","44.7667642","11.827939"
"5630","Florence","107","IT","FI","metropolitan city","43.769231","11.255884"
"1771","Foggia","107","IT","FG","province","41.5028105","15.4528939"
"1779","Forlì-Cesena","107","IT","FC","province","44.0227193","12.0141036"
"1756","Friuli–Venezia Giulia","107","IT","36","autonomous region","46.151042","13.055904"
"1776","Frosinone","107","IT","FR","province","41.6285468","13.5758498"
"5631","Genoa","107","IT","GE","metropolitan city","44.411491","8.932859"
"1777","Gorizia","107","IT","GO","decentralized regional entity","45.862521","13.4979259"
"1787","Grosseto","107","IT","GR","province","42.7751102","11.2878044"
"1788","Imperia","107","IT","IM","province","43.9583753","7.8667427"
"1789","Isernia","107","IT","IS","province","41.600175","14.2383017"
"1781","L'Aquila","107","IT","AQ","province","42.1368853","13.610341"
"1791","La Spezia","107","IT","SP","province","44.238366","9.6912326"
"1674","Latina","107","IT","LT","province","41.4595261","13.0125912"
"1678","Lazio","107","IT","62","region","41.9808038","12.7662312"
"1675","Lecce","107","IT","LE","province","40.1522173","18.2260628"
"1677","Lecco","107","IT","LC","province","45.9005485","9.4120248"
"1768","Liguria","107","IT","42","region","44.4777617","8.7026296"
"1745","Livorno","107","IT","LI","province","42.7902379","10.3402239"
"1747","Lodi","107","IT","LO","province","45.2613104","9.4916781"
"1705","Lombardy","107","IT","25","region","45.5703694","9.7732524"
"1749","Lucca","107","IT","LU","province","43.8376736","10.495053"
"1750","Macerata","107","IT","MC","province","43.1529781","13.1508822"
"1758","Mantua","107","IT","MN","province","45.1566683","10.7917191"
"1670","Marche","107","IT","57","region","43.3458388","13.1415872"
"1759","Massa and Carrara","107","IT","MS","province","44.0410162","10.1554922"
"1760","Matera","107","IT","MT","province","40.6663496","16.6043636"
"5632","Messina","107","IT","ME","metropolitan city","38.19395","15.552562"
"5633","Milan","107","IT","MI","metropolitan city","45.466794","9.190072"
"1757","Modena","107","IT","MO","province","44.5384728","10.9359609"
"1695","Molise","107","IT","67","region","41.630828","14.492925"
"1769","Monza and Brianza","107","IT","MB","province","45.6395418","9.2788304"
"5634","Naples","107","IT","NA","metropolitan city","40.851777","14.268117"
"1774","Novara","107","IT","NO","province","45.58425","8.545997"
"1790","Nuoro","107","IT","NU","province","40.3210601","9.3297339"
"1786","Oristano","107","IT","OR","province","40.0265676","8.6796416"
"1665","Padua","107","IT","PD","province","45.391408","11.8058487"
"1668","Palermo","107","IT","PA","metropolitan city","38.11569","13.3614868"
"1666","Parma","107","IT","PR","province","44.8015322","10.3279354"
"1676","Pavia","107","IT","PV","province","45.1860043","9.1546375"
"1691","Perugia","107","IT","PG","province","43.1119613","12.3890104"
"1693","Pesaro and Urbino","107","IT","PU","province","43.6130118","12.7135121"
"1694","Pescara","107","IT","PE","province","42.3102619","13.9575901"
"1696","Piacenza","107","IT","PC","province","44.8476352","9.6665313"
"1702","Piedmont","107","IT","21","region","45.060735","7.923549"
"1685","Pisa","107","IT","PI","province","43.7228315","10.4017194"
"1687","Pistoia","107","IT","PT","province","43.9740957","10.8687081"
"1690","Pordenone","107","IT","PN","decentralized regional entity","46.1017367","12.7039028"
"1697","Potenza","107","IT","PZ","province","40.5173119","15.8216088"
"1700","Prato","107","IT","PO","province","43.9357181","11.0941473"
"1729","Ragusa","107","IT","RG","free municipal consortium","36.9269273","14.7255129"
"1707","Ravenna","107","IT","RA","province","44.4184443","12.2035998"
"5635","Reggio Calabria","107","IT","RC","metropolitan city","38.108822","15.643922"
"1708","Reggio Emilia","107","IT","RE","province","44.6086674","10.5940667"
"1712","Rieti","107","IT","RI","province","42.4026569","12.860813"
"1713","Rimini","107","IT","RN","province","44.0678288","12.5695158"
"5636","Rome","107","IT","RM","metropolitan city","41.89277","12.48366"
"1719","Rovigo","107","IT","RO","province","45.0698166","11.78882"
"1720","Salerno","107","IT","SA","province","40.4194416","15.3106085"
"1715","Sardinia","107","IT","88","autonomous region","40.0912813","9.0305773"
"1722","Sassari","107","IT","SS","province","40.7234746","8.5612674"
"1732","Savona","107","IT","SV","province","44.2334238","8.2525727"
"1709","Sicily","107","IT","82","autonomous region","37.587794","14.155048"
"1734","Siena","107","IT","SI","province","43.3185536","11.3316533"
"1667","Siracusa","107","IT","SR","free municipal consortium","37.0656924","15.2857109"
"1741","Sondrio","107","IT","SO","province","46.1713553","9.8734274"
"1730","South Sardinia","107","IT","SU","province","39.3893535","8.9397"
"5639","South Tyrol","107","IT","BZ","autonomous province","46.499335","11.356622"
"1743","Taranto","107","IT","TA","province","40.4712427","17.2432278"
"1752","Teramo","107","IT","TE","province","42.6581179","13.6978746"
"1755","Terni","107","IT","TR","province","42.5641417","12.6405466"
"1733","Trapani","107","IT","TP","free municipal consortium","38.0183116","12.5148265"
"5640","Trentino","107","IT","TN","autonomous province","46.067878","11.121083"
"1725","Trentino-South Tyrol","107","IT","32","autonomous region","46.4995934","11.3553015"
"1762","Treviso","107","IT","TV","province","45.6668517","12.2430617"
"1763","Trieste","107","IT","TS","decentralized regional entity","45.6894823","13.7833072"
"5637","Turin","107","IT","TO","metropolitan city","45.070496","7.686822"
"1664","Tuscany","107","IT","52","region","43.4586541","11.1389204"
"1764","Udine","107","IT","UD","decentralized regional entity","46.145948","13.2974303"
"1683","Umbria","107","IT","55","region","42.965916","12.490236"
"1765","Varese","107","IT","VA","province","45.8397203","8.7541338"
"1753","Veneto","107","IT","34","region","45.6476663","11.8665254"
"5638","Venice","107","IT","VE","metropolitan city","45.434097","12.338906"
"1726","Verbano-Cusio-Ossola","107","IT","VB","province","46.1155755","8.3835967"
"1785","Vercelli","107","IT","VC","province","45.3202204","8.418508"
"1736","Verona","107","IT","VR","province","45.4384958","10.9924122"
"1737","Vibo Valentia","107","IT","VV","province","38.6266556","16.0986935"
"1738","Vicenza","107","IT","VI","province","45.6348591","11.4063543"
"1735","Viterbo","107","IT","VT","province","42.4929522","11.9488136"
"2634","Abidjan","54","CI","AB","autonomous district","5.3599517","-4.0082563"
"2643","Bas-Sassandra","54","CI","BS","district","5.2798356","-6.1526985"
"2654","Comoé","54","CI","CM","district","6.2219079","-4.6072799"
"2644","Denguélé","54","CI","DN","district","48.0707763","-68.5609341"
"2651","Gôh-Djiboua","54","CI","GD","district","5.8711393","-5.5617279"
"2632","Lacs","54","CI","LC","district","48.1980169","-80.4564412"
"2627","Lagunes","54","CI","LG","district","5.8827334","-4.2333355"
"2629","Montagnes","54","CI","MG","district","6.8871664","-9.1070644"
"2648","Sassandra-Marahoué","54","CI","SM","district","6.8803348","-6.2375947"
"2625","Savanes","54","CI","SV","district","9.6373527","-6.7007186"
"2637","Vallée du Bandama","54","CI","VB","district","8.278978","-4.8935627"
"2650","Woroba","54","CI","WR","district","8.2491372","-6.9209135"
"2653","Yamoussoukro","54","CI","YM","autonomous district","6.8276228","-5.2893433"
"2641","Zanzan","54","CI","ZZ","district","8.8207904","-3.4195527"
"3753","Clarendon","108","JM","13","parish","17.9518525","-77.2719277"
"3749","Hanover","108","JM","09","parish","18.3850653","-78.130993"
"3748","Kingston","108","JM","01","parish","17.9712148","-76.7928128"
"3754","Manchester","108","JM","12","parish","18.0499257","-77.5110143"
"3752","Portland","108","JM","04","parish","18.1268206","-76.5374012"
"3751","Saint Andrew","108","JM","02","parish","18.0589648","-76.7607767"
"3744","Saint Ann","108","JM","06","parish","18.32993","-77.2541816"
"3746","Saint Catherine","108","JM","14","parish","18.0471737","-77.0333852"
"3743","Saint Elizabeth","108","JM","11","parish","18.053845","-77.7828249"
"3745","Saint James","108","JM","08","parish","18.365809","-77.8522037"
"3747","Saint Mary","108","JM","05","parish","18.2789179","-76.9021868"
"3750","Saint Thomas","108","JM","03","parish","17.9716306","-76.4414306"
"3755","Trelawny","108","JM","07","parish","18.3682128","-77.6043615"
"3742","Westmoreland","108","JM","10","parish","18.2104026","-77.9793211"
"827","Aichi","109","JP","23","prefecture","34.9991645","137.254574"
"829","Akita","109","JP","05","prefecture","39.6898802","140.342608"
"839","Aomori","109","JP","02","prefecture","40.8222833","140.7472027"
"821","Chiba","109","JP","12","prefecture","35.549399","140.2647303"
"865","Ehime","109","JP","38","prefecture","33.6013646","132.8185275"
"848","Fukui","109","JP","18","prefecture","36.061751","136.2260542"
"861","Fukuoka","109","JP","40","prefecture","33.6251241","130.6180016"
"847","Fukushima","109","JP","07","prefecture","37.760777","140.4745807"
"858","Gifu","109","JP","21","prefecture","35.7867449","137.0460777"
"862","Gunma","109","JP","10","prefecture","36.52198","139.033483"
"828","Hiroshima","109","JP","34","prefecture","34.3917241","132.4517589"
"832","Hokkaidō","109","JP","01","prefecture","43.4519831","142.8197834"
"831","Hyōgo","109","JP","28","prefecture","34.914934","134.860666"
"851","Ibaraki","109","JP","08","prefecture","36.2871186","140.4240926"
"830","Ishikawa","109","JP","17","prefecture","36.9890574","136.8162839"
"856","Iwate","109","JP","03","prefecture","39.5713763","141.4253574"
"864","Kagawa","109","JP","37","prefecture","34.2480104","134.0586579"
"840","Kagoshima","109","JP","46","prefecture","31.521587","130.5474077"
"842","Kanagawa","109","JP","14","prefecture","35.4342935","139.374753"
"4924","Kōchi","109","JP","39","prefecture","33.5680384","133.5394221"
"846","Kumamoto","109","JP","43","prefecture","32.8033909","130.7082737"
"834","Kyōto","109","JP","26","prefecture","35.0115754","135.7681441"
"833","Mie","109","JP","24","prefecture","34.7339685","136.5154489"
"857","Miyagi","109","JP","04","prefecture","38.3880155","140.9761025"
"855","Miyazaki","109","JP","45","prefecture","32.097681","131.294542"
"843","Nagano","109","JP","20","prefecture","36.1143945","138.0319015"
"849","Nagasaki","109","JP","42","prefecture","33.1154683","129.7874339"
"824","Nara","109","JP","29","prefecture","34.2963089","135.8816819"
"841","Niigata","109","JP","15","prefecture","37.6452283","138.7669125"
"822","Ōita","109","JP","44","prefecture","33.1819875","131.4270217"
"820","Okayama","109","JP","33","prefecture","34.8581334","133.7759256"
"853","Okinawa","109","JP","47","prefecture","26.3343738","127.8056597"
"859","Ōsaka","109","JP","27","prefecture","34.6198813","135.490357"
"863","Saga","109","JP","41","prefecture","33.2639134","130.3008378"
"860","Saitama","109","JP","11","prefecture","35.9754168","139.4160114"
"845","Shiga","109","JP","25","prefecture","35.247154","136.109385"
"826","Shimane","109","JP","32","prefecture","34.9418212","132.537439"
"825","Shizuoka","109","JP","22","prefecture","34.9751974","138.3831697"
"854","Tochigi","109","JP","09","prefecture","36.6782167","139.8096549"
"836","Tokushima","109","JP","36","prefecture","33.9196418","134.2509634"
"823","Tokyo","109","JP","13","prefecture","35.6768601","139.7638947"
"850","Tottori","109","JP","31","prefecture","35.3555075","133.8678525"
"838","Toyama","109","JP","16","prefecture","36.6958266","137.2137071"
"844","Wakayama","109","JP","30","prefecture","33.8070292","135.5930743"
"837","Yamagata","109","JP","06","prefecture","38.4746705","140.083237"
"835","Yamaguchi","109","JP","35","prefecture","34.2379614","131.5873845"
"852","Yamanashi","109","JP","19","prefecture","35.6399328","138.6380495"
"5309","Grouville","110","JE","01","parish","49.18404","-2.0516828"
"5310","St Brelade","110","JE","02","parish","49.1851255","-2.2010341"
"5311","St Clement","110","JE","03","parish","49.1736373","-2.0562124"
"5312","St Helier","110","JE","04","parish","49.1856637","-2.1102277"
"5313","St John","110","JE","05","parish","49.2465535","-2.1349726"
"5314","St Lawrence","110","JE","06","parish","49.2149124","-2.1416892"
"5315","St Martin","110","JE","07","parish","49.2177274","-2.0516314"
"5316","St Mary","110","JE","08","parish","49.2364029","-2.1716245"
"5317","St Ouen","110","JE","09","parish","49.2335087","-2.2020406"
"5318","St Peter","110","JE","10","parish","49.2128288","-2.18372"
"5319","St Saviour","110","JE","11","parish","49.1948946","-2.0903183"
"5320","Trinity","110","JE","12","parish","49.234492","-2.0929268"
"963","Ajloun","111","JO","AJ","governorate","32.3325584","35.7516844"
"965","Amman","111","JO","AM","governorate","31.9453633","35.9283895"
"959","Aqaba","111","JO","AQ","governorate","29.532086","35.0062821"
"961","Balqa","111","JO","BA","governorate","31.9782917","35.6585232"
"960","Irbid","111","JO","IR","governorate","32.5569636","35.8478965"
"966","Jerash","111","JO","JA","governorate","32.2747237","35.8960954"
"956","Karak","111","JO","KA","governorate","31.1257036","35.824704"
"964","Ma'an","111","JO","MN","governorate","30.2","35.7333329"
"958","Madaba","111","JO","MD","governorate","31.7196097","35.7932754"
"962","Mafraq","111","JO","MA","governorate","32.3416923","36.2020175"
"957","Tafilah","111","JO","AT","governorate","30.833333","35.5999999"
"967","Zarqa","111","JO","AZ","governorate","32.0608505","36.0942121"
"5455","Abai","112","KZ","10","region","48.6163335","78.7834791"
"145","Akmola","112","KZ","11","region","51.8742347","69.8582132"
"151","Aktobe","112","KZ","15","region","48.2552772","59.4499172"
"143","Almaty","112","KZ","19","region","43.6136955","77.1358136"
"152","Almaty","112","KZ","75","city","43.6136955","77.1358136"
"156","Astana","112","KZ","71","city","51.1282205","71.4306682"
"153","Atyrau","112","KZ","23","region","47.1076188","51.914133"
"154","East Kazakhstan","112","KZ","63","region","49.097376","84.7657817"
"147","Jambyl","112","KZ","31","region","44.4168463","72.134166"
"5456","Jetisu","112","KZ","33","region","45.5385692","78.0583144"
"150","Karaganda","112","KZ","35","region","49.1767322","74.1811272"
"157","Kostanay","112","KZ","39","region","52.0615626","62.9372689"
"142","Kyzylorda","112","KZ","43","region","45.2058853","63.9155202"
"141","Mangystau","112","KZ","47","region","44.4364918","53.7999931"
"144","North Kazakhstan","112","KZ","59","region","53.9797171","69.0450902"
"146","Pavlodar","112","KZ","55","region","52.2857573","76.9455035"
"5454","Shymkent","112","KZ","79","city","42.3419177","69.5072351"
"149","Turkistan","112","KZ","61","region","43.3019457","68.2703698"
"5457","Ulytau","112","KZ","62","region","47.942247","64.8933714"
"148","West Kazakhstan","112","KZ","27","region","49.5568479","50.2227409"
"181","Baringo","113","KE","01","county","0.71401","36.0172739"
"210","Bomet","113","KE","02","county","-0.7196054","35.2399625"
"168","Bungoma","113","KE","03","county","0.5695252","34.5583766"
"161","Busia","113","KE","04","county","0.3712048","34.2647952"
"201","Elgeyo-Marakwet","113","KE","05","county","0.7422191","35.5618083"
"163","Embu","113","KE","06","county","-0.5359479","37.6652884"
"196","Garissa","113","KE","07","county","-0.4532293","39.6460988"
"195","Homa Bay","113","KE","08","county","-0.5639601","34.3187819"
"170","Isiolo","113","KE","09","county","1.0060601","38.7478954"
"197","Kajiado","113","KE","10","county","-2.121717","36.786255"
"158","Kakamega","113","KE","11","county","0.2833","34.75"
"193","Kericho","113","KE","12","county","-0.3666","35.2833"
"199","Kiambu","113","KE","13","county","-1.036395","36.8431312"
"174","Kilifi","113","KE","14","county","-3.6333","39.85"
"167","Kirinyaga","113","KE","15","county","-0.468878","37.3027681"
"159","Kisii","113","KE","16","county","-0.6694119","34.7677944"
"171","Kisumu","113","KE","17","county","-0.1029109","34.7541761"
"211","Kitui","113","KE","18","county","-1.5642219","38.3728116"
"173","Kwale","113","KE","19","county","-4.1836067","39.105095"
"164","Laikipia","113","KE","20","county","0.2858452","36.8257711"
"166","Lamu","113","KE","21","county","-2.0645209","40.7280992"
"184","Machakos","113","KE","22","county","-1.5176837","37.2634146"
"188","Makueni","113","KE","23","county","-2.257093","37.8771715"
"187","Mandera","113","KE","24","county","3.2285332","40.7056153"
"194","Marsabit","113","KE","25","county","2.3380612","37.991639"
"198","Meru","113","KE","26","county","0.2254509","37.7772624"
"190","Migori","113","KE","27","county","-1.0192237","34.3095427"
"200","Mombasa","113","KE","28","county","-4.05052","39.667169"
"178","Murang'a","113","KE","29","county","-0.8317087","37.0049216"
"191","Nairobi City","113","KE","30","county","-1.2920659","36.8219462"
"203","Nakuru","113","KE","31","county","-0.2802724","36.0712048"
"165","Nandi","113","KE","32","county","0.2253932","35.1244929"
"175","Narok","113","KE","33","county","-1.0886931","35.8714916"
"209","Nyamira","113","KE","34","county","-0.6517907","34.934167"
"192","Nyandarua","113","KE","35","county","-0.3917064","36.4977397"
"180","Nyeri","113","KE","36","county","-0.4192962","36.9517005"
"207","Samburu","113","KE","37","county","1.5394463","36.942166"
"186","Siaya","113","KE","38","county","-0.0604013","34.200135"
"176","Taita–Taveta","113","KE","39","county","-3.4178355","38.3670676"
"205","Tana River","113","KE","40","county","-1.5365119","39.5508374"
"185","Tharaka-Nithi","113","KE","41","county","-0.1937081","37.961405"
"183","Trans Nzoia","113","KE","42","county","1.0454582","34.979044"
"206","Turkana","113","KE","43","county","2.7655657","35.5977228"
"169","Uasin Gishu","113","KE","44","county","0.4771938","35.3050597"
"202","Vihiga","113","KE","45","county","0.0767553","34.7077665"
"182","Wajir","113","KE","46","county","1.7504651","40.0594959"
"208","West Pokot","113","KE","47","county","1.8798608","35.210613"
"1831","Gilbert","114","KI","G","island","-1.2394556","175.2969455"
"1832","Line","114","KI","L","island","1.3589779","172.9311202"
"1830","Phoenix","114","KI","P","island","-3.7213444","-170.7117052"
"4874","Ferizaj","248","XK","XUF","district","42.3701844","21.1483281"
"4876","Gjakove","248","XK","XDG","district","42.3798793","20.4316226"
"4877","Gjilan","248","XK","XGJ","district","42.4635206","21.4694011"
"4878","Mitrovica","248","XK","XKM","district","42.8790424","20.8657862"
"5321","Peja","248","XK","PEJ","district","42.6593986","20.2885757"
"4879","Pristina","248","XK","XPI","district","42.6629138","21.1655028"
"5322","Prizren","248","XK","PRI","district","42.2130151","20.7363339"
"977","Al Ahmadi","117","KW","AH","governorate","28.8538571","48.1652377"
"976","Al Asimah","117","KW","KU","governorate","29.0926128","48.513355"
"975","Al Farwaniyah","117","KW","FA","governorate","29.2482539","47.9136755"
"972","Al Jahra","117","KW","JA","governorate","29.3474636","47.6722054"
"973","Hawalli","117","KW","HA","governorate","29.3236609","48.1153148"
"974","Mubarak Al-Kabeer","117","KW","MU","governorate","29.1870956","48.0827589"
"998","Batken","118","KG","B","region","40.0611852","70.8200964"
"1001","Bishkek","118","KG","GB","city","42.8761424","74.6036724"
"1004","Chuy","118","KG","C","region","42.5550236","74.621991"
"1002","Issyk-Kul","118","KG","Y","region","42.4620398","77.0789862"
"1000","Jalal-Abad","118","KG","J","region","40.9298182","73.00119"
"999","Naryn","118","KG","N","region","41.3670658","75.9931838"
"1003","Osh","118","KG","GO","city","40.5172678","72.8049894"
"1005","Osh","118","KG","O","region","40.5172678","72.8049894"
"997","Talas","118","KG","T","region","42.521995","72.247693"
"982","Attapeu","119","LA","AT","province","14.79073","107.1008318"
"991","Bokeo","119","LA","BK","province","20.317445","100.3958112"
"985","Bolikhamsai","119","LA","BL","province","18.5806594","104.1491594"
"996","Champasak","119","LA","CH","province","14.8872885","105.8765804"
"989","Houaphanh","119","LA","HO","province","20.2354748","103.6203387"
"986","Khammouane","119","LA","KH","province","17.5842055","105.2471325"
"992","Luang Namtha","119","LA","LM","province","20.933004","101.0586737"
"978","Luang Prabang","119","LA","LP","province","20.2115415","102.612684"
"988","Oudomxay","119","LA","OU","province","20.6930134","101.9853678"
"987","Phongsaly","119","LA","PH","province","21.6767816","102.2773177"
"993","Sainyabuli","119","LA","XA","province","19.2536139","101.6180985"
"981","Salavan","119","LA","SL","province","15.87128","106.3389565"
"990","Savannakhet","119","LA","SV","province","16.5001958","105.7155946"
"984","Sekong","119","LA","XE","province","15.8660419","106.9637782"
"980","Vientiane","119","LA","VI","province","17.9640988","102.6133707"
"979","Vientiane","119","LA","VT","prefecture","17.9640988","102.6133707"
"983","Xaisomboun","119","LA","XS","province","18.8631725","103.0344783"
"995","Xiangkhouang","119","LA","XI","province","19.4130479","103.4680126"
"4454","Ādaži","120","LV","011","municipality","57.0874671","24.3195797"
"4472","Aizkraukle","120","LV","002","municipality","56.6166708","25.2230643"
"4487","Alūksne","120","LV","007","municipality","57.4254485","27.0424968"
"4492","Augšdaugava","120","LV","111","municipality","55.8561323","27.0458076"
"4505","Balvi","120","LV","015","municipality","57.132624","27.2646685"
"4465","Bauska","120","LV","016","municipality","56.4101868","24.2000689"
"4469","Cēsis","120","LV","022","municipality","57.3102897","25.2676125"
"4463","Daugavpils","120","LV","DGV","state city","55.8712267","26.5159337"
"4508","Dienvidkurzemes","120","LV","112","municipality","56.5224575","21.4595894"
"4437","Dobele","120","LV","026","municipality","56.626305","23.2809066"
"4400","Gulbene","120","LV","033","municipality","57.1759721","26.7514713"
"4438","Jēkabpils","120","LV","042","municipality","56.4958638","25.8687747"
"4424","Jelgava","120","LV","041","municipality","56.6514394","23.7339143"
"4500","Jelgava","120","LV","JEL","state city","56.6514394","23.7339143"
"4446","Jūrmala","120","LV","JUR","state city","56.9727164","23.7886979"
"4435","Ķekava","120","LV","052","municipality","56.8258465","24.2208128"
"4474","Krāslava","120","LV","047","municipality","55.895206","27.1619304"
"4490","Kuldīga","120","LV","050","municipality","56.9687257","21.9613739"
"4460","Liepāja","120","LV","LPX","state city","56.5046678","21.010806"
"4418","Limbaži","120","LV","054","municipality","57.5146586","24.7131536"
"4401","Līvāni","120","LV","056","municipality","56.3550942","26.172519"
"4501","Ludza","120","LV","058","municipality","56.545959","27.7143199"
"4433","Madona","120","LV","059","municipality","56.8517467","26.2184769"
"4450","Mārupe","120","LV","062","municipality","56.8965717","24.0460049"
"4416","Ogre","120","LV","067","municipality","56.8147355","24.6044555"
"4417","Olaine","120","LV","068","municipality","56.7905906","23.9331981"
"4483","Preiļi","120","LV","073","municipality","56.2937366","26.7266734"
"4509","Rēzekne","120","LV","REZ","state city","56.506281","27.3306623"
"4455","Rēzekne","120","LV","077","municipality","56.506281","27.3306623"
"4491","Riga","120","LV","RIX","state city","56.9496487","24.1051865"
"4493","Ropaži","120","LV","080","municipality","56.9713771","24.6307233"
"4402","Salaspils","120","LV","087","municipality","56.8608152","24.3497881"
"4439","Saldus","120","LV","088","municipality","56.6665088","22.4935493"
"4443","Saulkrasti","120","LV","089","municipality","57.2579418","24.4183146"
"4476","Sigulda","120","LV","091","municipality","57.1540561","24.8567141"
"4462","Smiltene","120","LV","094","municipality","57.4230332","25.900278"
"4459","Talsi","120","LV","097","municipality","57.2451926","22.5903003"
"4409","Tukums","120","LV","099","municipality","56.9672868","23.1524379"
"4425","Valka","120","LV","101","municipality","57.77439","26.017005"
"4473","Valmiera","120","LV","113","municipality","57.5384659","25.4263618"
"4431","Varakļāni","120","LV","102","municipality","56.6088743","26.7539093"
"4421","Ventspils","120","LV","VEN","state city","57.3903918","21.5635991"
"4403","Ventspils","120","LV","106","municipality","57.3903918","21.5635991"
"2285","Akkar","121","LB","AK","governorate","34.5555009","36.2016453"
"2283","Baalbek-Hermel","121","LB","BH","governorate","34.168333","36.3134617"
"2286","Beirut","121","LB","BA","governorate","33.8886106","35.4954772"
"2287","Beqaa","121","LB","BI","governorate","33.6746204","35.8333757"
"2282","Mount Lebanon","121","LB","JL","governorate","34.29","36.092"
"2288","Nabatieh","121","LB","NA","governorate","33.3771693","35.4838293"
"2284","North","121","LB","AS","governorate","34.29","36.092"
"2281","South","121","LB","JA","governorate","34.4115339","-81.204814"
"3030","Berea","122","LS","D","district","-29.1963971","27.9175581"
"3029","Butha-Buthe","122","LS","B","district","-28.7653754","28.2468148"
"3026","Leribe","122","LS","C","district","-28.866891","28.0579408"
"3022","Mafeteng","122","LS","E","district","-29.7893049","27.4423193"
"3028","Maseru","122","LS","A","district","-29.5816942","27.8243208"
"3023","Mohale's Hoek","122","LS","F","district","-30.1516305","27.4770113"
"3024","Mokhotlong","122","LS","J","district","-29.2190697","29.0351369"
"3025","Qacha's Nek","122","LS","H","district","-30.1114565","28.678979"
"3027","Quthing","122","LS","G","district","-30.4015687","27.7080133"
"3031","Thaba-Tseka","122","LS","K","district","-29.5151832","28.6036179"
"3041","Bomi","123","LR","BM","county","6.7177856","-10.7881766"
"3034","Bong","123","LR","BG","county","6.9622195","-9.7134459"
"3044","Gbarpolu","123","LR","GP","county","7.2681564","-10.3814771"
"3040","Grand Bassa","123","LR","GB","county","6.1640621","-9.895669"
"3036","Grand Cape Mount","123","LR","CM","county","7.0496206","-11.129843"
"3039","Grand Gedeh","123","LR","GG","county","5.8161533","-8.0995537"
"3045","Grand Kru","123","LR","GK","county","4.84932","-8.3308845"
"3037","Lofa","123","LR","LO","county","7.8824046","-9.9760297"
"3043","Margibi","123","LR","MG","county","6.6053676","-10.1758429"
"3042","Maryland","123","LR","MY","county","4.6355376","-7.7281669"
"3032","Montserrado","123","LR","MO","county","6.4095537","-10.6059403"
"3046","Nimba","123","LR","NI","county","6.8088813","-8.7461448"
"3033","River Cess","123","LR","RI","county","5.9087331","-9.3938267"
"3038","River Gee","123","LR","RG","county","5.2653903","-7.8856203"
"3035","Sinoe","123","LR","SI","county","5.3232693","-8.8435955"
"5641","Al Butnan","124","LY","BU","popularate","30","24"
"2964","Al Wahat","124","LY","WA","popularate","29.1573123","21.7496392"
"2981","Benghazi","124","LY","BA","popularate","32.1194242","20.0867909"
"2966","Derna","124","LY","DR","popularate","32.755613","22.6377432"
"2969","Ghat","124","LY","GT","popularate","24.9640371","10.1759285"
"2980","Jabal al Akhdar","124","LY","JA","popularate","32.4874119","21.7089729"
"2974","Jabal al Gharbi","124","LY","JG","popularate","30.704649","13.2233859"
"2979","Jafara","124","LY","JI","popularate","32.5587916","13.0707024"
"2970","Jufra","124","LY","JU","popularate","28.0055724","16.7430292"
"2972","Kufra","124","LY","KF","popularate","23.3323776","22.0840331"
"2968","Marj","124","LY","MJ","popularate","31.9108728","21.1477877"
"2978","Misrata","124","LY","MI","popularate","32.3745923","15.0905803"
"2961","Murqub","124","LY","MB","popularate","32.4071058","13.8621903"
"2967","Murzuq","124","LY","MQ","popularate","25.9182262","13.9260001"
"2976","Nalut","124","LY","NL","popularate","31.8637865","10.9827903"
"2962","Nuqat al Khams","124","LY","NQ","popularate","32.7177153","11.9896415"
"2965","Sabha","124","LY","SB","popularate","27.0365406","14.4290236"
"2977","Sirte","124","LY","SR","popularate","31.2059625","16.5836206"
"2971","Tripoli","124","LY","TB","popularate","32.7733899","13.3318732"
"2973","Wadi al Hayaa","124","LY","WD","popularate","26.4233369","12.7183638"
"2975","Wadi al Shatii","124","LY","WS","popularate","27.6023172","12.8637627"
"2963","Zawiya","124","LY","ZA","popularate","32.7630282","12.7364962"
"458","Balzers","125","LI","01","commune","47.0688822","9.506159"
"451","Eschen","125","LI","02","commune","47.2126274","9.5233202"
"457","Gamprin","125","LI","03","commune","47.213249","9.5025195"
"455","Mauren","125","LI","04","commune","47.2189285","9.541735"
"454","Planken","125","LI","05","commune","47.1858848","9.5452211"
"453","Ruggell","125","LI","06","commune","47.2397575","9.5262871"
"450","Schaan","125","LI","07","commune","47.1663397","9.510312"
"449","Schellenberg","125","LI","08","commune","47.230966","9.5467843"
"459","Triesen","125","LI","09","commune","47.1097988","9.5248296"
"456","Triesenberg","125","LI","10","commune","47.1186181","9.5433663"
"452","Vaduz","125","LI","11","commune","47.1410303","9.5209277"
"1561","Akmenė","126","LT","01","district municipality","56.2455029","22.7471169"
"5722","Alytus","126","LT","03","district municipality","54.3924677","24.1087607"
"1605","Alytus","126","LT","02","district municipality","54.3924677","24.1087607"
"1574","Alytus","126","LT","AL","county","54.3924677","24.1087607"
"5346","Anykščiai","126","LT","04","district municipality","55.5257935","25.1061247"
"1603","Birštonas","126","LT","05","municipality","54.5864194","24.0421736"
"1566","Biržai","126","LT","06","district municipality","56.2017719","24.7560118"
"1579","Druskininkai","126","LT","07","municipality","54.0171932","23.9772282"
"1559","Elektrėnai","126","LT","08","municipality","54.786657","24.6708398"
"1562","Ignalina","126","LT","09","district municipality","55.3398975","26.1614043"
"1567","Jonava","126","LT","10","district municipality","55.0727242","24.2793337"
"1581","Joniškis","126","LT","11","district municipality","56.236073","23.6136579"
"1555","Jurbarkas","126","LT","12","district municipality","55.0777077","22.7646945"
"1583","Kaišiadorys","126","LT","13","district municipality","54.8602337","24.4544785"
"1591","Kalvarija","126","LT","14","municipality","54.3761674","23.1920321"
"1556","Kaunas","126","LT","KU","county","54.8982139","23.9044817"
"5723","Kaunas","126","LT","16","district municipality","54.8982139","23.9044817"
"1580","Kaunas","126","LT","15","district municipality","54.8982139","23.9044817"
"1575","Kazlų Rūda","126","LT","17","municipality","54.7520669","23.4985141"
"1584","Kėdainiai","126","LT","18","district municipality","55.2887322","23.9758359"
"1618","Kelmė","126","LT","19","district municipality","55.6294679","22.9313095"
"1600","Klaipėda","126","LT","KL","county","55.7127529","21.1350469"
"1604","Klaipėda","126","LT","21","district municipality","55.7127529","21.1350469"
"5720","Klaipėdos miestas","126","LT","20","city municipality","55.7032943","21.1442795"
"1571","Kretinga","126","LT","22","district municipality","55.883842","21.2350919"
"1585","Kupiškis","126","LT","23","district municipality","55.8388909","24.9760431"
"1611","Lazdijai","126","LT","24","district municipality","54.2343267","23.5156505"
"1610","Marijampolė","126","LT","25","district municipality","54.5562536","23.3503665"
"1570","Marijampolė","126","LT","MR","county","54.5562536","23.3503665"
"1557","Mažeikiai","126","LT","26","district municipality","56.3092439","22.341468"
"1582","Molėtai","126","LT","27","district municipality","55.2265309","25.4180011"
"1563","Neringa","126","LT","28","municipality","55.4756828","21.092587"
"1612","Pagėgiai","126","LT","29","municipality","55.133252","21.9104398"
"1595","Pakruojis","126","LT","30","district municipality","55.9777084","23.8451797"
"1588","Palanga","126","LT","31","district municipality","55.920198","21.0677614"
"5721","Panevėžio miestas","126","LT","32","city municipality","55.7344985","24.3578055"
"1614","Panevėžys","126","LT","33","district municipality","55.7344985","24.3578055"
"1558","Panevėžys","126","LT","PN","county","55.7344985","24.3578055"
"1616","Pasvalys","126","LT","34","district municipality","56.0604619","24.396291"
"1553","Plungė","126","LT","35","district municipality","55.910784","21.8454069"
"1578","Prienai","126","LT","36","district municipality","54.638358","23.9468009"
"1568","Radviliškis","126","LT","37","district municipality","55.8108399","23.546487"
"1587","Raseiniai","126","LT","38","district municipality","55.3819499","23.1156129"
"1590","Rietavas","126","LT","39","municipality","55.7229408","21.9270804"
"1615","Rokiškis","126","LT","40","district municipality","55.9555039","25.5859249"
"1576","Šakiai","126","LT","41","district municipality","54.952671","23.0480199"
"1577","Šalčininkai","126","LT","42","district municipality","54.309767","25.387564"
"1586","Šiauliai","126","LT","SA","county","55.9340823","23.3157775"
"1609","Šiauliai","126","LT","43","district municipality","55.9340823","23.3157775"
"5724","Šiauliai","126","LT","44","district municipality","55.9340823","23.3157775"
"1613","Šilalė","126","LT","45","district municipality","55.49268","22.1845559"
"1607","Šilutė","126","LT","46","district municipality","55.3413747","21.4605697"
"1594","Širvintos","126","LT","47","district municipality","55.043102","24.956981"
"1617","Skuodas","126","LT","48","district municipality","56.2702169","21.5214331"
"1560","Švenčionys","126","LT","49","district municipality","55.1336865","26.1630146"
"1573","Tauragė","126","LT","TA","county","55.3072586","22.3572939"
"1572","Tauragė","126","LT","50","district municipality","55.250366","22.29095"
"1608","Telšiai","126","LT","51","district municipality","55.9846135","22.2490753"
"1569","Telšiai","126","LT","TE","county","55.9846135","22.2490753"
"1593","Trakai","126","LT","52","district municipality","54.6379113","24.9346894"
"1596","Ukmergė","126","LT","53","district municipality","55.2477293","24.7599714"
"1598","Utena","126","LT","54","district municipality","55.4871833","25.6386221"
"1621","Utena","126","LT","UT","county","55.4871833","25.6386221"
"1602","Varėna","126","LT","55","district municipality","54.2121764","24.5673724"
"1620","Vilkaviškis","126","LT","56","district municipality","54.651945","23.035155"
"5725","Vilnius","126","LT","58","district municipality","54.6870458","25.2829111"
"1606","Vilnius","126","LT","57","district municipality","54.6870458","25.2829111"
"1601","Vilnius","126","LT","VL","county","54.6870458","25.2829111"
"1564","Visaginas","126","LT","59","municipality","55.594118","26.4307954"
"1619","Zarasai","126","LT","60","district municipality","55.7309609","26.245295"
"1518","Capellen","127","LU","CA","canton","49.6424353","5.9805893"
"1521","Clervaux","127","LU","CL","canton","50.0546313","6.0285875"
"1513","Diekirch","127","LU","DI","canton","49.8671784","6.1595633"
"1515","Echternach","127","LU","EC","canton","49.8114133","6.4175635"
"1517","Esch-sur-Alzette","127","LU","ES","canton","49.5008805","5.9860925"
"1520","Grevenmacher","127","LU","G","canton","49.680851","6.4407524"
"1514","Luxembourg","127","LU","L","canton","49.6112768","6.129799"
"1522","Mersch","127","LU","ME","canton","49.7506746","6.1066591"
"1516","Redange","127","LU","RD","canton","49.76455","5.88948"
"1519","Remich","127","LU","RM","canton","49.545017","6.3674222"
"1523","Vianden","127","LU","VD","canton","49.9341924","6.2019917"
"1526","Wiltz","127","LU","WI","canton","49.96622","5.9324306"
"2951","Antananarivo","130","MG","T","province","-18.9100122","47.5255809"
"2950","Antsiranana","130","MG","D","province","-13.7229722","49.1801836"
"2948","Fianarantsoa","130","MG","F","province","-21.91742","46.8709851"
"2953","Mahajanga","130","MG","M","province","-16.5944104","46.1719796"
"2952","Toamasina","130","MG","A","province","-18.1553985","49.4098352"
"2949","Toliara","130","MG","U","province","-23.354173","43.66966"
"3096","Balaka","131","MW","BA","district","-15.0347969","35.0605888"
"3102","Blantyre","131","MW","BL","district","-15.6843502","34.9227838"
"3092","Central","131","MW","C","region","-13.7442725","33.7056942"
"3107","Chikwawa","131","MW","CK","district","-16.215382","34.7228393"
"3109","Chiradzulu","131","MW","CR","district","-15.75472","35.2055362"
"3087","Chitipa","131","MW","CT","district","-9.7037655","33.2700253"
"3097","Dedza","131","MW","DE","district","-14.2374479","34.3196514"
"3090","Dowa","131","MW","DO","district","-13.5387578","33.778108"
"3091","Karonga","131","MW","KR","district","-10.0847469","33.8661918"
"3094","Kasungu","131","MW","KS","district","-12.9921789","33.4724535"
"3093","Likoma","131","MW","LK","district","-12.0584005","34.7354031"
"3101","Lilongwe","131","MW","LI","district","-14.0414105","33.7353708"
"3082","Machinga","131","MW","MH","district","-14.9094681","35.601696"
"3110","Mangochi","131","MW","MG","district","-14.141111","35.3267495"
"3099","Mchinji","131","MW","MC","district","-13.7828897","33.0204739"
"3103","Mulanje","131","MW","MU","district","-15.91088","35.541255"
"3084","Mwanza","131","MW","MW","district","-15.6136031","34.5146595"
"3104","Mzimba","131","MW","MZ","district","-11.8458102","33.5578319"
"5347","Neno","131","MW","NE","district","-15.5137183","34.6832205"
"3095","Nkhata Bay","131","MW","NB","district","-11.606995","34.2983907"
"3100","Nkhotakota","131","MW","NK","district","-12.8321965","34.0329177"
"3105","Northern","131","MW","N","region","-11.0491652","33.7730261"
"3085","Nsanje","131","MW","NS","district","-16.7199917","35.1011088"
"3088","Ntcheu","131","MW","NU","district","-14.8227293","34.7687178"
"3111","Ntchisi","131","MW","NI","district","-13.276988","33.8546272"
"3108","Phalombe","131","MW","PH","district","-15.6922071","35.6650523"
"3089","Rumphi","131","MW","RU","district","-10.7909326","33.8507118"
"3086","Salima","131","MW","SA","district","-13.7628984","34.45237"
"3106","Southern","131","MW","S","region","-15.3062901","35.3283174"
"3098","Thyolo","131","MW","TH","district","-16.1287747","35.1449132"
"3083","Zomba","131","MW","ZO","district","-15.3863208","35.3268273"
"1950","Johor","132","MY","01","state","2.0228821","103.3114564"
"1947","Kedah","132","MY","02","state","5.8098265","100.6715035"
"1946","Kelantan","132","MY","03","state","5.4021302","102.0635972"
"1949","Kuala Lumpur","132","MY","14","federal territory","3.1516964","101.6942371"
"1935","Labuan","132","MY","15","federal territory","5.3168336","115.2198613"
"1941","Malacca","132","MY","04","state","2.189594","102.2500868"
"1948","Negeri Sembilan","132","MY","05","state","2.7831895","102.1925319"
"1940","Pahang","132","MY","06","state","3.6168822","102.5994547"
"1939","Penang","132","MY","07","state","5.4065013","100.2559077"
"1943","Perak","132","MY","08","state","4.812181","100.9797908"
"1938","Perlis","132","MY","09","state","6.4868392","100.2577623"
"1945","Putrajaya","132","MY","16","federal territory","2.9384381","101.69223"
"1936","Sabah","132","MY","12","state","5.4257359","117.0326392"
"1937","Sarawak","132","MY","13","state","2.5023855","112.9547283"
"1944","Selangor","132","MY","10","state","3.2083304","101.304146"
"1942","Terengganu","132","MY","11","state","4.8630743","102.9949297"
"2594","Addu","133","MV","01","city","-0.6414935","73.1629978"
"2587","Alif Alif","133","MV","02","administrative atoll","4.4389236","72.8716854"
"2600","Alif Dhaal","133","MV","00","administrative atoll","3.6123026","72.855663"
"5727","Baa","133","MV","20","administrative atoll","5.13333333","72.95"
"2590","Dhaalu","133","MV","17","administrative atoll","2.8473454","72.9029526"
"2599","Faafu","133","MV","14","administrative atoll","3.1314909","72.8843567"
"2598","Gaafu Alif","133","MV","27","administrative atoll","0.9829527","73.2780939"
"2603","Gaafu Dhaalu","133","MV","28","administrative atoll","0.3041783","73.2124746"
"2595","Gnaviyani","133","MV","29","administrative atoll","-0.2053264","73.2569868"
"2586","Haa Alif","133","MV","07","administrative atoll","7.0607296","72.9896628"
"2597","Haa Dhaalu","133","MV","23","administrative atoll","6.449901","72.6264899"
"2596","Kaafu","133","MV","26","administrative atoll","4.354299","73.5760032"
"2601","Laamu","133","MV","05","administrative atoll","1.8899418","73.3140027"
"2607","Lhaviyani","133","MV","03","administrative atoll","5.3992544","73.5273924"
"2609","Malé","133","MV","MLE","administrative atoll","4.1779879","73.5107387"
"2608","Meemu","133","MV","12","administrative atoll","2.7878094","73.5342987"
"2592","Noonu","133","MV","25","administrative atoll","5.786755","73.4184336"
"2602","Raa","133","MV","13","administrative atoll","5.6609485","72.7681645"
"2585","Shaviyani","133","MV","24","administrative atoll","6.3322997","73.2324635"
"2591","Thaa","133","MV","08","administrative atoll","2.1461655","73.0288245"
"2584","Vaavu","133","MV","04","administrative atoll","3.6152492","73.5869986"
"253","Bamako","134","ML","BKO","district","12.649319","-8.000337"
"258","Gao","134","ML","7","region","17.00244","-0.0991154"
"252","Kayes","134","ML","1","region","13.8001844","-10.2245548"
"257","Kidal","134","ML","8","region","18.4408358","1.4075395"
"250","Koulikoro","134","ML","2","region","13.4820706","-7.6096079"
"251","Ménaka","134","ML","9","region","15.9156421","2.396174"
"255","Mopti","134","ML","5","region","14.514489","-3.6464581"
"249","Ségou","134","ML","4","region","14.0487607","-6.0047091"
"254","Sikasso","134","ML","3","region","11.529684","-6.8663259"
"256","Taoudénit","134","ML","10","region","20.8582718","-3.39819"
"248","Tombouctou","134","ML","6","region","16.7719091","-3.0087272"
"110","Attard","135","MT","01","local council","35.8909172","14.4430093"
"108","Balzan","135","MT","02","local council","35.8957414","14.4534065"
"107","Birgu","135","MT","03","local council","35.8879214","14.522562"
"97","Birkirkara","135","MT","04","local council","35.8954706","14.4665072"
"88","Birżebbuġa","135","MT","05","local council","35.8269478","14.5274189"
"138","Cospicua","135","MT","06","local council","35.8806753","14.5218338"
"117","Dingli","135","MT","07","local council","35.8627309","14.3850107"
"129","Fgura","135","MT","08","local council","35.8738269","14.5232901"
"84","Floriana","135","MT","09","local council","35.8929838","14.5052716"
"134","Fontana","135","MT","10","local council","36.038744","14.2370014"
"130","Għajnsielem","135","MT","13","local council","36.0247966","14.2802961"
"92","Għarb","135","MT","14","local council","36.0598182","14.209081"
"120","Għargħur","135","MT","15","local council","35.9220569","14.4563176"
"106","Għasri","135","MT","16","local council","36.0668075","14.2192475"
"124","Għaxaq","135","MT","17","local council","35.8440359","14.516009"
"118","Gudja","135","MT","11","local council","35.8469803","14.502904"
"113","Gżira","135","MT","12","local council","35.905897","14.4953338"
"105","Ħamrun","135","MT","18","local council","35.8861237","14.4883442"
"93","Iklin","135","MT","19","local council","35.9098774","14.4577732"
"99","Kalkara","135","MT","21","local council","35.8914242","14.5320278"
"91","Kerċem","135","MT","22","local council","36.0447939","14.2250605"
"82","Kirkop","135","MT","23","local council","35.8437862","14.4854324"
"126","Lija","135","MT","24","local council","35.901766","14.4476136"
"77","Luqa","135","MT","25","local council","35.8582865","14.4868883"
"128","Marsa","135","MT","26","local council","35.882892","14.4944898"
"137","Marsaskala","135","MT","27","local council","35.860364","14.5567876"
"78","Marsaxlokk","135","MT","28","local council","35.8411699","14.5393097"
"89","Mdina","135","MT","29","local council","35.888093","14.4068357"
"102","Mellieħa","135","MT","30","local council","35.9599618","14.368367"
"109","Mġarr","135","MT","31","local council","35.9189327","14.3617343"
"140","Mosta","135","MT","32","local council","35.9141504","14.4228427"
"74","Mqabba","135","MT","33","local council","35.8444143","14.4694186"
"96","Msida","135","MT","34","local council","35.8956388","14.4868883"
"131","Mtarfa","135","MT","35","local council","35.8895125","14.3951953"
"132","Munxar","135","MT","36","local council","36.0288058","14.2250605"
"133","Nadur","135","MT","37","local council","36.0447019","14.2919273"
"112","Naxxar","135","MT","38","local council","35.9133396","14.4432851"
"115","Paola","135","MT","39","local council","35.8717994","14.5073748"
"125","Pembroke","135","MT","40","local council","35.9281313","14.4795722"
"127","Pietà","135","MT","41","local council","35.892353","14.4934881"
"79","Qala","135","MT","42","local council","36.0388628","14.318101"
"119","Qormi","135","MT","43","local council","35.8764388","14.4694186"
"111","Qrendi","135","MT","44","local council","35.8328488","14.4548621"
"83","Rabat","135","MT","46","local council","35.884717","14.37234"
"5642","Safi","135","MT","47","local council","35.83333333","14.485"
"75","San Ġwann","135","MT","49","local council","35.9077365","14.4752416"
"87","San Lawrenz","135","MT","50","local council","36.0553005","14.2039503"
"116","Sannat","135","MT","52","local council","36.0273022","14.2429017"
"94","Santa Luċija","135","MT","53","local council","35.856142","14.50436"
"90","Santa Venera","135","MT","54","local council","35.8902201","14.4766974"
"136","Senglea","135","MT","20","local council","35.8873041","14.5167371"
"98","Siġġiewi","135","MT","55","local council","35.8539354","14.438063"
"104","Sliema","135","MT","56","local council","35.9110081","14.502904"
"100","St. Julian's","135","MT","48","local council","35.9199225","14.4877119"
"139","St. Paul's Bay","135","MT","51","local council","35.9480742","14.3973929"
"86","Swieqi","135","MT","57","local council","35.9191182","14.4694186"
"122","Ta' Xbiex","135","MT","58","local council","35.8991448","14.4963519"
"103","Tarxien","135","MT","59","local council","35.8672552","14.5116405"
"95","Valletta","135","MT","60","local council","35.8989085","14.5145528"
"101","Victoria","135","MT","45","local council","36.0428907","14.2398479"
"114","Xagħra","135","MT","61","local council","36.050845","14.267482"
"121","Xewkija","135","MT","62","local council","36.0299236","14.2599437"
"81","Xgħajra","135","MT","63","local council","35.8868282","14.5472391"
"123","Żabbar","135","MT","64","local council","35.8724715","14.5451354"
"85","Żebbuġ Gozo","135","MT","65","local council","36.0716403","14.245408"
"80","Żebbuġ Malta","135","MT","66","local council","35.8764648","14.439084"
"135","Żejtun","135","MT","67","local council","35.8548714","14.5363969"
"76","Żurrieq","135","MT","68","local council","35.8294676","14.4745172"
"5303","Ayre","136","IM","01","sheadings","54.2359207","-4.5147669"
"5304","Garff","136","IM","02","sheadings","54.2359207","-4.5147669"
"5305","Glenfaba","136","IM","03","sheadings","54.2359207","-4.5147669"
"5306","Michael","136","IM","04","sheadings","54.2359207","-4.5147669"
"5307","Middle","136","IM","05","sheadings","54.2359207","-4.5147669"
"5308","Rushen","136","IM","06","sheadings","54.2359207","-4.5147669"
"5643","Ailinglaplap","137","MH","ALL","municipality","7.5","168.73333333"
"5644","Ailuk","137","MH","ALK","municipality","10.31666667","169.93333333"
"5645","Arno","137","MH","ARN","municipality","7.08333333","171.7"
"5646","Aur","137","MH","AUR","municipality","8.2","171.1"
"5647","Bikini & Kili","137","MH","KIL","municipality","11.6","165.4"
"5648","Ebon","137","MH","EBO","municipality","4.63333333","168.71666667"
"5649","Enewetak & Ujelang","137","MH","ENI","municipality","11.5","162.33333333"
"5650","Jabat","137","MH","JAB","municipality","7.75","168.96666667"
"5651","Jaluit","137","MH","JAL","municipality","6","169.56666667"
"5652","Kwajalein","137","MH","KWA","municipality","8.71666667","167.73333333"
"5653","Lae","137","MH","LAE","municipality","8.93611111","166.2375"
"5654","Lib","137","MH","LIB","municipality","8.31305556","167.37777778"
"5655","Likiep","137","MH","LIK","municipality","9.88498","169.14345"
"5656","Majuro","137","MH","MAJ","municipality","7.0918","171.3802"
"5657","Maloelap","137","MH","MAL","municipality","8.75343611","171.04888889"
"5658","Mejit","137","MH","MEJ","municipality","10.28333333","170.88333333"
"5659","Mili","137","MH","MIL","municipality","6.12621667","171.97998056"
"5660","Namdrik","137","MH","NMK","municipality","5.61666667","168.11666667"
"5661","Namu","137","MH","NMU","municipality","7.98333333","168.17361111"
"2574","Ralik","137","MH","L","chain","8.230817","167.7953224"
"2573","Ratak","137","MH","T","chain","8.615055","170.8205547"
"5662","Rongelap","137","MH","RON","municipality","11.31666667","166.78333333"
"5663","Ujae","137","MH","UJA","municipality","9.05","165.65"
"5664","Utrik","137","MH","UTI","municipality","11.26730556","169.78426111"
"5665","Wotho","137","MH","WTH","municipality","10.1","165.96666667"
"5666","Wotje","137","MH","WTJ","municipality","9.43333333","170.01666667"
"5398","Fort-de-France","138","MQ","01","district","14.6027962","-61.0676724"
"5399","La Trinité","138","MQ","02","district","14.7553161","-61.0287226"
"5400","Le Marin","138","MQ","03","district","14.5251841","-60.9624151"
"5401","Saint-Pierre","138","MQ","04","district","14.7417183","-61.1763904"
"3344","Adrar","139","MR","07","region","21.0090623","-10.2207449"
"3349","Assaba","139","MR","03","region","16.5809185","-11.5363724"
"3339","Brakna","139","MR","05","region","17.2475638","-13.4037714"
"3346","Dakhlet Nouadhibou","139","MR","08","region","20.8019537","-16.0012708"
"3341","Gorgol","139","MR","04","region","16.0062275","-12.8360834"
"3350","Guidimaka","139","MR","10","region","15.3766896","-12.124663"
"3338","Hodh Ech Chargui","139","MR","01","region","18.1941112","-7.0921652"
"3351","Hodh El Gharbi","139","MR","02","region","16.5693922","-9.8322366"
"3342","Inchiri","139","MR","12","region","19.9922766","-15.113767"
"3343","Nouakchott-Nord","139","MR","14","region","18.1024945","-15.9192819"
"3352","Nouakchott-Ouest","139","MR","13","region","18.1127945","-15.9930276"
"3347","Nouakchott-Sud","139","MR","15","region","18.0033945","-15.965829"
"3345","Tagant","139","MR","09","region","18.5729893","-10.3937926"
"3340","Tiris Zemmour","139","MR","11","region","24.1951392","-9.6664199"
"3348","Trarza","139","MR","06","region","17.922642","-14.8476017"
"3248","Agalega Islands","140","MU","AG","dependency","-10.3848578","56.6123525"
"3259","Black River","140","MU","BL","district","-20.3264792","57.4155785"
"3254","Flacq","140","MU","FL","district","-20.2217312","57.7223251"
"3264","Grand Port","140","MU","GP","district","-20.3897284","57.6160762"
"3253","Moka","140","MU","MO","district","-20.2521392","57.5872245"
"3250","Pamplemousses","140","MU","PA","district","-20.1136008","57.575926"
"3263","Plaines Wilhems","140","MU","PW","district","-20.3053896","57.4959619"
"3260","Port Louis","140","MU","PL","district","-20.1608912","57.5012222"
"3261","Rivière du Rempart","140","MU","RR","district","-20.0669943","57.65063"
"3249","Rodrigues Island","140","MU","RO","dependency","-19.7195149","63.4175938"
"3251","Saint Brandon Islands","140","MU","CC","dependency","-16.583333","59.616667"
"3257","Savanne","140","MU","SA","district","-20.458386","57.4893297"
"5415","Acoua","141","YT","14","commune","-12.7243245","45.0589372"
"5417","Bandraboua","141","YT","16","commune","-12.7045482","45.1221926"
"5406","Bandrélé","141","YT","05","commune","-12.9133586","45.1928677"
"5408","Boueni","141","YT","07","commune","-12.9107086","45.0801256"
"5412","Chiconi","141","YT","11","commune","-12.8323497","45.1149766"
"5409","Chirongui","141","YT","08","commune","-12.93544","45.1492157"
"5405","Dembeni","141","YT","04","commune","-12.8433081","45.1839954"
"5402","Dzaoudzi","141","YT","01","commune","-12.7760651","45.2563246"
"5407","Kani Keli","141","YT","06","commune","-12.9565222","45.1052606"
"5418","Koungou","141","YT","17","commune","-12.735753","45.2067459"
"5414","M'Tsangamouji","141","YT","13","commune","-12.7601941","45.0876892"
"5404","Mamoudzou","141","YT","03","commune","-12.7804136","45.2279761"
"5416","Mtsamboro","141","YT","15","commune","-12.6996969","45.0679904"
"5411","Ouangani","141","YT","10","commune","-12.8498235","45.1398664"
"5403","Pamandzi","141","YT","02","commune","-12.7983446","45.2746515"
"5410","Sada","141","YT","09","commune","-12.8518289","45.0993169"
"5413","Tsingoni","141","YT","12","commune","-12.7897252","45.1038055"
"3456","Aguascalientes","142","MX","AGU","state","21.8852562","-102.2915677"
"3457","Baja California","142","MX","BCN","state","30.0338923","-115.1425107"
"3460","Baja California Sur","142","MX","BCS","state","25.5818014","-111.5706164"
"3475","Campeche","142","MX","CAM","state","19.8381215","-90.5198253"
"3451","Chiapas","142","MX","CHP","state","16.5000001","-92.5000001"
"3447","Chihuahua","142","MX","CHH","state","28.6329957","-106.0691004"
"3473","Ciudad de México","142","MX","CMX","federal district","19.4326077","-99.133208"
"3471","Coahuila de Zaragoza","142","MX","COA","state","27.3333331","-102.0000001"
"3472","Colima","142","MX","COL","state","19.2452342","-103.7240868"
"3453","Durango","142","MX","DUR","state","24.833333","-104.833333"
"3450","Estado de México","142","MX","MEX","state","19.4839446","-99.6899716"
"3469","Guanajuato","142","MX","GUA","state","21.0190145","-101.2573586"
"3459","Guerrero","142","MX","GRO","state","17.666667","-100"
"3470","Hidalgo","142","MX","HID","state","24.1685545","-99.3873729"
"4857","Jalisco","142","MX","JAL","state","20.3333331","-103.6666671"
"3474","Michoacán de Ocampo","142","MX","MIC","state","19.207098","-101.878113"
"3465","Morelos","142","MX","MOR","state","18.75","-99"
"3477","Nayarit","142","MX","NAY","state","22.0000001","-105.0000001"
"3452","Nuevo León","142","MX","NLE","state","26.2384363","-99.8873"
"3448","Oaxaca","142","MX","OAX","state","17","-96.5"
"3476","Puebla","142","MX","PUE","state","19.0414398","-98.2062727"
"3455","Querétaro","142","MX","QUE","state","20.5887932","-100.3898881"
"3467","Quintana Roo","142","MX","ROO","state","19.6666671","-88.5000001"
"3461","San Luis Potosí","142","MX","SLP","state","22.1516472","-100.9763993"
"3449","Sinaloa","142","MX","SIN","state","25.0000001","-107.5000001"
"3468","Sonora","142","MX","SON","state","29.3333331","-110.6666671"
"3454","Tabasco","142","MX","TAB","state","17.9999288","-92.6681659"
"3463","Tamaulipas","142","MX","TAM","state","23.9891553","-98.7026825"
"3458","Tlaxcala","142","MX","TLA","state","19.318154","-98.2374954"
"3464","Veracruz de Ignacio de la Llave","142","MX","VER","state","19.333333","-96.666667"
"3466","Yucatán","142","MX","YUC","state","20.6845957","-88.8755669"
"3462","Zacatecas","142","MX","ZAC","state","22.7753891","-102.5722706"
"2580","Chuuk","143","FM","TRK","state","7.4393793","151.8515538"
"2583","Kosrae","143","FM","KSA","state","5.3095618","162.9814877"
"2581","Pohnpei","143","FM","PNI","state","6.8870467","158.2406138"
"2582","Yap","143","FM","YAP","state","9.5462683","138.1651599"
"4368","Anenii Noi","144","MD","AN","district","46.8795663","29.2312175"
"4393","Bălți","144","MD","BA","city","47.7647136","27.919916"
"4379","Basarabeasca","144","MD","BS","district","46.3985242","28.9022084"
"4362","Bender","144","MD","BD","city","46.8227551","29.4620101"
"4375","Briceni","144","MD","BR","district","48.3632022","27.0750398"
"4391","Cahul","144","MD","CA","district","45.9044087","28.1946583"
"4366","Călărași","144","MD","CL","district","47.2705086","28.2875685"
"4380","Cantemir","144","MD","CT","district","46.2771742","28.2009653"
"4365","Căușeni","144","MD","CS","district","46.6554715","29.4091222"
"4373","Chișinău","144","MD","CU","city","47.0245117","28.8322923"
"4360","Cimișlia","144","MD","CM","district","46.5250851","28.7721835"
"4390","Criuleni","144","MD","CR","district","47.2136114","29.1557519"
"4384","Dondușeni","144","MD","DO","district","48.2338305","27.5998087"
"4392","Drochia","144","MD","DR","district","48.1128441","27.8095419"
"4383","Dubăsari","144","MD","DU","district","47.2643942","29.1550348"
"4387","Edineț","144","MD","ED","district","48.1678991","27.2936143"
"4381","Fălești","144","MD","FA","district","47.5735141","27.7068016"
"4370","Florești","144","MD","FL","district","47.8991479","28.3132612"
"4385","Gagauzia","144","MD","GA","autonomous territorial unit","46.2070204","28.7636281"
"4367","Glodeni","144","MD","GL","district","47.7790156","27.516801"
"4382","Hîncești","144","MD","HI","district","46.8281147","28.5850889"
"4369","Ialoveni","144","MD","IA","district","46.94376","28.7767232"
"5667","Leova","144","MD","LE","district","46.5","28.41666667"
"4363","Nisporeni","144","MD","NI","district","47.0751349","28.1768155"
"4389","Ocnița","144","MD","OC","district","48.4110435","27.4768092"
"4361","Orhei","144","MD","OR","district","47.38604","28.8303082"
"4394","Rezina","144","MD","RE","district","47.7489209","28.9565739"
"4376","Rîșcani","144","MD","RI","district","47.9535987","27.5514453"
"4364","Sîngerei","144","MD","SI","district","47.6389134","28.1371816"
"4388","Șoldănești","144","MD","SD","district","47.8147389","28.7889586"
"4374","Soroca","144","MD","SO","district","48.1549743","28.2870783"
"4378","Ștefan Vodă","144","MD","SV","district","46.5160024","29.6644973"
"4377","Strășeni","144","MD","ST","district","47.1450267","28.6136736"
"4372","Taraclia","144","MD","TA","district","45.898651","28.6671644"
"4371","Telenești","144","MD","TE","district","47.4983962","28.3676019"
"4395","Transnistria","144","MD","SN","territorial unit","47.7598678","29.1176055"
"4386","Ungheni","144","MD","UN","district","47.2059965","27.798917"
"5668","Fontvieille","145","MC","FO","quarter","43.72944444","7.415"
"5669","Jardin Exotique","145","MC","JE","quarter","43.73138889","7.41388889"
"4917","La Colle","145","MC","CL","quarter","43.7327465","7.4137276"
"4918","La Condamine","145","MC","CO","quarter","43.7350665","7.419906"
"5670","La Gare","145","MC","GA","quarter","43.7319","7.4168"
"5671","La Source","145","MC","SO","quarter","43.7365","7.4195"
"5672","Larvotto","145","MC","LA","quarter","43.74666667","7.43333333"
"5673","Malbousquet","145","MC","MA","quarter","43.7345","7.4215"
"5674","Monaco-Ville","145","MC","MO","quarter","43.7311","7.42"
"4919","Moneghetti","145","MC","MG","quarter","43.7364927","7.4153383"
"5675","Monte-Carlo","145","MC","MC","quarter","43.73972222","7.42722222"
"5676","Moulins","145","MC","MU","quarter","43.7389","7.4185"
"5677","Port-Hercule","145","MC","PH","quarter","43.7347","7.4253"
"5678","Saint-Roman","145","MC","SR","quarter","43.7453","7.4318"
"5679","Sainte-Dévote","145","MC","SD","quarter","43.7372","7.4208"
"5680","Spélugues","145","MC","SP","quarter","43.7392","7.4251"
"5681","Vallon de la Rousse","145","MC","VR","quarter","43.7401","7.4175"
"1973","Arkhangai","146","MN","073","province","47.862646","101.0316283"
"1969","Bayan-Ölgii","146","MN","071","province","48.5470083","89.8549358"
"1976","Bayankhongor","146","MN","069","province","45.2380937","99.5146799"
"1961","Bulgan","146","MN","067","province","48.9521438","103.3965591"
"1962","Darkhan-Uul","146","MN","037","province","49.3767291","106.2901384"
"1963","Dornod","146","MN","061","province","47.6772781","115.2177155"
"1981","Dornogovi","146","MN","063","province","44.4179637","109.7783753"
"1970","Dundgovi","146","MN","059","province","45.5186722","106.2611562"
"1972","Govi-Altai","146","MN","065","province","45.3463139","95.9325806"
"1978","Govisümber","146","MN","064","province","46.4610827","108.5173101"
"1974","Khentii","146","MN","039","province","47.885981","110.4201043"
"1964","Khovd","146","MN","043","province","46.8997977","92.2959651"
"1975","Khövsgöl","146","MN","041","province","50.2206196","99.9170492"
"1967","Ömnögovi","146","MN","053","province","43.282363","104.1133864"
"1966","Orkhon","146","MN","035","province","49.0243744","104.2998863"
"1965","Övörkhangai","146","MN","055","province","45.8297039","102.7237769"
"1980","Selenge","146","MN","049","province","49.3910136","107.0629034"
"1977","Sükhbaatar","146","MN","051","province","46.2093417","113.5077196"
"1968","Töv","146","MN","047","province","47.4692538","106.5525161"
"5453","Ulaanbaatar","146","MN","001","capital city","47.9184676","106.9177016"
"1971","Uvs","146","MN","046","province","49.6313887","92.9558186"
"1979","Zavkhan","146","MN","057","province","48.3133355","96.2850506"
"23","Andrijevica","147","ME","01","municipality","42.7362477","19.7859556"
"13","Bar","147","ME","02","municipality","42.0979745","19.0954528"
"21","Berane","147","ME","03","municipality","42.8435792","19.8728701"
"25","Bijelo Polje","147","ME","04","municipality","43.0341595","19.7473559"
"30","Budva","147","ME","05","municipality","42.2885656","18.8419505"
"14","Danilovgrad","147","ME","07","municipality","42.5524049","19.1052289"
"24","Gusinje","147","ME","22","municipality","42.5563455","19.8306051"
"5682","Herceg-Novi","147","ME","08","municipality","42.45306","18.53722"
"31","Kolašin","147","ME","09","municipality","42.8238387","19.5218005"
"26","Kotor","147","ME","10","municipality","42.4249205","18.7713332"
"22","Mojkovac","147","ME","11","municipality","42.9624908","19.5799899"
"17","Nikšić","147","ME","12","municipality","42.7739388","18.9488097"
"28","Old Royal Capital Cetinje","147","ME","06","municipality","42.4783057","18.8980059"
"12","Petnjica","147","ME","23","municipality","42.925657","19.9829219"
"19","Plav","147","ME","13","municipality","42.6001337","19.9407541"
"20","Pljevlja","147","ME","14","municipality","43.3565611","19.3584715"
"16","Plužine","147","ME","15","municipality","43.1593384","18.8551484"
"27","Podgorica","147","ME","16","municipality","42.4415238","19.2621081"
"15","Rožaje","147","ME","17","municipality","42.8408389","20.1670628"
"18","Šavnik","147","ME","18","municipality","42.957197","19.0946043"
"29","Tivat","147","ME","19","municipality","42.4303762","18.6988104"
"5683","Tuzi","147","ME","24","municipality","42.36667","19.4"
"33","Ulcinj","147","ME","20","municipality","41.926012","19.2055563"
"32","Žabljak","147","ME","21","municipality","43.1555152","19.1226018"
"5684","Zeta","147","ME","25","municipality","42.4","19.25"
"5421","Saint Anthony","148","MS","03","parish","16.7056245","-62.1855304"
"5420","Saint Georges","148","MS","02","parish","16.7484755","-62.1907472"
"5419","Saint Peter","148","MS","01","parish","16.7765981","-62.2000786"
"4928","Agadir-Ida-Ou-Tanane","149","MA","AGD","prefecture","30.4209492","-9.6044298"
"3320","Al Haouz","149","MA","HAO","province","31.2806715","-7.9251771"
"3267","Al Hoceïma","149","MA","HOC","province","35.2445589","-3.9317468"
"3266","Aousserd (EH)","149","MA","AOU","province","22.5521538","-14.3297353"
"3297","Assa-Zag (EH-partial)","149","MA","ASZ","province","28.1402395","-9.7232673"
"3321","Azilal","149","MA","AZI","province","31.959295","-6.570991"
"3272","Béni Mellal","149","MA","BEM","province","32.334193","-6.353335"
"3278","Béni Mellal-Khénifra","149","MA","05","region","32.6407498","-6.207105"
"3304","Benslimane","149","MA","BES","province","33.6189698","-7.1305536"
"3285","Berkane","149","MA","BER","province","34.9266755","-2.3294087"
"4929","Berrechid","149","MA","BRR","province","33.2586035","-7.6150469"
"3275","Boujdour (EH)","149","MA","BOD","province","26.1252493","-14.4847347"
"3270","Boulemane","149","MA","BOM","province","33.3625159","-4.7303397"
"4930","Casablanca","149","MA","CAS","prefecture","33.5945144","-7.6200284"
"3303","Casablanca-Settat","149","MA","06","region","33.2627128","-7.9639028"
"3310","Chefchaouen","149","MA","CHE","province","35.1687748","-5.2683454"
"3274","Chichaoua","149","MA","CHI","province","31.5383581","-8.7646388"
"3302","Chtouka-Ait Baha","149","MA","CHT","province","30.0080601","-9.3334413"
"3306","Dakhla-Oued Ed-Dahab (EH)","149","MA","12","region","22.6043973","-19.8348241"
"3290","Drâa-Tafilalet","149","MA","08","region","31.1835432","-5.1395435"
"4931","Driouch","149","MA","DRI","province","34.976032","-3.3964493"
"3291","El Hajeb","149","MA","HAJ","province","33.685735","-5.3677844"
"3280","El Jadida","149","MA","JDI","province","33.2316326","-8.5007116"
"3309","El Kelâa des Sraghna","149","MA","KES","province","32.0538921","-7.4068642"
"3299","Errachidia","149","MA","ERR","province","31.929089","-4.4340807"
"3292","Es-Semara (EH-partial)","149","MA","ESM","province","26.741856","-11.6783671"
"3316","Essaouira","149","MA","ESI","province","31.5084926","-9.7595041"
"3300","Fahs-Anjra","149","MA","FAH","province","35.7518235","-5.5864652"
"4932","Fès","149","MA","FES","prefecture","34.0261951","-5.0231849"
"3313","Fès-Meknès","149","MA","03","region","33.8333136","-4.8556382"
"3301","Figuig","149","MA","FIG","province","32.1092613","-1.229806"
"4933","Fquih Ben Salah","149","MA","FQH","province","32.4212148","-6.7470785"
"3265","Guelmim","149","MA","GUE","province","28.9883659","-10.0527498"
"3305","Guelmim-Oued Noun (EH-partial)","149","MA","10","region","28.4844281","-10.0807298"
"4934","Guercif","149","MA","GUF","province","34.225576","-3.352345"
"3325","Ifrane","149","MA","IFR","province","33.5228062","-5.1109552"
"3294","Inezgane-Ait Melloul","149","MA","INE","prefecture","30.3469172","-9.4408492"
"3307","Jerada","149","MA","JRA","province","34.310531","-2.159979"
"3308","Kénitra","149","MA","KEN","province","34.26457","-6.570169"
"3276","Khémisset","149","MA","KHE","province","33.830287","-6.072605"
"3317","Khénifra","149","MA","KHN","province","32.9340471","-5.661571"
"3326","Khouribga","149","MA","KHO","province","32.8856482","-6.908798"
"3271","L'Oriental","149","MA","02","region","34.6808997","-1.9407196"
"3293","Laâyoune (EH)","149","MA","LAA","province","27.1500384","-13.1990758"
"3298","Laâyoune-Sakia El Hamra (EH-partial)","149","MA","11","region","27.8683194","-11.9804613"
"3268","Larache","149","MA","LAR","province","35.1952327","-6.152913"
"4936","M’diq-Fnideq","149","MA","MDF","prefecture","35.7614806","-5.399416"
"4935","Marrakech","149","MA","MAR","prefecture","31.6265121","-8.0030195"
"3288","Marrakesh-Safi","149","MA","07","region","31.6258257","-7.9891608"
"3284","Médiouna","149","MA","MED","province","33.4540939","-7.516602"
"4937","Meknès","149","MA","MEK","prefecture","33.8984131","-5.5321582"
"4938","Midelt","149","MA","MID","province","32.680347","-4.739897"
"4939","Mohammadia","149","MA","MOH","prefecture","33.6958383","-7.3893292"
"3315","Moulay Yacoub","149","MA","MOU","province","34.0874479","-5.1784019"
"3281","Nador","149","MA","NAD","province","35.1739922","-2.9281198"
"3287","Nouaceur","149","MA","NOU","province","33.3670393","-7.5732537"
"3269","Ouarzazate","149","MA","OUA","province","30.920193","-6.910923"
"3319","Oued Ed-Dahab (EH)","149","MA","OUD","province","22.7337892","-14.2861116"
"4941","Ouezzane","149","MA","OUZ","province","34.8071502","-5.5760934"
"4940","Oujda-Angad","149","MA","OUJ","prefecture","34.667468","-2.0365837"
"4942","Rabat","149","MA","RAB","prefecture","34.0218454","-6.8408929"
"4927","Rabat-Salé-Kénitra","149","MA","04","region","33.9204332","-6.3676093"
"4943","Rehamna","149","MA","REH","province","32.4637436","-7.9087822"
"3311","Safi","149","MA","SAF","province","32.2650776","-9.230554"
"4944","Salé","149","MA","SAL","prefecture","34.044889","-6.814017"
"3289","Sefrou","149","MA","SEF","province","33.8305244","-4.8353154"
"3282","Settat","149","MA","SET","province","33.002397","-7.619867"
"4945","Sidi Bennour","149","MA","SIB","province","32.6507792","-8.4242087"
"4946","Sidi Ifni","149","MA","SIF","province","29.3791253","-10.1715632"
"3279","Sidi Kacem","149","MA","SIK","province","34.2260172","-5.7129164"
"4952","Sidi Slimane","149","MA","SIL","province","34.259878","-5.927253"
"4947","Skhirate-Témara","149","MA","SKH","prefecture","33.7563375","-6.8799428"
"3295","Souss-Massa","149","MA","09","region","30.187722","-8.6322498"
"3286","Tan-Tan (EH-partial)","149","MA","TNT","province","28.03012","-11.1617356"
"4950","Tanger-Assilah","149","MA","TNG","prefecture","35.7625681","-5.8295062"
"3324","Tanger-Tétouan-Al Hoceïma","149","MA","01","region","35.202941","-5.5510167"
"3323","Taounate","149","MA","TAO","province","34.536917","-4.6398693"
"3322","Taourirt","149","MA","TAI","province","34.413438","-2.893825"
"4948","Tarfaya (EH-partial)","149","MA","TAF","province","27.9377701","-12.9294063"
"3314","Taroudannt","149","MA","TAR","province","30.4727126","-8.8748765"
"3312","Tata","149","MA","TAT","province","29.750877","-7.9756343"
"3296","Taza","149","MA","TAZ","province","34.230155","-4.010104"
"3318","Tétouan","149","MA","TET","province","35.570175","-5.3742776"
"4949","Tinghir","149","MA","TIN","province","31.3173124","-5.7494232"
"3277","Tiznit","149","MA","TIZ","province","29.693392","-9.732157"
"4951","Youssoufia","149","MA","YUS","province","32.245801","-8.532439"
"3283","Zagora","149","MA","ZAG","province","30.3279053","-5.8369957"
"3327","Cabo Delgado","150","MZ","P","province","-12.4254942","39.4168743"
"3329","Gaza","150","MZ","G","province","-23.328398","32.8066057"
"3330","Inhambane","150","MZ","I","province","-22.779116","34.5661741"
"3337","Manica","150","MZ","B","province","-19.0400995","33.4318137"
"3332","Maputo","150","MZ","L","province","-25.5445167","32.4578753"
"3335","Maputo","150","MZ","MPM","city","-25.5445167","32.4578753"
"3336","Nampula","150","MZ","N","province","-14.966969","39.2707752"
"3333","Niassa","150","MZ","A","province","-13.0638577","36.4669964"
"3331","Sofala","150","MZ","S","province","-19.0771666","34.7164804"
"3334","Tete","150","MZ","T","province","-15.5205193","32.7682742"
"3328","Zambezia","150","MZ","Q","province","-16.6460178","36.991932"
"2142","Ayeyarwady","151","MM","07","region","16.8340079","95.1804705"
"2141","Bago","151","MM","02","region","17.336667","96.479722"
"2137","Chin","151","MM","14","state","22.018242","93.5038035"
"2143","Kachin","151","MM","11","state","26.0207656","97.4919258"
"2144","Kayah","151","MM","12","state","19.2812505","97.3291806"
"2133","Kayin","151","MM","13","state","17.1863135","97.7499316"
"2136","Magway","151","MM","03","region","20.1491458","94.9213518"
"2134","Mandalay","151","MM","04","region","21.9596834","96.0948743"
"2147","Mon State","151","MM","15","state","17.0832546","97.3337305"
"2146","Naypyidaw","151","MM","18","union territory","19.7753289","96.1032552"
"2138","Rakhine","151","MM","16","state","19.5212991","94.0072428"
"2145","Sagaing","151","MM","01","region","24.4768486","95.47474"
"2139","Shan","151","MM","17","state","21.5122404","98.0098362"
"2140","Tanintharyi","151","MM","05","region","12.1091546","98.8165256"
"2135","Yangon","151","MM","06","region","16.7967129","96.1609916"
"43","Erongo","152","NA","ER","region","-22.0278147","15.389358"
"38","Hardap","152","NA","HA","region","-24.4140944","17.4134051"
"45","Karas","152","NA","KA","region","-26.8752094","17.7634818"
"36","Kavango East","152","NA","KE","region","-18.3982355","20.72468"
"35","Kavango West","152","NA","KW","region","-18.256111","18.970201"
"44","Khomas","152","NA","KH","region","-22.9082553","17.09198"
"34","Kunene","152","NA","KU","region","-19.6792809","13.9756564"
"40","Ohangwena","152","NA","OW","region","-17.5877369","16.7737955"
"41","Omaheke","152","NA","OH","region","-21.9074676","19.3929661"
"39","Omusati","152","NA","OS","region","-18.2862314","14.8856679"
"37","Oshana","152","NA","ON","region","-18.4702308","15.7434419"
"42","Oshikoto","152","NA","OT","region","-18.5464046","17.1019606"
"46","Otjozondjupa","152","NA","OD","region","-19.9424962","18.395886"
"47","Zambezi","152","NA","CA","region","-17.6912922","24.1377371"
"4656","Aiwo","153","NR","01","district","-0.5340012","166.9138873"
"4658","Anabar","153","NR","02","district","-0.5133517","166.9484624"
"4667","Anetan","153","NR","03","district","-0.5064343","166.9427006"
"4663","Anibare","153","NR","04","district","-0.5294758","166.9513432"
"4660","Baiti","153","NR","05","district","-0.510431","166.9275744"
"4665","Boe","153","NR","06","district","-0.5423003","166.9160609"
"4662","Buada","153","NR","07","district","-0.5328777","166.9268541"
"4666","Denigomodu","153","NR","08","district","-0.5247964","166.9167689"
"4654","Ewa","153","NR","09","district","-0.5087241","166.9369384"
"4661","Ijuw","153","NR","10","district","-0.5202767","166.9571046"
"4657","Meneng","153","NR","11","district","-0.546724","166.938379"
"4659","Nibok","153","NR","12","district","-0.5196208","166.9189301"
"4655","Uaboe","153","NR","13","district","-0.5202222","166.9311761"
"4664","Yaren","153","NR","14","district","-0.5466857","166.9210913"
"2073","Bagmati","154","NP","P3","province","27.4845108","85.2929758"
"2069","Gandaki","154","NP","P4","province","28.3740324","84.0513324"
"2068","Karnali","154","NP","P6","province","29.20272","81.6145214"
"2066","Koshi","154","NP","P1","province","26.5602871","87.0066582"
"2067","Lumbini","154","NP","P5","province","28.0654626","82.535642"
"5240","Madhesh","154","NP","P2","province","26.9066675","85.7069635"
"5241","Sudurpashchim","154","NP","P7","province","29.4333933","81.0139775"
"2613","Drenthe","156","NL","DR","province","52.9067922","6.6368423"
"2619","Flevoland","156","NL","FL","province","52.4484375","5.4235397"
"2622","Friesland","156","NL","FR","province","53.0923689","5.777043"
"2611","Gelderland","156","NL","GE","province","52.1014041","5.9515701"
"2617","Groningen","156","NL","GR","province","53.2193835","6.5665017"
"2615","Limburg","156","NL","LI","province","51.2015196","5.9046302"
"2623","North Brabant","156","NL","NB","province","51.6017723","5.4441391"
"2612","North Holland","156","NL","NH","province","52.7212825","4.820665"
"2618","Overijssel","156","NL","OV","province","52.4254143","6.4610611"
"2614","South Holland","156","NL","ZH","province","51.9966792","4.5597397"
"2610","Utrecht","156","NL","UT","province","52.0907374","5.1214201"
"2620","Zeeland","156","NL","ZE","province","51.4162975","3.7028061"
"5227","Loyalty Islands Province","157","NC","03","province","-20.972966","167.2884295"
"5226","North Province","157","NC","02","province","-20.1472512","164.1237568"
"5225","South Province","157","NC","01","province","-22.2758421","166.6417946"
"4072","Auckland","158","NZ","AUK","region","-36.852095","174.7631803"
"4074","Bay of Plenty","158","NZ","BOP","region","-37.4969185","176.9228349"
"4066","Canterbury","158","NZ","CAN","region","-43.4941762","171.8098448"
"4067","Chatham Islands","158","NZ","CIT","special island authority","-43.917534","-176.18734"
"4068","Gisborne","158","NZ","GIS","region","-38.1532287","178.1367524"
"4075","Hawke's Bay","158","NZ","HKB","region","-39.5256512","176.7611457"
"4060","Manawatu-Whanganui","158","NZ","MWT","region","-39.6407734","175.5713557"
"4063","Marlborough","158","NZ","MBH","region","-41.4744747","173.8330263"
"4070","Nelson","158","NZ","NSN","region","-41.2710849","173.2836756"
"4059","Northland","158","NZ","NTL","region","-35.3755091","173.9470106"
"4062","Otago","158","NZ","OTA","region","-45.3975053","170.1778918"
"4071","Southland","158","NZ","STL","region","-45.9254266","167.6068483"
"4069","Taranaki","158","NZ","TKI","region","-39.3848064","174.1973505"
"4073","Tasman","158","NZ","TAS","region","-41.302221","172.8945319"
"4061","Waikato","158","NZ","WKO","region","-37.7792272","175.2010324"
"4065","Wellington","158","NZ","WGN","region","-41.2235474","175.4157576"
"4064","West Coast","158","NZ","WTC","region","-42.5638896","171.452334"
"946","Boaco","159","NI","BO","department","12.469284","-85.6614682"
"950","Carazo","159","NI","CA","department","11.6619985","-86.3125697"
"954","Chinandega","159","NI","CI","department","12.7777962","-87.269584"
"940","Chontales","159","NI","CO","department","11.9876753","-85.1860798"
"945","Estelí","159","NI","ES","department","13.0931241","-86.3554436"
"943","Granada","159","NI","GR","department","11.9344073","-85.9560005"
"955","Jinotega","159","NI","JI","department","13.0883907","-85.9993997"
"944","León","159","NI","LE","department","12.5092037","-86.6611083"
"948","Madriz","159","NI","MD","department","13.4272871","-86.401622"
"941","Managua","159","NI","MN","department","12.1080585","-86.3505808"
"953","Masaya","159","NI","MS","department","11.9736474","-86.0960547"
"947","Matagalpa","159","NI","MT","department","12.940323","-85.6960942"
"951","North Caribbean Coast","159","NI","AN","autonomous region","14.0557499","-83.7475765"
"4964","Nueva Segovia","159","NI","NS","department","13.7719023","-86.0584542"
"949","Río San Juan","159","NI","SJ","department","11.3080026","-84.7550693"
"942","Rivas","159","NI","RI","department","11.3434687","-85.7159624"
"952","South Caribbean Coast","159","NI","AS","autonomous region","12.1793275","-83.7774051"
"71","Agadez","160","NE","1","region","19.4211115","10.6846987"
"72","Diffa","160","NE","2","region","13.4880875","12.5136266"
"68","Dosso","160","NE","3","region","13.1658009","3.3068075"
"70","Maradi","160","NE","4","region","14.224","7.4717877"
"5685","Niamey","160","NE","8","urban community","13.51361111","2.10888889"
"73","Tahoua","160","NE","5","region","16.1576745","5.3282652"
"67","Tillabéri","160","NE","6","region","13.7251068","1.6961456"
"69","Zinder","160","NE","7","region","15.1787","9.7074108"
"303","Abia","161","NG","AB","state","5.4540953","7.5153071"
"293","Abuja Federal Capital Territory","161","NG","FC","capital territory","8.8311228","7.1724673"
"320","Adamawa","161","NG","AD","state","9.5129772","12.3881887"
"304","Akwa Ibom","161","NG","AK","state","4.9906379","7.7966205"
"315","Anambra","161","NG","AN","state","6.2183136","6.9531842"
"312","Bauchi","161","NG","BA","state","10.6228284","10.0287754"
"305","Bayelsa","161","NG","BY","state","4.7629786","6.028898"
"291","Benue","161","NG","BE","state","7.3505747","8.7772877"
"307","Borno","161","NG","BO","state","12.1875392","13.3080034"
"314","Cross River","161","NG","CR","state","5.8671966","8.5204774"
"316","Delta","161","NG","DE","state","5.5273061","6.1784167"
"311","Ebonyi","161","NG","EB","state","6.1996918","8.0348906"
"318","Edo","161","NG","ED","state","6.6076575","5.9722713"
"309","Ekiti","161","NG","EK","state","7.736891","5.2738326"
"289","Enugu","161","NG","EN","state","6.5536094","7.4143061"
"310","Gombe","161","NG","GO","state","10.4304018","11.2065408"
"308","Imo","161","NG","IM","state","5.5859456","7.0669651"
"288","Jigawa","161","NG","JI","state","12.3252362","9.5103296"
"294","Kaduna","161","NG","KD","state","10.3825318","7.8533226"
"300","Kano","161","NG","KN","state","11.8948389","8.5364136"
"313","Katsina","161","NG","KT","state","12.5630825","7.6207063"
"290","Kebbi","161","NG","KE","state","11.4167574","4.1074545"
"298","Kogi","161","NG","KO","state","7.7949602","6.6868669"
"295","Kwara","161","NG","KW","state","8.8367891","4.6688487"
"306","Lagos","161","NG","LA","state","6.4550575","3.3941795"
"301","Nasarawa","161","NG","NA","state","8.4387868","8.2382849"
"317","Niger","161","NG","NI","state","9.9326083","5.6511088"
"323","Ogun","161","NG","OG","state","6.9788582","3.4389293"
"321","Ondo","161","NG","ON","state","7.0209686","5.0567477"
"322","Osun","161","NG","OS","state","7.5484047","4.4978307"
"296","Oyo","161","NG","OY","state","8.2151249","3.5642897"
"302","Plateau","161","NG","PL","state","9.0583446","9.6826289"
"4926","Rivers","161","NG","RI","state","4.8416028","6.8604088"
"292","Sokoto","161","NG","SO","state","13.0611195","5.3152203"
"319","Taraba","161","NG","TA","state","8.0141334","10.7376336"
"297","Yobe","161","NG","YO","state","12.1233242","11.5065937"
"299","Zamfara","161","NG","ZA","state","12.0078998","6.4191432"
"5435","Alofi North","162","NU","14","village","-19.0488977","-169.9190905"
"5434","Alofi South","162","NU","13","village","-19.054836","-169.9198846"
"5432","Avatele","162","NU","11","village","-19.1237302","-169.9165678"
"5430","Hakupu","162","NU","09","village","-19.1287275","-169.8492123"
"5425","Hikutavake","162","NU","04","village","-18.9656326","-169.880636"
"5428","Lakepa","162","NU","07","village","-19.0096425","-169.8120046"
"5429","Liku","162","NU","08","village","-19.0536907","-169.7942591"
"5422","Makefu","162","NU","01","village","-19.0032618","-169.9204732"
"5427","Mutalau","162","NU","06","village","-18.9639385","-169.8327863"
"5424","Namukulu","162","NU","03","village","-18.9812275","-169.9029422"
"5433","Tamakautoga","162","NU","12","village","-19.104524","-169.917382"
"5426","Toi","162","NU","05","village","-18.97376","-169.8629774"
"5423","Tuapa","162","NU","02","village","-18.9912507","-169.9092078"
"5431","Vaiea","162","NU","10","village","-19.1308358","-169.8938012"
"3998","Chagang","115","KP","04","province","40.7198536","126.539056"
"5719","Kaesong","115","KP","15","metropolitan city","37.97166667","126.55277778"
"3999","Kangwon","115","KP","07","province","38.8354349","127.5146547"
"5718","Nampho","115","KP","14","metropolitan city","38.73555556","125.40888889"
"3995","North Hamgyong","115","KP","09","province","41.9098723","129.369056"
"4004","North Hwanghae","115","KP","06","province","38.5709632","126.2465723"
"4002","North Pyongan","115","KP","03","province","40.0642847","125.2356222"
"4005","Pyongyang","115","KP","01","capital city","39.0167979","125.7473609"
"4001","Rason","115","KP","13","special city","42.2497316","130.3113296"
"3996","Ryanggang","115","KP","10","province","41.0997898","128.1690346"
"4000","South Hamgyong","115","KP","08","province","40.119918","127.5990989"
"4003","South Hwanghae","115","KP","05","province","38.2628262","125.476901"
"3997","South Pyongan","115","KP","02","province","39.5416505","126.0647645"
"703","Aerodrom","129","MK","801","municipality","41.9678028","21.509022"
"656","Aračinovo","129","MK","802","municipality","42.0252965","21.5577659"
"716","Berovo","129","MK","201","municipality","41.6697382","22.8173735"
"679","Bitola","129","MK","501","municipality","41.0363302","21.3321974"
"649","Bogdanci","129","MK","401","municipality","41.1869616","22.5960268"
"721","Bogovinje","129","MK","601","municipality","41.9236371","20.9163887"
"652","Bosilovo","129","MK","402","municipality","41.4815119","22.7753815"
"660","Brvenica","129","MK","602","municipality","41.9681482","20.9819586"
"694","Butel","129","MK","803","municipality","42.0895068","21.463361"
"704","Čair","129","MK","815","municipality","42.0106711","21.4382077"
"676","Čaška","129","MK","109","municipality","41.647438","21.6914115"
"702","Centar","129","MK","814","municipality","41.9942955","21.4302494"
"720","Centar Župa","129","MK","313","municipality","41.4652259","20.5930548"
"644","Češinovo-Obleševo","129","MK","210","municipality","41.8753449","22.2900045"
"715","Čučer-Sandevo","129","MK","816","municipality","42.0994869","21.3868611"
"5726","Debar","129","MK","303","municipality","41.5230655","20.5238389"
"645","Debarca","129","MK","304","municipality","41.9964319","21.4239442"
"695","Delčevo","129","MK","203","municipality","41.9668344","22.7767722"
"687","Demir Hisar","129","MK","502","municipality","41.2198967","21.2020872"
"655","Demir Kapija","129","MK","103","municipality","41.4087136","22.2418571"
"697","Dojran","129","MK","406","municipality","41.2253118","22.7040294"
"675","Dolneni","129","MK","503","municipality","41.4818058","21.4060444"
"707","Gazi Baba","129","MK","804","municipality","41.9984446","21.4737249"
"648","Gevgelija","129","MK","405","municipality","41.1388664","22.5033192"
"722","Gjorče Petrov","129","MK","805","municipality","42.0174648","21.3642753"
"693","Gostivar","129","MK","604","municipality","41.7920222","20.9081703"
"708","Gradsko","129","MK","102","municipality","41.6133568","21.886077"
"690","Ilinden","129","MK","807","municipality","41.9957443","21.5676975"
"678","Jegunovce","129","MK","606","municipality","42.074072","21.1220478"
"674","Karbinci","129","MK","205","municipality","41.8180159","22.2324758"
"681","Karpoš","129","MK","808","municipality","42.0062279","21.3862569"
"713","Kavadarci","129","MK","104","municipality","41.4332802","22.0122593"
"688","Kičevo","129","MK","307","municipality","41.5129112","20.9525065"
"686","Kisela Voda","129","MK","809","municipality","41.9794265","21.4396002"
"723","Kočani","129","MK","206","municipality","41.9211332","22.4114182"
"665","Konče","129","MK","407","municipality","41.5205634","22.4036343"
"641","Kratovo","129","MK","701","municipality","42.0962163","22.1686735"
"677","Kriva Palanka","129","MK","702","municipality","42.2058454","22.3307965"
"647","Krivogaštani","129","MK","504","municipality","41.3238376","21.3818519"
"714","Kruševo","129","MK","505","municipality","41.3720324","21.2484351"
"683","Kumanovo","129","MK","703","municipality","42.135913","21.7185474"
"659","Lipkovo","129","MK","704","municipality","42.1658209","21.5843497"
"705","Lozovo","129","MK","105","municipality","41.7818139","21.9000827"
"701","Makedonska Kamenica","129","MK","207","municipality","42.0219096","22.588719"
"692","Makedonski Brod","129","MK","308","municipality","41.5133088","21.2174329"
"669","Mavrovo and Rostuša","129","MK","607","municipality","41.6441167","20.6590893"
"653","Mogila","129","MK","506","municipality","41.1768776","21.4078968"
"664","Negotino","129","MK","106","municipality","41.4844229","22.0905903"
"696","Novaci","129","MK","507","municipality","41.0442661","21.4588894"
"718","Novo Selo","129","MK","408","municipality","41.4126325","22.8835556"
"699","Ohrid","129","MK","310","municipality","41.1170203","20.8017715"
"685","Pehčevo","129","MK","208","municipality","41.7635729","22.8873017"
"698","Petrovec","129","MK","810","municipality","41.9029897","21.689921"
"670","Plasnica","129","MK","311","municipality","41.4546349","21.1056539"
"666","Prilep","129","MK","508","municipality","41.3444984","21.5527115"
"646","Probištip","129","MK","209","municipality","41.9589146","22.166867"
"709","Radoviš","129","MK","409","municipality","41.6495531","22.4768287"
"717","Rankovce","129","MK","705","municipality","42.1686201","22.1165518"
"712","Resen","129","MK","509","municipality","41.0327674","20.9917789"
"691","Rosoman","129","MK","107","municipality","41.5002371","21.9057322"
"667","Saraj","129","MK","811","municipality","41.9999161","21.328197"
"719","Sopište","129","MK","812","municipality","41.8484973","21.2971559"
"643","Staro Nagoričane","129","MK","706","municipality","42.1990188","21.8294161"
"661","Štip","129","MK","211","municipality","41.7374724","22.1935856"
"700","Struga","129","MK","312","municipality","41.1770278","20.6790586"
"710","Strumica","129","MK","410","municipality","41.4378004","22.6427428"
"711","Studeničani","129","MK","813","municipality","41.9225639","21.5363965"
"680","Šuto Orizari","129","MK","817","municipality","42.0405453","21.423591"
"640","Sveti Nikole","129","MK","108","municipality","41.8647339","21.9420506"
"654","Tearce","129","MK","608","municipality","42.0777511","21.0534923"
"663","Tetovo","129","MK","609","municipality","42.0068297","20.9728556"
"671","Valandovo","129","MK","403","municipality","41.3373804","22.5156752"
"658","Vasilevo","129","MK","404","municipality","41.4741699","22.6422128"
"651","Veles","129","MK","101","municipality","41.718869","21.7705695"
"662","Vevčani","129","MK","301","municipality","41.2407543","20.5915649"
"672","Vinica","129","MK","202","municipality","41.8607399","22.5928454"
"689","Vrapčište","129","MK","603","municipality","41.879116","20.83145"
"706","Zelenikovo","129","MK","806","municipality","41.8860408","21.5869671"
"668","Želino","129","MK","605","municipality","41.9262923","21.1175782"
"673","Zrnovci","129","MK","204","municipality","41.8373714","22.4287013"
"1014","Agder","165","NO","42","county","58.7194423","8.0349635"
"5448","Akershus","165","NO","32","county","60.0312215","11.3174619"
"5449","Buskerud","165","NO","33","county","60.2497876","8.9627868"
"1015","Finnmark","165","NO","56","county","69.9697735","24.7685788"
"1009","Innlandet","165","NO","34","county","63.1047826","7.7351793"
"1026","Jan Mayen","165","NO","22","arctic region","70.9931471","-8.3520659"
"1020","Møre og Romsdal","165","NO","15","county","62.8452777","7.5181941"
"1025","Nordland","165","NO","18","county","67.2756405","13.8623606"
"1007","Oslo","165","NO","03","county","59.9138688","10.7522454"
"5450","Østfold","165","NO","31","county","59.2669302","11.2085719"
"1021","Rogaland","165","NO","11","county","58.9363137","5.8058786"
"1013","Svalbard","165","NO","21","arctic region","78.7198519","20.3493328"
"1024","Telemark","165","NO","40","county","59.3962676","8.66266"
"5451","Troms","165","NO","55","county","69.5311071","19.5296839"
"1006","Trøndelag","165","NO","50","county","63.8775924","10.1950505"
"5452","Vestfold","165","NO","39","county","59.1954857","10.2662616"
"1018","Vestland","165","NO","46","county","60.9291011","6.1078869"
"3058","Ad Dakhiliyah","166","OM","DA","governorate","22.2259752","57.3692722"
"3047","Ad Dhahirah","166","OM","ZA","governorate","22.6505232","56.0616295"
"3048","Al Batinah North","166","OM","BS","governorate","24.2371879","56.5701198"
"3049","Al Batinah South","166","OM","BJ","governorate","23.3673911","57.4737863"
"3059","Al Buraimi","166","OM","BU","governorate","24.1614948","56.1464102"
"3056","Al Wusta","166","OM","WU","governorate","19.7250347","56.4313671"
"3053","Ash Sharqiyah North","166","OM","SS","governorate","22.2024738","58.5159072"
"3054","Ash Sharqiyah South","166","OM","SJ","governorate","21.909878","59.3078117"
"3057","Dhofar","166","OM","ZU","governorate","18.3368829","54.2092994"
"3052","Musandam","166","OM","MU","governorate","26.1523215","56.3294895"
"3055","Muscat","166","OM","MA","governorate","23.6123628","58.5938134"
"3172","Azad Kashmir","167","PK","JK","administered area","33.84412","73.796642"
"3174","Balochistan","167","PK","BA","province","28","66"
"3170","Gilgit-Baltistan","167","PK","GB","administered area","35.9999972","75.0000023"
"3169","Islamabad","167","PK","IS","federal capital territory","33.6938118","73.0651511"
"3171","Khyber Pakhtunkhwa","167","PK","KP","province","33.712802","71.2678805"
"3176","Punjab","167","PK","PB","province","31","72"
"3175","Sindh","167","PK","SD","province","25.5","69"
"4540","Aimeliik","168","PW","002","state","7.5651497","134.1469665"
"4528","Airai","168","PW","004","state","7.3599342","134.5601154"
"4538","Angaur","168","PW","010","state","6.909223","134.1387934"
"4529","Hatohobei","168","PW","050","state","3.0070658","131.1237781"
"4539","Kayangel","168","PW","100","state","8.0822491","134.7189633"
"4532","Koror","168","PW","150","state","7.3337487","134.4762806"
"4530","Melekeok","168","PW","212","state","7.4726013","134.7548743"
"4537","Ngaraard","168","PW","214","state","7.6424529","134.7328064"
"4533","Ngarchelong","168","PW","218","state","7.8467235","134.4733014"
"4527","Ngardmau","168","PW","222","state","7.726789","134.2765486"
"4531","Ngatpang","168","PW","224","state","7.6117591","134.1799732"
"4536","Ngchesar","168","PW","226","state","7.417716","134.7114947"
"4541","Ngeremlengui","168","PW","227","state","7.6590207","134.2120044"
"4534","Ngiwal","168","PW","228","state","7.5407316","134.7298202"
"4526","Peleliu","168","PW","350","state","7.0113797","134.246065"
"4535","Sonsorol","168","PW","370","state","5.3268119","132.2239117"
"5118","Bethlehem","169","PS","BTH","governorate","31.7053996","35.1936877"
"5119","Deir El Balah","169","PS","DEB","governorate","31.4202897","34.286164"
"5120","Gaza","169","PS","GZA","governorate","31.4872397","34.149989"
"5121","Hebron","169","PS","HBN","governorate","31.5326001","35.0639475"
"5122","Jenin","169","PS","JEN","governorate","32.4263761","35.0856887"
"5123","Jericho","169","PS","JRH","governorate","31.9676425","35.1354279"
"5124","Jerusalem (Quds)","169","PS","JEM","governorate","31.8020328","34.9599664"
"5125","Khan Yunis","169","PS","KYS","governorate","31.3298766","34.2254833"
"5126","Nablus","169","PS","NBS","governorate","32.2243755","35.2064793"
"5127","North Gaza","169","PS","NGZ","governorate","31.547506","34.4281409"
"5128","Qalqilya","169","PS","QQA","governorate","32.1810323","34.9936999"
"5129","Rafah","169","PS","RFH","governorate","31.2968899","34.1116685"
"5130","Ramallah","169","PS","RBH","governorate","31.9430145","34.8645651"
"5131","Salfit","169","PS","SLT","governorate","32.1112272","34.9578769"
"5132","Tubas","169","PS","TBS","governorate","32.2938043","34.851098"
"5133","Tulkarm","169","PS","TKM","governorate","32.3276672","34.9231108"
"1393","Bocas del Toro","170","PA","1","province","9.3402964","-82.2418169"
"1397","Chiriquí Province","170","PA","4","province","9.0287351","-79.6223869"
"1387","Coclé","170","PA","2","province","8.5743137","-80.4449059"
"1386","Colón","170","PA","3","province","9.2353085","-80.2532526"
"1385","Darién","170","PA","5","province","8.2158991","-78.0172551"
"1396","Emberá-Wounaan Comarca","170","PA","EM","indigenous region","8.4210754","-77.592269"
"1388","Guna","170","PA","KY","indigenous region","9.1591409","-78.4553083"
"1389","Herrera","170","PA","6","province","7.854438","-80.7436313"
"1390","Los Santos","170","PA","7","province","7.8773471","-80.4290617"
"5686","Naso Tjër Di","170","PA","NT","indigenous region","9.2444","-82.7353"
"1391","Ngöbe-Buglé Comarca","170","PA","NB","indigenous region","8.793244","-81.7682694"
"1395","Panamá","170","PA","8","province","8.9714493","-79.5341802"
"1394","Panamá Oeste","170","PA","10","province","8.730087","-79.8755817"
"1392","Veraguas","170","PA","9","province","8.2414131","-81.0903464"
"4831","Bougainville","171","PG","NSB","autonomous region","-6.1441283","155.2059339"
"4847","Central","171","PG","CPM","province","-10","148"
"4846","Chimbu","171","PG","CPK","province","-6.25","144.833333"
"4834","East New Britain","171","PG","EBR","province","-5.1386278","151.9020187"
"5228","East Sepik","171","PG","ESW","province","-4.355541","143.2325162"
"4845","Eastern Highlands","171","PG","EHG","province","-6.5","145.583333"
"4848","Enga","171","PG","EPW","province","-5.6725937","143.6436942"
"4839","Gulf","171","PG","GPK","province","-7.5556411","144.8850036"
"4833","Hela","171","PG","HLA","province","-5.7729776","142.7792477"
"4832","Jiwaka","171","PG","JWK","province","-5.5797604","144.613752"
"4843","Madang","171","PG","MPM","province","-5","145.5"
"4842","Manus","171","PG","MRL","province","-2.1032645","146.9325448"
"4849","Milne Bay","171","PG","MBA","province","-10.0226491","151.5800288"
"4835","Morobe","171","PG","MPL","province","-7","147"
"4841","New Ireland","171","PG","NIK","province","-3.7021472","152.4360021"
"4838","Oro","171","PG","NPP","province","-9","148.5"
"4837","Port Moresby","171","PG","NCD","district","-9.4743301","147.1599504"
"4836","Sandaun","171","PG","SAN","province","-3.5","142"
"4844","Southern Highlands","171","PG","SHM","province","-6.4471522","143.6006612"
"4830","West New Britain","171","PG","WBK","province","-5.8891465","149.699546"
"4850","Western","171","PG","WPD","province","-7.5","142"
"4840","Western Highlands","171","PG","WHM","province","-5.841586","144.2355348"
"2785","Alto Paraguay","172","PY","16","department","-20.5","-59.166667"
"2784","Alto Paraná","172","PY","10","department","-25.5","-54.833333"
"2782","Amambay","172","PY","13","department","-23","-56"
"5221","Asuncion","172","PY","ASU","department","-25.2800459","-57.6343814"
"2780","Boquerón","172","PY","19","department","-22.6643064","-61.0015877"
"2773","Caaguazú","172","PY","5","department","-25.4645818","-56.013851"
"2775","Caazapá","172","PY","6","department","-26.1973302","-56.3666422"
"2771","Canindeyú","172","PY","14","department","-24.25","-55.25"
"2777","Central","172","PY","11","department","-25.5","-57.5"
"2779","Concepción","172","PY","1","department","-23.4068281","-57.4427802"
"2783","Cordillera","172","PY","3","department","-25.25","-57"
"2772","Guairá","172","PY","4","department","-25.75","-56.5"
"2778","Itapúa","172","PY","7","department","-26.833333","-55.833333"
"2786","Misiones","172","PY","8","department","-27","-57"
"2781","Ñeembucú","172","PY","12","department","-27","-58"
"2774","Paraguarí","172","PY","9","department","-25.6262174","-57.1520642"
"2770","Presidente Hayes","172","PY","15","department","-23.5","-58.833333"
"2776","San Pedro","172","PY","2","department","-24.25","-56.5"
"3685","Amazonas","173","PE","AMA","region","-5","-78"
"3680","Áncash","173","PE","ANC","region","-9.5","-77.75"
"3699","Apurímac","173","PE","APU","region","-14","-73"
"3681","Arequipa","173","PE","ARE","region","-16.3988667","-71.5369607"
"3692","Ayacucho","173","PE","AYA","region","-13.1638737","-74.2235641"
"3688","Cajamarca","173","PE","CAJ","region","-7.1617465","-78.5127855"
"3701","Callao","173","PE","CAL","region","-12.0522626","-77.1391133"
"3691","Cusco","173","PE","CUS","region","-13.5170887","-71.9785356"
"3679","Huancavelica","173","PE","HUV","region","-12.7861978","-74.9764024"
"3687","Huanuco","173","PE","HUC","region","-9.9207648","-76.2410843"
"3700","Ica","173","PE","ICA","region","-14.0640967","-75.7290915"
"3693","Junín","173","PE","JUN","region","-11.1581925","-75.9926306"
"3683","La Libertad","173","PE","LAL","region","-8","-78.5"
"3702","Lambayeque","173","PE","LAM","region","-6.703027","-79.9065086"
"3695","Lima","173","PE","LIM","region","-12.0621065","-77.0365256"
"4922","Loreto","173","PE","LOR","region","-4","-75.166667"
"3678","Madre de Dios","173","PE","MDD","region","-12","-70.25"
"3698","Moquegua","173","PE","MOQ","region","-17.1927361","-70.9328138"
"5687","Municipalidad Metropolitana de Lima","173","PE","LMA","municipality","-12.0464","-77.0428"
"3686","Pasco","173","PE","PAS","region","-10.7246926","-76.1657305"
"3697","Piura","173","PE","PIU","region","-5.1971376","-80.6267237"
"3682","Puno","173","PE","PUN","region","-15.8402218","-70.0218805"
"3694","San Martín","173","PE","SAM","region","-6.4095133","-76.8712581"
"3696","Tacna","173","PE","TAC","region","-18.0065679","-70.2462741"
"3689","Tumbes","173","PE","TUM","region","-3.5707875","-80.4596454"
"3684","Ucayali","173","PE","UCA","region","-9","-73.5"
"1324","Abra","174","PH","ABR","province","17.58","120.8"
"1323","Agusan del Norte","174","PH","AGN","province","8.92","125.46"
"1326","Agusan del Sur","174","PH","AGS","province","8.36","125.71"
"1331","Aklan","174","PH","AKL","province","11.6297894","122.2481177"
"1337","Albay","174","PH","ALB","province","13.216667","123.55"
"1336","Antique","174","PH","ANT","province","11.1705066","122.083333"
"1334","Apayao","174","PH","APA","province","18.12","121.19"
"1341","Aurora","174","PH","AUR","province","16.9908811","121.6358"
"1316","Autonomous Region in Muslim Mindanao","174","PH","14","region","7.2242033","124.2470164"
"1346","Basilan","174","PH","BAS","province","6.5649821","122.0649183"
"1344","Bataan","174","PH","BAN","province","14.6436031","120.4657622"
"1352","Batanes","174","PH","BTN","province","20.6442465","121.8939456"
"1359","Batangas","174","PH","BTG","province","13.7564651","121.0583076"
"1363","Benguet","174","PH","BEN","province","16.52","120.69"
"1304","Bicol","174","PH","05","region","13.0764489","123.5162387"
"1274","Biliran","174","PH","BIL","province","11.5853547","124.4854627"
"1272","Bohol","174","PH","BOH","province","9.833333","124.1615579"
"1270","Bukidnon","174","PH","BUK","province","8.022778","124.998611"
"1278","Bulacan","174","PH","BUL","province","15","121.083333"
"1279","Cagayan","174","PH","CAG","province","18","121.833333"
"1342","Cagayan Valley","174","PH","02","region","17.6722156","121.8831043"
"1294","Calabarzon","174","PH","40","region","14.1658314","121.3535577"
"1283","Camarines Norte","174","PH","CAN","province","14.166667","122.75"
"1287","Camarines Sur","174","PH","CAS","province","13.6428216","123.3282338"
"1285","Camiguin","174","PH","CAM","province","9.1732164","124.7298765"
"1292","Capiz","174","PH","CAP","province","11.3852987","122.6377315"
"1314","Caraga","174","PH","13","region","9.2517336","125.851666"
"1301","Catanduanes","174","PH","CAT","province","13.833333","124.25"
"1307","Cavite","174","PH","CAV","province","14.4820919","120.908919"
"1306","Cebu","174","PH","CEB","province","10.2935639","123.9019209"
"1345","Central Luzon","174","PH","03","region","15.3942729","120.6872959"
"1308","Central Visayas","174","PH","07","region","10.4734504","123.8648083"
"1335","Cordillera Administrative","174","PH","15","region","17.3597101","121.0716923"
"1320","Cotabato","174","PH","NCO","province","7.2237628","124.2467062"
"1340","Davao","174","PH","11","region","7.0648306","125.6080623"
"1311","Davao de Oro","174","PH","COM","province","7.45","126.07"
"1319","Davao del Norte","174","PH","DAV","province","7.6179228","125.6832687"
"1318","Davao del Sur","174","PH","DAS","province","6.6983658","125.3612135"
"1309","Davao Occidental","174","PH","DVO","province","6.27","125.6"
"1289","Davao Oriental","174","PH","DAO","province","7.166667","126.333333"
"1291","Dinagat Islands","174","PH","DIN","province","10.1577932","125.5851827"
"1290","Eastern Samar","174","PH","EAS","province","11.73","125.37"
"1322","Eastern Visayas","174","PH","08","region","11.2945278","124.9959508"
"1303","Guimaras","174","PH","GUI","province","10.5730629","122.6238907"
"1300","Ifugao","174","PH","IFU","province","16.87","121.22"
"1355","Ilocos","174","PH","01","region","17.2","120.5"
"1298","Ilocos Norte","174","PH","ILN","province","18.166667","120.75"
"1321","Ilocos Sur","174","PH","ILS","province","17.2","120.5"
"1315","Iloilo","174","PH","ILI","province","10.6932884","122.5732604"
"1313","Isabela","174","PH","ISA","province","17","122"
"1312","Kalinga","174","PH","KAL","province","17.46","121.31"
"1317","La Union","174","PH","LUN","province","16.5735957","120.4089899"
"1328","Laguna","174","PH","LAG","province","14.1696476","121.3336526"
"1327","Lanao del Norte","174","PH","LAN","province","7.9579723","123.9021124"
"1333","Lanao del Sur","174","PH","LAS","province","7.8776443","124.3754759"
"1332","Leyte","174","PH","LEY","province","10.7841157","124.892321"
"1330","Maguindanao del Norte","174","PH","MGN","province","7.1088356","124.2072945"
"1347","Maguindanao del Sur","174","PH","MGS","province","6.9234196","124.5365357"
"1329","Marinduque","174","PH","MAD","province","13.416667","121.95"
"1338","Masbate","174","PH","MAS","province","12.3710899","123.6239223"
"1299","Mimaropa","174","PH","41","region","13.0106436","121.4115747"
"1343","Misamis Occidental","174","PH","MSC","province","8.3374903","123.7070619"
"1348","Misamis Oriental","174","PH","MSR","province","8.6534807","124.8235205"
"1353","Mountain Province","174","PH","MOU","province","17.11","121.16"
"5324","National Capital Region (Metro Manila)","174","PH","00","region","14.5800297","120.985536"
"1351","Negros Occidental","174","PH","NEC","province","10.416667","123"
"1350","Negros Oriental","174","PH","NER","province","9.75","123"
"1339","Northern Mindanao","174","PH","10","region","8.3979549","124.710688"
"1349","Northern Samar","174","PH","NSA","province","12.42","124.81"
"1360","Nueva Ecija","174","PH","NUE","province","15.583333","121"
"1358","Nueva Vizcaya","174","PH","NUV","province","16.35","121.13"
"1356","Occidental Mindoro","174","PH","MDC","province","13.0000021","120.9166666"
"1354","Oriental Mindoro","174","PH","MDR","province","13.2","121.2"
"1361","Palawan","174","PH","PLW","province","9.8778426","118.6764919"
"1365","Pampanga","174","PH","PAM","province","15.0519635","120.6445398"
"1364","Pangasinan","174","PH","PAN","province","15.916667","120.333333"
"1275","Quezon","174","PH","QUE","province","14.0067037","122.1827232"
"1273","Quirino","174","PH","QUI","province","16.283333","121.583333"
"1271","Rizal","174","PH","RIZ","province","14.65","121.25"
"1269","Romblon","174","PH","ROM","province","12.5778016","122.269146"
"1277","Sarangani","174","PH","SAR","province","5.874722","125.275278"
"1276","Siquijor","174","PH","SIG","province","9.18","123.58"
"1310","Soccsksargen","174","PH","12","region","6.5647277","124.4840255"
"1281","Sorsogon","174","PH","SOR","province","12.9707848","124.0052543"
"1280","South Cotabato","174","PH","SCO","province","6.2855239","124.9333096"
"1284","Southern Leyte","174","PH","SLE","province","10.3475099","125.1250896"
"1282","Sultan Kudarat","174","PH","SUK","province","6.5556705","124.3271496"
"1288","Sulu","174","PH","SLU","province","5.9942808","121.0787926"
"1286","Surigao del Norte","174","PH","SUN","province","9.7022868","125.5464831"
"1296","Surigao del Sur","174","PH","SUR","province","8.84","126.15"
"1295","Tarlac","174","PH","TAR","province","15.4861218","120.5893473"
"1293","Tawi-Tawi","174","PH","TAW","province","5.2057","120.0265"
"5115","Western Samar","174","PH","WSA","province","11.833333","125"
"1305","Western Visayas","174","PH","06","region","11.2367324","122.6878187"
"1297","Zambales","174","PH","ZMB","province","15.23","120.12"
"1302","Zamboanga del Norte","174","PH","ZAN","province","8","122.666667"
"1357","Zamboanga del Sur","174","PH","ZAS","province","7.9043","123.3194"
"1325","Zamboanga Peninsula","174","PH","09","region","7.7787234","122.7570828"
"1362","Zamboanga Sibugay","174","PH","ZSI","province","7.7877097","122.5744217"
"1634","Greater Poland","176","PL","30","voivodship","52.1458506","17.397672"
"1630","Holy Cross","176","PL","26","voivodship","50.7504894","20.7829122"
"1625","Kuyavia-Pomerania","176","PL","04","voivodship","53.1648363","18.4834224"
"1635","Lesser Poland","176","PL","12","voivodship","49.790952","20.3793521"
"1629","Lower Silesia","176","PL","02","voivodship","50.9206028","16.4946351"
"1638","Lublin","176","PL","06","voivodship","51.250559","22.5701022"
"1631","Lubusz","176","PL","08","voivodship","52.1001754","15.3605075"
"1636","Łódź","176","PL","10","voivodship","51.7687323","19.4569911"
"1637","Mazovia","176","PL","14","voivodship","52.5461934","21.2073404"
"1632","Podlaskie","176","PL","20","voivodship","53.2668455","22.8525787"
"1624","Pomerania","176","PL","22","voivodship","54.24556","18.1099"
"1623","Silesia","176","PL","24","voivodship","50.5687422","19.2343995"
"1626","Subcarpathia","176","PL","18","voivodship","49.3113402","22.4325907"
"1622","Upper Silesia","176","PL","16","voivodship","50.2466526","18.6453696"
"1628","Warmia-Masuria","176","PL","28","voivodship","53.9311892","21.1260808"
"1633","West Pomerania","176","PL","32","voivodship","53.5450793","15.5661586"
"2233","Açores","177","PT","20","autonomous region","37.8085564","-25.4731374"
"2235","Aveiro","177","PT","01","district","40.6791504","-8.5217166"
"2230","Beja","177","PT","02","district","38.0154479","-7.8650368"
"2244","Braga","177","PT","03","district","41.550388","-8.4261301"
"2229","Bragança","177","PT","04","district","41.8061652","-6.7567427"
"2241","Castelo Branco","177","PT","05","district","39.8266322","-7.4919318"
"2246","Coimbra","177","PT","06","district","40.2111931","-8.4294632"
"2236","Évora","177","PT","07","district","38.5744468","-7.9076553"
"2239","Faro","177","PT","08","district","37.0193548","-7.9304397"
"4859","Guarda","177","PT","09","district","40.5385972","-7.2675772"
"2240","Leiria","177","PT","10","district","39.7437902","-8.8071119"
"2228","Lisbon","177","PT","11","district","38.7077507","-9.1365919"
"2231","Madeira","177","PT","30","autonomous region","32.7517501","-16.9817487"
"2232","Portalegre","177","PT","12","district","39.2967086","-7.4284755"
"2243","Porto","177","PT","13","district","41.1476629","-8.6078973"
"2238","Santarém","177","PT","14","district","39.2366687","-8.6859944"
"2242","Setúbal","177","PT","15","district","38.5240933","-8.8925876"
"2245","Viana do Castelo","177","PT","16","district","41.6918046","-8.834451"
"2234","Vila Real","177","PT","17","district","41.3003527","-7.7457274"
"2237","Viseu","177","PT","18","district","40.6588424","-7.914756"
"5134","Adjuntas","178","PR","001","municipality","18.1634848","-66.723158"
"5135","Aguada","178","PR","003","municipality","18.3801579","-67.188704"
"5136","Aguadilla","178","PR","005","municipality","18.4496551","-67.1184764"
"5137","Aguas Buenas","178","PR","007","municipality","18.2568989","-66.1029442"
"5138","Aibonito","178","PR","009","municipality","18.1281472","-66.2692441"
"5139","Añasco","178","PR","011","municipality","18.2854476","-67.1402935"
"5081","Arecibo","178","PR","AR","region","18.47055556","-66.72083333"
"5141","Arroyo","178","PR","015","municipality","17.9961993","-66.0531683"
"5142","Barceloneta","178","PR","017","municipality","18.4546639","-66.5386877"
"5143","Barranquitas","178","PR","019","municipality","18.1866242","-66.3062802"
"5076","Bayamon","178","PR","BY","region","18.3449582","-66.168374"
"5145","Cabo Rojo","178","PR","023","municipality","18.0866265","-67.1457347"
"5079","Caguas","178","PR","CG","region","18.23333333","-66.03333333"
"5147","Camuy","178","PR","027","municipality","18.483833","-66.8448994"
"5148","Canóvanas","178","PR","029","municipality","18.3748748","-65.8997533"
"5077","Carolina","178","PR","CL","region","18.3808516","-65.9570244"
"5150","Cataño","178","PR","033","municipality","18.4465355","-66.1355775"
"5151","Cayey","178","PR","035","municipality","18.1119051","-66.166"
"5152","Ceiba","178","PR","037","municipality","18.1877139","-65.894484"
"5153","Ciales","178","PR","039","municipality","18.3360622","-66.4687823"
"5154","Cidra","178","PR","041","municipality","18.1757914","-66.1612779"
"5155","Coamo","178","PR","043","municipality","18.0799616","-66.3579473"
"5156","Comerío","178","PR","045","municipality","18.2192001","-66.2256022"
"5157","Corozal","178","PR","047","municipality","18.3043878","-66.3289186"
"5158","Culebra","178","PR","049","municipality","18.3136776","-65.2826226"
"5159","Dorado","178","PR","051","municipality","18.4594766","-66.2618846"
"5160","Fajardo","178","PR","053","municipality","18.3252148","-65.6539356"
"5161","Florida","178","PR","054","municipality","18.3629772","-66.5669961"
"5162","Guánica","178","PR","055","municipality","17.9725145","-66.9086264"
"5163","Guayama","178","PR","057","municipality","17.9841328","-66.1137767"
"5164","Guayanilla","178","PR","059","municipality","18.0191314","-66.791842"
"5080","Guaynabo","178","PR","GN","region","18.3591596","-66.1156802"
"5166","Gurabo","178","PR","063","municipality","18.2543987","-65.9729421"
"5167","Hatillo","178","PR","065","municipality","18.4071589","-66.7959287"
"5168","Hormigueros","178","PR","067","municipality","18.1334638","-67.1128123"
"5169","Humacao","178","PR","069","municipality","18.1515736","-65.8248529"
"5170","Isabela","178","PR","071","municipality","18.5007536","-67.0237422"
"5171","Jayuya","178","PR","073","municipality","18.2185674","-66.5915617"
"5172","Juana Díaz","178","PR","075","municipality","18.0534372","-66.5075079"
"5173","Juncos","178","PR","077","municipality","18.2274558","-65.920997"
"5174","Lajas","178","PR","079","municipality","18.049962","-67.0593449"
"5175","Lares","178","PR","081","municipality","18.2948683","-66.8776045"
"5176","Las Marías","178","PR","083","municipality","18.2522446","-66.9918133"
"5177","Las Piedras","178","PR","085","municipality","18.1824445","-65.8646741"
"5178","Loíza","178","PR","087","municipality","18.4329904","-65.87836"
"5179","Luquillo","178","PR","089","municipality","18.3724507","-65.7165511"
"5180","Manatí","178","PR","091","municipality","18.4182467","-66.49178"
"5181","Maricao","178","PR","093","municipality","18.1807902","-66.9799001"
"5182","Maunabo","178","PR","095","municipality","18.0071885","-65.8993289"
"5083","Mayagüez","178","PR","MG","region","18.20111111","-67.13972222"
"5184","Moca","178","PR","099","municipality","18.3947512","-67.113679"
"5185","Morovis","178","PR","101","municipality","18.325785","-66.4065592"
"5186","Naguabo","178","PR","103","municipality","18.2116247","-65.7348841"
"5187","Naranjito","178","PR","105","municipality","18.3007861","-66.2448904"
"5188","Orocovis","178","PR","107","municipality","18.2269224","-66.3911686"
"5189","Patillas","178","PR","109","municipality","18.0037381","-66.0134059"
"5190","Peñuelas","178","PR","111","municipality","18.0633577","-66.7273896"
"5078","Ponce","178","PR","PO","region","18.011564","-66.613958"
"5192","Quebradillas","178","PR","115","municipality","18.473833","-66.938512"
"5193","Rincón","178","PR","117","municipality","18.3362074","-67.2321202"
"5194","Río Grande","178","PR","119","municipality","18.3606321","-67.2368723"
"5195","Sabana Grande","178","PR","121","municipality","18.0777392","-66.9604549"
"5196","Salinas","178","PR","123","municipality","17.9769779","-66.2980187"
"5197","San Germán","178","PR","125","municipality","18.0807082","-67.0411096"
"5075","San Juan","178","PR","SJ","region","18.384239","-66.05344"
"5199","San Lorenzo","178","PR","129","municipality","18.1904303","-65.9611794"
"5200","San Sebastián","178","PR","131","municipality","18.32346","-66.972837"
"5201","Santa Isabel","178","PR","133","municipality","17.9660775","-66.404892"
"5202","Toa Alta","178","PR","135","municipality","18.3882823","-66.2482237"
"5082","Toa Baja","178","PR","TB","region","18.443889","-66.259722"
"5084","Trujillo Alto","178","PR","TA","region","18.3542408","-66.007377"
"5205","Utuado","178","PR","141","municipality","18.2655095","-66.7004519"
"5206","Vega Alta","178","PR","143","municipality","18.4121703","-66.3312805"
"5207","Vega Baja","178","PR","145","municipality","18.4445314","-66.387587"
"5208","Vieques","178","PR","147","municipality","18.1215622","-65.457464"
"5209","Villalba","178","PR","149","municipality","18.1217554","-66.4985787"
"5210","Yabucoa","178","PR","151","municipality","18.0505201","-65.8793288"
"5211","Yauco","178","PR","153","municipality","18.034964","-66.8498983"
"3182","Al Daayen","179","QA","ZA","municipality","25.5097419","51.4422699"
"3183","Al Khor","179","QA","KH","municipality","25.6804078","51.4968502"
"3177","Al Rayyan","179","QA","RA","municipality","24.9304741","50.9776888"
"3179","Al Wakrah","179","QA","WA","municipality","25.1566623","51.6013212"
"3178","Al-Shahaniya","179","QA","SH","municipality","25.3717421","51.227109"
"3181","Doha","179","QA","DA","municipality","25.2854473","51.5310398"
"3180","Madinat ash Shamal","179","QA","MS","municipality","26.1182743","51.2157265"
"3184","Umm Salal","179","QA","US","municipality","25.4647654","51.3383996"
"5436","Saint-Benoît","180","RE","01","district","-21.0810433","55.6028127"
"5437","Saint-Denis","180","RE","02","district","-20.8799889","55.448137"
"5438","Saint-Paul","180","RE","03","district","-21.0006099","55.2771585"
"5439","Saint-Pierre","180","RE","04","district","-21.2377437","55.4899764"
"4724","Alba","181","RO","AB","department","46.0159362","23.5468497"
"4739","Arad","181","RO","AR","department","46.2913706","21.8925185"
"4722","Arges","181","RO","AG","department","44.9939764","24.8488685"
"4744","Bacău","181","RO","BC","department","46.4228703","26.7163991"
"4723","Bihor","181","RO","BH","department","46.9926899","22.192752"
"4733","Bistrița-Năsăud","181","RO","BN","department","47.1772548","24.5411592"
"4740","Botoșani","181","RO","BT","department","47.8528263","26.759334"
"4736","Braila","181","RO","BR","department","45.2716092","27.9742932"
"4759","Brașov","181","RO","BV","department","45.7860222","25.1540732"
"4730","Bucharest","181","RO","B","municipality","44.4361414","26.1027202"
"4756","Buzău","181","RO","BZ","department","45.2692581","26.7748173"
"4732","Călărași","181","RO","CL","department","44.3151874","27.1390156"
"4753","Caraș-Severin","181","RO","CS","department","45.1271344","22.0771445"
"4734","Cluj","181","RO","CJ","department","46.769379","23.5899542"
"4737","Constanța","181","RO","CT","department","44.2678591","28.2920787"
"4754","Covasna","181","RO","CV","department","45.8966793","26.0101806"
"4745","Dâmbovița","181","RO","DB","department","44.9224565","25.4819575"
"4742","Dolj","181","RO","DJ","department","44.2150123","23.669363"
"4747","Galați","181","RO","GL","department","45.7772439","27.7496575"
"4726","Giurgiu","181","RO","GR","department","43.9037076","25.9699265"
"4750","Gorj","181","RO","GJ","department","44.9611675","23.3256799"
"4749","Harghita","181","RO","HR","department","46.6443061","25.6221919"
"4721","Hunedoara","181","RO","HD","department","45.7954068","22.945243"
"4743","Ialomița","181","RO","IL","department","44.5960761","27.2016368"
"4735","Iași","181","RO","IS","department","47.1977372","27.1970598"
"4725","Ilfov","181","RO","IF","department","44.5017074","26.2449077"
"4760","Maramureș","181","RO","MM","department","47.6712547","24.1964613"
"4751","Mehedinți","181","RO","MH","department","44.6034908","23.0580419"
"4915","Mureș","181","RO","MS","department","45.9386537","23.2949316"
"4731","Neamț","181","RO","NT","department","46.9910082","26.5134813"
"4738","Olt","181","RO","OT","department","44.2923205","24.4663072"
"4729","Prahova","181","RO","PH","department","45.1087546","26.0378349"
"4741","Sălaj","181","RO","SJ","department","47.1561868","23.0191923"
"4746","Satu Mare","181","RO","SM","department","47.7891763","22.8725598"
"4755","Sibiu","181","RO","SB","department","45.888796","24.237426"
"4720","Suceava","181","RO","SV","department","47.5326534","25.8345939"
"4728","Teleorman","181","RO","TR","department","44.0684876","25.191045"
"4748","Timiș","181","RO","TM","department","45.63984","21.2599292"
"4727","Tulcea","181","RO","TL","department","45.0413769","28.897329"
"4757","Vâlcea","181","RO","VL","department","45.0404536","24.1538719"
"4752","Vaslui","181","RO","VS","department","46.496847","27.8036751"
"4758","Vrancea","181","RO","VN","department","45.7887088","26.883803"
"1852","Adygea","182","RU","AD","republic","44.6939006","40.1520421"
"1911","Altai","182","RU","ALT","administrative territory","50.7114101","86.8572186"
"1876","Altai","182","RU","AL","republic","50.7114101","86.8572186"
"1858","Amur","182","RU","AMU","administrative region","52.8032368","128.437295"
"1849","Arkhangelsk","182","RU","ARK","administrative region","64.5458549","40.5505769"
"1866","Astrakhan","182","RU","AST","administrative region","46.3498308","48.0326203"
"1854","Bashkortostan","182","RU","BA","republic","54.4747553","55.9784582"
"1903","Belgorod","182","RU","BEL","administrative region","50.7080119","37.5837615"
"1867","Bryansk","182","RU","BRY","administrative region","53.2423778","34.3668288"
"1842","Buryatia","182","RU","BU","republic","52.7182426","109.492143"
"1893","Chechen","182","RU","CE","republic","43.4","45.7"
"1845","Chelyabinsk","182","RU","CHE","administrative region","55.1559312","61.4012726"
"1859","Chukotka","182","RU","CHU","autonomous district","66.0006475","169.4900869"
"1914","Chuvash","182","RU","CU","republic","55.4259922","47.0849429"
"1850","Dagestan","182","RU","DA","republic","43","47"
"1884","Ingushetia","182","RU","IN","republic","43.1655309","44.979682"
"1880","Irkutsk","182","RU","IRK","administrative region","52.2854834","104.2890222"
"1864","Ivanovo","182","RU","IVA","administrative region","56.9956855","40.9812104"
"1835","Jewish","182","RU","YEV","autonomous region","48.5601613","132.2775662"
"1892","Kabardino-Balkar","182","RU","KB","republic","43.4428286","43.4204809"
"1902","Kaliningrad","182","RU","KGD","administrative region","54.7104264","20.4522144"
"1883","Kalmykia","182","RU","KL","republic","46.9017116","45.249161"
"1844","Kaluga","182","RU","KLU","administrative region","54.4382773","35.5272854"
"1865","Kamchatka","182","RU","KAM","administrative territory","57.1914882","160.0383819"
"1869","Karachay-Cherkess","182","RU","KC","republic","43.7368326","41.7267991"
"1841","Karelia","182","RU","KR","republic","62.6194031","33.4920267"
"1897","Kemerovo","182","RU","KEM","administrative region","54.5335781","87.342861"
"1873","Khabarovsk","182","RU","KHA","administrative territory","51.6312684","136.121524"
"1877","Khakassia","182","RU","KK","republic","53.4399379","90.0664303"
"1838","Khanty-Mansi","182","RU","KHM","autonomous district","61.8793428","68.6418156"
"1890","Kirov","182","RU","KIR","administrative region","58.6035661","49.6666241"
"1899","Komi","182","RU","KO","republic","63.9881421","54.3326073"
"1910","Kostroma","182","RU","KOS","administrative region","58.6044327","41.5889382"
"1891","Krasnodar","182","RU","KDA","administrative territory","45.7684014","39.0261044"
"1840","Krasnoyarsk","182","RU","KYA","administrative territory","63.3233807","97.0979974"
"1915","Kurgan","182","RU","KGN","administrative region","55.4409357","65.3421169"
"1855","Kursk","182","RU","KRS","administrative region","51.7309249","36.1923123"
"1896","Leningrad","182","RU","LEN","administrative region","60.1853296","32.3925325"
"1889","Lipetsk","182","RU","LIP","administrative region","52.6935178","39.1122664"
"1839","Magadan","182","RU","MAG","administrative region","63.5515028","154.014726"
"1870","Mari El","182","RU","ME","republic","56.5767504","47.8817512"
"1898","Mordovia","182","RU","MO","republic","54.4419829","44.4661144"
"1882","Moscow","182","RU","MOS","administrative region","55.625578","37.6063916"
"1901","Moscow","182","RU","MOW","autonomous city","55.625578","37.6063916"
"1843","Murmansk","182","RU","MUR","administrative region","68.0000418","33.9999151"
"1836","Nenets","182","RU","NEN","autonomous city","67.6783253","57.0626853"
"1857","Nizhny Novgorod","182","RU","NIZ","administrative region","56.2769292","43.9212981"
"1853","North Ossetia-Alania","182","RU","SE","republic","42.9920711","44.2636348"
"1834","Novgorod","182","RU","NGR","administrative region","58.5209862","31.2757862"
"1888","Novosibirsk","182","RU","NVS","administrative region","54.9678144","82.9515989"
"1846","Omsk","182","RU","OMS","administrative region","54.991375","73.371529"
"1886","Orenburg","182","RU","ORE","administrative region","52.0269262","54.7276647"
"1908","Oryol","182","RU","ORL","administrative region","52.8392765","36.4251709"
"1909","Penza","182","RU","PNZ","administrative region","53.1655415","44.7879181"
"1871","Perm","182","RU","PER","administrative territory","58.5951603","56.3159546"
"1833","Primorsky","182","RU","PRI","administrative territory","45.0819456","134.726645"
"1863","Pskov","182","RU","PSK","administrative region","57.5358729","28.8586826"
"1837","Rostov","182","RU","ROS","administrative region","47.6222451","40.7957942"
"1905","Ryazan","182","RU","RYA","administrative region","54.6295687","39.7425039"
"1879","Saint Petersburg","182","RU","SPE","autonomous city","59.938732","30.316229"
"1848","Sakha","182","RU","SA","republic","66.941626","129.642371"
"1875","Sakhalin","182","RU","SAK","administrative region","50.159476","143.0264412"
"1862","Samara","182","RU","SAM","administrative region","53.1956255","50.1014927"
"1887","Saratov","182","RU","SAR","administrative region","51.530018","46.034683"
"1885","Smolensk","182","RU","SMO","administrative region","55.0343496","33.0192065"
"1868","Stavropol","182","RU","STA","administrative territory","44.8632577","43.4406913"
"1894","Sverdlovsk","182","RU","SVE","administrative region","56.839104","60.60825"
"1878","Tambov","182","RU","TAM","administrative region","52.7216164","41.4523988"
"1861","Tatarstan","182","RU","TA","republic","55.448217","50.4763591"
"1872","Tomsk","182","RU","TOM","administrative region","58.6124279","82.0475315"
"1895","Tula","182","RU","TUL","administrative region","54.1930321","37.61754"
"1900","Tuva","182","RU","TY","republic","51.4017149","93.8582593"
"1860","Tver","182","RU","TVE","administrative region","57.1134475","35.1744428"
"1907","Tyumen","182","RU","TYU","administrative region","57.153534","65.542274"
"1913","Udmurt","182","RU","UD","republic","57.1961165","52.6959832"
"1856","Ulyanovsk","182","RU","ULY","administrative region","54.1463177","47.2324921"
"1881","Vladimir","182","RU","VLA","administrative region","56.1288899","40.4075203"
"4916","Volgograd Oblast","182","RU","VGG","administrative region","49.6048339","44.2903582"
"1874","Vologda","182","RU","VLG","administrative region","59.2264585","39.8722391"
"1906","Voronezh","182","RU","VOR","administrative region","51.6605982","39.2005858"
"1847","Yamalo-Nenets","182","RU","YAN","autonomous district","67.1471631","74.3415488"
"1851","Yaroslavl","182","RU","YAR","administrative region","57.6508432","39.8718634"
"1904","Zabaykalsky","182","RU","ZAB","administrative territory","52.248521","115.956325"
"261","Eastern","183","RW","02","province","-1.7415136","30.5404282"
"262","Kigali","183","RW","01","city","-1.950851","30.061507"
"263","Northern","183","RW","03","province","-1.5809699","29.9269776"
"259","Southern","183","RW","05","province","-2.6272137","29.6063049"
"260","Western","183","RW","04","province","-0.7727891","30.0884324"
"5440","Alarm Forest","184","SH","01","district","-15.9485043","-5.7028194"
"5441","Blue Hill","184","SH","02","district","-15.9801303","-5.7489856"
"5442","Half Tree Hollow","184","SH","03","district","-15.9346328","-5.7194732"
"5443","Jamestown","184","SH","04","district","-15.9288308","-5.7203338"
"5444","Levelwood","184","SH","05","district","-15.9743129","-5.6805785"
"5445","Longwood","184","SH","06","district","-15.9493288","-5.6858605"
"5447","Saint Paul's","184","SH","08","district","-15.9851267","-5.7380986"
"5446","Sandy Bay","184","SH","07","district","-16.0060601","-5.7127075"
"3833","Christ Church Nichola Town","185","KN","01","parish","17.3604812","-62.7617837"
"3832","Nevis","185","KN","N","state","17.1553558","-62.5796026"
"3836","Saint Anne Sandy Point","185","KN","02","parish","17.3725333","-62.8441133"
"5348","Saint George Basseterre","185","KN","03","parish","17.2391544","-62.6424082"
"3837","Saint George Gingerland","185","KN","04","parish","17.1257759","-62.5619811"
"3835","Saint James Windward","185","KN","05","parish","17.1769633","-62.5796026"
"3845","Saint John Capisterre","185","KN","06","parish","17.3872567","-62.7992132"
"3840","Saint John Figtree","185","KN","07","parish","17.1155748","-62.6031004"
"3841","Saint Kitts","185","KN","K","state","17.3156929","-62.7446806"
"3844","Saint Mary Cayon","185","KN","08","parish","17.3462071","-62.7382671"
"3834","Saint Paul Capisterre","185","KN","09","parish","17.3949059","-62.835829"
"3838","Saint Paul Charlestown","185","KN","10","parish","17.1346297","-62.6133816"
"3831","Saint Peter Basseterre","185","KN","11","parish","17.3255653","-62.7217779"
"3839","Saint Thomas Lowland","185","KN","12","parish","17.1650513","-62.6089753"
"3842","Saint Thomas Middle Island","185","KN","13","parish","17.3348813","-62.8088251"
"3843","Trinity Palmetto Point","185","KN","15","parish","17.3145143","-62.7685145"
"3757","Anse la Raye","186","LC","01","district","13.9459424","-61.0369468"
"3761","Canaries","186","LC","12","district","13.9040024","-61.0718714"
"3758","Castries","186","LC","02","district","14.0101094","-60.9874687"
"3760","Choiseul","186","LC","03","district","13.7750154","-61.048591"
"3756","Dennery","186","LC","05","district","13.9267393","-60.9190988"
"3766","Gros Islet","186","LC","06","district","14.0843578","-60.9452794"
"3759","Laborie","186","LC","07","district","13.7522783","-60.9932889"
"3762","Micoud","186","LC","08","district","13.8211871","-60.9001934"
"3764","Soufrière","186","LC","10","district","13.8522266","-61.0238291"
"3763","Vieux Fort","186","LC","11","district","13.720608","-60.9496433"
"5821","Saint-Pierre and Miquelon","187","PM","01","overseas collectivity","46.83333333","-56.33333333"
"3389","Charlotte","188","VC","01","parish","13.2750872","-61.1462327"
"3388","Grenadines","188","VC","06","parish","12.90447","-61.2765569"
"3386","Saint Andrew","188","VC","02","parish","13.1942695","-61.2399866"
"3387","Saint David","188","VC","03","parish","13.318364","-61.2008786"
"3384","Saint George","188","VC","04","parish","13.166295","-61.1878512"
"3385","Saint Patrick","188","VC","05","parish","13.2380793","-61.2364184"
"5819","Saint-Barthélemy","189","BL","01","overseas collectivity","17.9","-62.83333333"
"5820","Saint-Martin","190","MF","01","overseas collectivity","18.0731","-63.0822"
"4763","A'ana","191","WS","AA","district","-13.8371757","-171.9950869"
"4761","Aiga-i-le-Tai","191","WS","AL","district","-13.862031","-172.0328371"
"4765","Atua","191","WS","AT","district","-13.954878","-171.6512455"
"4764","Fa'asaleleaga","191","WS","FA","district","-13.6307638","-172.2365981"
"4769","Gaga'emauga","191","WS","GE","district","-13.5428666","-172.366887"
"4771","Gaga'ifomauga","191","WS","GI","district","-13.5468007","-172.4969331"
"4767","Palauli","191","WS","PA","district","-13.7063577","-172.4839701"
"4762","Satupa'itea","191","WS","SA","district","-13.7414328","-172.3406683"
"4770","Tuamasaga","191","WS","TU","district","-13.9218804","-171.8007196"
"4768","Va'a-o-Fonoti","191","WS","VF","district","-13.9470903","-171.5431872"
"4766","Vaisigano","191","WS","VS","district","-13.5595656","-172.6593798"
"59","Acquaviva","192","SM","01","municipality","43.9464246","12.4191909"
"61","Borgo Maggiore","192","SM","06","municipality","43.9411865","12.447422"
"60","Chiesanuova","192","SM","02","municipality","43.9053382","12.4220187"
"64","Domagnano","192","SM","03","municipality","43.9501929","12.4681537"
"62","Faetano","192","SM","04","municipality","43.9269122","12.4974633"
"66","Fiorentino","192","SM","05","municipality","43.9078337","12.4581209"
"63","Montegiardino","192","SM","08","municipality","43.9052999","12.4810542"
"58","San Marino","192","SM","07","municipality","43.94236","12.457777"
"65","Serravalle","192","SM","09","municipality","43.9699026","12.4802946"
"5728","Água Grande","193","ST","01","district","0.3301924","6.733343"
"5729","Cantagalo","193","ST","02","district","0.21667","6.7"
"5730","Caué","193","ST","03","district","0.13415","6.63825"
"5731","Lemba","193","ST","04","district","0.22","6.58"
"5732","Lobata","193","ST","05","district","0.41","6.61"
"5733","Mé-Zóchi","193","ST","06","district","0.3","6.6"
"5734","Príncipe","193","ST","P","autonomous region","1.6139381","7.4056928"
"2859","Al Bahah","194","SA","11","region","20.2372671","41.4615479"
"2857","Al Jawf","194","SA","12","region","29.7673818","39.5629883"
"2851","Al Madinah","194","SA","03","region","25.1354363","39.162594"
"2861","Al-Qassim","194","SA","05","region","26.1942235","43.4565711"
"2853","Asir","194","SA","14","region","19.166667","43.166667"
"2856","Eastern Province","194","SA","04","region","23.3036077","50.1258804"
"2855","Ha'il","194","SA","06","region","26.9920987","41.4892578"
"2858","Jizan","194","SA","09","region","17.333333","42.666667"
"2850","Makkah","194","SA","02","region","21.6698063","41.4996029"
"2860","Najran","194","SA","10","region","18","45.666667"
"2854","Northern Borders","194","SA","08","region","30","42.666667"
"2849","Riyadh","194","SA","01","region","23.333333","45.333333"
"2852","Tabuk","194","SA","07","region","28.3251866","37.6328648"
"473","Dakar","195","SN","DK","region","14.693425","-17.447938"
"480","Diourbel Region","195","SN","DB","region","14.7844539","-16.0316451"
"479","Fatick","195","SN","FK","region","14.3390167","-16.4111425"
"475","Kaffrine","195","SN","KA","region","14.105202","-15.5415755"
"483","Kaolack","195","SN","KL","region","14.138815","-16.076391"
"481","Kédougou","195","SN","KE","region","12.5570752","-12.1855655"
"474","Kolda","195","SN","KD","region","12.8921154","-14.9400971"
"485","Louga","195","SN","LG","region","15.6141768","-16.22868"
"476","Matam","195","SN","MT","region","15.6600225","-13.2576906"
"477","Saint-Louis","195","SN","SL","region","16.0280445","-16.5048686"
"482","Sédhiou","195","SN","SE","region","12.704604","-15.5562304"
"486","Tambacounda Region","195","SN","TC","region","13.8686324","-13.3190328"
"484","Thiès Region","195","SN","TH","region","14.7538661","-16.8637823"
"478","Ziguinchor","195","SN","ZG","region","12.5641479","-16.2639825"
"3728","Belgrade","196","RS","00","city","44.8178131","20.4568974"
"3717","Bor","196","RS","14","district","44.0698918","22.0985086"
"3732","Braničevo","196","RS","11","district","44.6982246","21.5446775"
"3716","Central Banat","196","RS","02","district","45.4358778","20.5108293"
"3715","Jablanica","196","RS","23","district","43.4529825","21.2688387"
"3724","Kolubara","196","RS","09","district","44.358907","20.1421297"
"5689","Kosovo","196","RS","25","district","42.66333333","21.16222222"
"5688","Kosovo-Metohija","196","RS","KM","province","42.66666667","21.16666667"
"5693","Kosovo-Pomoravlje","196","RS","29","district","42.5333","21.5667"
"5692","Kosovska Mitrovica","196","RS","28","district","42.88333333","20.86666667"
"3719","Mačva","196","RS","08","district","44.5203374","19.5034197"
"3727","Moravica","196","RS","17","district","42.3872682","21.7218213"
"3722","Nišava","196","RS","20","district","43.2178129","22.4795786"
"3714","North Bačka","196","RS","01","district","45.9011831","19.5834192"
"3736","North Banat","196","RS","03","district","45.8887418","20.1902354"
"3721","Pčinja","196","RS","24","district","42.3850389","22.0103627"
"5690","Peć","196","RS","26","district","42.66","20.288"
"3712","Pirot","196","RS","22","district","43.1547342","22.5865039"
"3741","Podunavlje","196","RS","10","district","44.7281091","20.8092213"
"3737","Pomoravlje","196","RS","13","district","44.0221107","21.4408567"
"5691","Prizren","196","RS","27","district","42.21277778","20.73916667"
"3720","Rasina","196","RS","19","district","43.4109278","21.159705"
"3725","Raška","196","RS","18","district","43.2869592","20.6141348"
"3711","South Bačka","196","RS","06","district","45.4491396","19.7680303"
"3713","South Banat","196","RS","04","district","44.9947432","20.9388489"
"3740","Srem","196","RS","07","district","44.9187838","19.9702308"
"3734","Šumadija","196","RS","12","district","44.6178028","20.2771884"
"3718","Toplica","196","RS","21","district","43.2165528","21.4043682"
"3733","Vojvodina","196","RS","VO","province","45.4102776","19.9762992"
"3726","West Bačka","196","RS","05","district","45.7355385","19.1897364"
"3731","Zaječar","196","RS","15","district","43.9015048","22.2738011"
"3729","Zlatibor","196","RS","16","district","43.6531807","19.6405865"
"513","Anse Boileau","197","SC","02","district","-4.7047268","55.4859363"
"5694","Anse Etoile","197","SC","03","district","-4.59166667","55.45"
"502","Anse Royale","197","SC","05","district","-4.7376121","55.5176065"
"506","Anse-aux-Pins","197","SC","01","district","-4.6900443","55.5150289"
"508","Au Cap","197","SC","04","district","-4.7059723","55.5081012"
"497","Baie Lazare","197","SC","06","district","-4.7482525","55.4859363"
"514","Baie Sainte Anne","197","SC","07","district","-4.3411172","55.7564233"
"512","Beau Vallon","197","SC","08","district","-4.6210967","55.4277802"
"515","Bel Air","197","SC","09","district","-4.6416206","55.4518668"
"505","Bel Ombre","197","SC","10","district","-4.6193716","55.4112979"
"517","Cascade","197","SC","11","district","-4.6691243","55.4972693"
"503","Glacis","197","SC","12","district","-4.583654","55.4345526"
"500","Grand'Anse Mahé","197","SC","13","district","-4.6750171","55.4505286"
"504","Grand'Anse Praslin","197","SC","14","district","-4.3269702","55.7177343"
"5695","Ile Perseverance I","197","SC","26","district","-4.63","55.47"
"5696","Ile Perseverance II","197","SC","27","district","-4.635","55.475"
"495","La Digue","197","SC","15","district","-4.356222","55.8306895"
"516","La Rivière Anglaise","197","SC","16","district","-4.6156909","55.451153"
"499","Les Mamelles","197","SC","24","district","-4.6570449","55.4811608"
"494","Mont Buxton","197","SC","17","district","-4.6166667","55.4457768"
"498","Mont Fleuri","197","SC","18","district","-4.6363172","55.4645941"
"511","Plaisance","197","SC","19","district","-4.65391","55.4680175"
"510","Pointe La Rue","197","SC","20","district","-4.680489","55.5191857"
"507","Port Glaud","197","SC","21","district","-4.66406","55.4177606"
"501","Roche Caiman","197","SC","25","district","-4.6493085","55.4831656"
"496","Saint Louis","197","SC","22","district","-4.6223","55.4390618"
"509","Takamaka","197","SC","23","district","-4.3250885","55.7312042"
"914","Eastern","198","SL","E","province","8.2050971","-10.8437383"
"5697","North Western","198","SL","NW","province","8.76666667","-12.7875"
"911","Northern","198","SL","N","province","9.118454","-11.4856448"
"912","Southern","198","SL","S","province","7.7099222","-12.0004178"
"913","Western","198","SL","W","area","8.3346033","-13.0656016"
"4651","Central Singapore","199","SG","01","district","1.2884","103.8535"
"4649","North East","199","SG","02","district","5.3341186","100.2761077"
"4653","North West","199","SG","03","district","1.4509382","103.7849519"
"4650","South East","199","SG","04","district","1.3352329","103.9598931"
"4652","South West","199","SG","05","district","5.2883389","100.2815099"
"4352","Banská Bystrica","200","SK","BC","region","48.7383895","19.1585805"
"4356","Bratislava","200","SK","BL","region","48.1557669","17.1314203"
"4353","Košice","200","SK","KI","region","48.7172272","21.2496774"
"4357","Nitra","200","SK","NI","region","48.31295","18.0894593"
"4354","Prešov","200","SK","PV","region","49.1117685","21.1875978"
"4358","Trenčín","200","SK","TC","region","48.913803","18.0931197"
"4355","Trnava","200","SK","TA","region","48.3767652","17.5858175"
"4359","Žilina","200","SK","ZI","region","49.1775455","19.205818"
"4183","Ajdovščina","201","SI","001","municipality","45.8870776","13.9042818"
"4326","Ankaran","201","SI","213","municipality","45.578451","13.7369174"
"4318","Apače","201","SI","195","municipality","46.6974679","15.9102534"
"4301","Beltinci","201","SI","002","municipality","46.6079153","16.2365127"
"4166","Benedikt","201","SI","148","municipality","46.6155841","15.8957281"
"4179","Bistrica ob Sotli","201","SI","149","municipality","46.0565579","15.6625947"
"4202","Bled","201","SI","003","municipality","46.3683266","14.1145798"
"4278","Bloke","201","SI","150","municipality","45.7728141","14.5063459"
"4282","Bohinj","201","SI","004","municipality","46.3020336","13.9090155"
"4200","Borovnica","201","SI","005","municipality","45.9044525","14.3824189"
"4181","Bovec","201","SI","006","municipality","46.3380495","13.5524174"
"4141","Braslovče","201","SI","151","municipality","46.2836192","15.041832"
"4240","Brda","201","SI","007","municipality","46.0162019","13.5489102"
"4215","Brežice","201","SI","009","municipality","45.9041096","15.5943639"
"4165","Brezovica","201","SI","008","municipality","45.9480324","14.4180336"
"4147","Cankova","201","SI","152","municipality","46.718237","16.0197222"
"4191","Celje","201","SI","011","urban municipality","46.2293889","15.2616828"
"4310","Cerklje na Gorenjskem","201","SI","012","municipality","46.2517054","14.4857979"
"4162","Cerknica","201","SI","013","municipality","45.7936578","14.361883"
"4178","Cerkno","201","SI","014","municipality","46.1288414","13.9894027"
"4176","Cerkvenjak","201","SI","153","municipality","46.5670711","15.9429753"
"4309","Cirkulane","201","SI","196","municipality","46.3438075","15.9944724"
"4151","Črenšovci","201","SI","015","municipality","46.5720029","16.2877346"
"4232","Črna na Koroškem","201","SI","016","municipality","46.4704529","14.8499998"
"4291","Črnomelj","201","SI","017","municipality","45.5700965","15.1923324"
"4304","Destrnik","201","SI","018","municipality","46.4922368","15.8777956"
"4167","Divača","201","SI","019","municipality","45.6806069","13.9720312"
"4295","Dobje","201","SI","154","municipality","46.1370037","15.394129"
"4216","Dobrepolje","201","SI","020","municipality","45.8097528","14.7425657"
"4252","Dobrna","201","SI","155","municipality","46.3356141","15.2259732"
"4308","Dobrova–Polhov Gradec","201","SI","021","municipality","46.0648896","14.3168195"
"4189","Dobrovnik","201","SI","156","municipality","46.6538662","16.3506594"
"4173","Dol pri Ljubljani","201","SI","022","municipality","46.0884386","14.6424792"
"4281","Dolenjske Toplice","201","SI","157","municipality","45.7572692","15.0583791"
"4159","Domžale","201","SI","023","municipality","46.1394296","14.5944553"
"4290","Dornava","201","SI","024","municipality","46.4351913","15.9552014"
"4345","Dravograd","201","SI","025","municipality","46.589219","15.0246021"
"4213","Duplek","201","SI","026","municipality","46.5091395","15.762657"
"4293","Gorenja Vas–Poljane","201","SI","027","municipality","46.1116582","14.1149348"
"4210","Gorišnica","201","SI","028","municipality","46.4120271","16.0133089"
"4284","Gorje","201","SI","207","municipality","46.3944847","13.9912881"
"4343","Gornja Radgona","201","SI","029","municipality","46.6767099","15.9910847"
"4339","Gornji Grad","201","SI","030","municipality","46.2961712","14.8062347"
"4271","Gornji Petrovci","201","SI","031","municipality","46.8037128","16.2191379"
"4217","Grad","201","SI","158","municipality","46.801894","16.0919216"
"4336","Grosuplje","201","SI","032","municipality","45.9557645","14.658899"
"4145","Hajdina","201","SI","159","municipality","46.4185014","15.8244722"
"4175","Hoče–Slivnica","201","SI","160","municipality","46.4898775","15.6106205"
"4327","Hodoš","201","SI","161","municipality","46.8314134","16.321068"
"4193","Horjul","201","SI","162","municipality","46.0225378","14.2986269"
"4341","Hrastnik","201","SI","034","municipality","46.1417288","15.0844894"
"4321","Hrpelje–Kozina","201","SI","035","municipality","45.5623318","14.0125663"
"4152","Idrija","201","SI","036","municipality","46.0023983","14.0273014"
"4286","Ig","201","SI","037","municipality","45.9588868","14.5270528"
"4344","Ilirska Bistrica","201","SI","038","municipality","45.5636618","14.2453318"
"4305","Ivančna Gorica","201","SI","039","municipality","45.9395841","14.8047626"
"4322","Izola","201","SI","040","municipality","45.5398936","13.65939"
"4337","Jesenice","201","SI","041","municipality","46.4367047","14.0526057"
"4203","Jezersko","201","SI","163","municipality","46.3942794","14.4985559"
"4266","Juršinci","201","SI","042","municipality","46.4859302","15.9681926"
"4180","Kamnik","201","SI","043","municipality","46.2221666","14.6070727"
"4227","Kanal ob Soči","201","SI","044","municipality","46.0858687","13.6339298"
"4150","Kidričevo","201","SI","045","municipality","46.4043948","15.7965329"
"4243","Kobarid","201","SI","046","municipality","46.2456971","13.5786949"
"4325","Kobilje","201","SI","047","municipality","46.68518","16.3936719"
"4335","Kočevje","201","SI","048","municipality","45.6428","14.8615838"
"4315","Komen","201","SI","049","municipality","45.8175235","13.7482711"
"4283","Komenda","201","SI","164","municipality","46.206488","14.5382499"
"4319","Koper","201","SI","050","urban municipality","45.548059","13.7301877"
"4254","Kostanjevica na Krki","201","SI","197","municipality","45.8456674","15.4202287"
"4331","Kostel","201","SI","165","municipality","45.5081362","14.9104871"
"4186","Kozje","201","SI","051","municipality","46.0733211","15.5596719"
"4287","Kranj","201","SI","052","urban municipality","46.2432913","14.3549353"
"4340","Kranjska Gora","201","SI","053","municipality","46.4845293","13.7857145"
"4238","Križevci","201","SI","166","municipality","46.5701821","16.1092653"
"4314","Krško","201","SI","054","urban municipality","45.9589609","15.4923555"
"4197","Kungota","201","SI","055","municipality","46.6418793","15.6036288"
"4211","Kuzma","201","SI","056","municipality","46.8351038","16.08071"
"4338","Laško","201","SI","057","municipality","46.1542236","15.2361491"
"4142","Lenart","201","SI","058","municipality","46.5834424","15.8262125"
"4225","Lendava","201","SI","059","municipality","46.5639639","16.4526468"
"4347","Litija","201","SI","060","municipality","46.0573226","14.8309636"
"4270","Ljubljana","201","SI","061","urban municipality","46.0569465","14.5057515"
"4294","Ljubno","201","SI","062","municipality","46.366441","14.8397651"
"4351","Ljutomer","201","SI","063","municipality","46.5190848","16.1893216"
"4306","Log–Dragomer","201","SI","208","municipality","46.0178747","14.3687767"
"4350","Logatec","201","SI","064","municipality","45.917611","14.2351451"
"4174","Loška Dolina","201","SI","065","municipality","45.6645172","14.4997081"
"4158","Loški Potok","201","SI","066","municipality","45.6625246","14.6699654"
"4156","Lovrenc na Pohorju","201","SI","167","municipality","46.5419638","15.4000443"
"4219","Luče","201","SI","067","municipality","46.3544925","14.7471504"
"4302","Lukovica","201","SI","068","municipality","46.1696293","14.6907259"
"4157","Majšperk","201","SI","069","municipality","46.3503019","15.7340595"
"4224","Makole","201","SI","198","municipality","46.3168697","15.6664126"
"4242","Maribor","201","SI","070","urban municipality","46.5576439","15.6455854"
"4244","Markovci","201","SI","168","municipality","46.3947708","15.9298496"
"4349","Medvode","201","SI","071","municipality","46.141908","14.4032596"
"4348","Mengeš","201","SI","072","municipality","46.1659122","14.5719694"
"4323","Metlika","201","SI","073","municipality","45.6480715","15.3177838"
"4265","Mežica","201","SI","074","municipality","46.5215027","14.852134"
"4223","Miklavž na Dravskem Polju","201","SI","169","municipality","46.5082628","15.6952065"
"4220","Miren–Kostanjevica","201","SI","075","municipality","45.8598141","13.649854"
"4298","Mirna","201","SI","212","municipality","45.9515647","15.0620977"
"4237","Mirna Peč","201","SI","170","municipality","45.8602716","15.0818996"
"4212","Mislinja","201","SI","076","municipality","46.4429403","15.1987678"
"4297","Mokronog–Trebelno","201","SI","199","municipality","45.9236748","15.1679393"
"4168","Moravče","201","SI","077","municipality","46.1362781","14.746001"
"4218","Moravske Toplice","201","SI","078","municipality","46.6856932","16.2224582"
"4190","Mozirje","201","SI","079","municipality","46.339435","14.9602413"
"4313","Murska Sobota","201","SI","080","urban municipality","46.6624644","16.1655256"
"4208","Muta","201","SI","081","municipality","46.6097366","15.1629995"
"4177","Naklo","201","SI","082","municipality","46.2718663","14.3156932"
"4329","Nazarje","201","SI","083","municipality","46.3205865","14.9487121"
"4205","Nova Gorica","201","SI","084","urban municipality","45.976276","13.7308881"
"4236","Novo Mesto","201","SI","085","urban municipality","45.8010824","15.1710089"
"4320","Odranci","201","SI","086","municipality","46.5901017","16.2788165"
"4143","Oplotnica","201","SI","171","municipality","46.387163","15.4458131"
"4221","Ormož","201","SI","087","municipality","46.4072383","16.1489255"
"4199","Osilnica","201","SI","088","municipality","45.5292418","14.6988672"
"4172","Pesnica","201","SI","089","municipality","46.6182053","15.706151"
"4201","Piran","201","SI","090","municipality","45.5288856","13.5680735"
"4184","Pivka","201","SI","091","municipality","45.6825064","14.1953518"
"4146","Podčetrtek","201","SI","092","municipality","46.1518082","15.597496"
"4161","Podlehnik","201","SI","172","municipality","46.3310782","15.8785836"
"4234","Podvelka","201","SI","093","municipality","46.5889858","15.3280675"
"4239","Poljčane","201","SI","200","municipality","46.3139853","15.5784791"
"4272","Polzela","201","SI","173","municipality","46.280897","15.0737321"
"4330","Postojna","201","SI","094","municipality","45.774939","14.2134263"
"4188","Prebold","201","SI","174","municipality","46.2359136","15.0936912"
"4303","Preddvor","201","SI","095","municipality","46.3017139","14.4218165"
"4274","Prevalje","201","SI","175","municipality","46.5460617","14.9169796"
"4228","Ptuj","201","SI","096","urban municipality","46.4199535","15.8696884"
"4288","Puconci","201","SI","097","municipality","46.7043348","16.1550852"
"4204","Rače–Fram","201","SI","098","municipality","46.4542083","15.6329467"
"4195","Radeče","201","SI","099","municipality","46.0666954","15.1820438"
"4292","Radenci","201","SI","100","municipality","46.6409028","16.0399848"
"4275","Radlje ob Dravi","201","SI","101","municipality","46.6135732","15.2354438"
"4231","Radovljica","201","SI","102","municipality","46.343509","14.1720227"
"4155","Ravne na Koroškem","201","SI","103","municipality","46.5521194","14.9599084"
"4206","Razkrižje","201","SI","176","municipality","46.5226339","16.2668638"
"4160","Rečica ob Savinji","201","SI","209","municipality","46.323379","14.922367"
"4253","Renče–Vogrsko","201","SI","201","municipality","45.8954617","13.6785673"
"4235","Ribnica","201","SI","104","municipality","45.7400303","14.7265782"
"4207","Ribnica na Pohorju","201","SI","177","municipality","46.5356145","15.2674538"
"4233","Rogaška Slatina","201","SI","106","municipality","46.2329898","15.6384369"
"4264","Rogašovci","201","SI","105","municipality","46.8055785","16.0345237"
"4209","Rogatec","201","SI","107","municipality","46.2286626","15.6991338"
"4280","Ruše","201","SI","108","municipality","46.5386688","15.5139415"
"4222","Šalovci","201","SI","033","municipality","46.8244271","16.285766"
"4230","Selnica ob Dravi","201","SI","178","municipality","46.5513918","15.492941"
"4346","Semič","201","SI","109","municipality","45.6520534","15.1820701"
"4317","Šempeter–Vrtojba","201","SI","183","municipality","45.9178093","13.6517004"
"4299","Šenčur","201","SI","117","municipality","46.2433699","14.4192223"
"4324","Šentilj","201","SI","118","municipality","46.6696034","15.7688306"
"4241","Šentjernej","201","SI","119","municipality","45.843413","15.3378312"
"4171","Šentjur","201","SI","120","municipality","46.2168375","15.3937905"
"4311","Šentrupert","201","SI","211","municipality","45.9771289","15.0914051"
"4268","Sevnica","201","SI","110","municipality","46.0070317","15.3045679"
"4149","Sežana","201","SI","111","municipality","45.7091799","13.8730989"
"4170","Škocjan","201","SI","121","municipality","45.907782","15.2906185"
"4316","Škofja Loka","201","SI","122","municipality","46.165274","14.3067474"
"4187","Škofljica","201","SI","123","municipality","45.9840962","14.5746626"
"4169","Slovenj Gradec","201","SI","112","urban municipality","46.509144","15.0790677"
"4332","Slovenska Bistrica","201","SI","113","municipality","46.3919813","15.5727869"
"4198","Slovenske Konjice","201","SI","114","municipality","46.3369191","15.4214708"
"4285","Šmarje pri Jelšah","201","SI","124","municipality","46.2287025","15.5190353"
"4289","Šmarješke Toplice","201","SI","206","municipality","45.8680377","15.2347422"
"4296","Šmartno ob Paki","201","SI","125","municipality","46.3290372","15.0333937"
"4279","Šmartno pri Litiji","201","SI","194","municipality","46.0454971","14.8410133"
"4277","Sodražica","201","SI","179","municipality","45.7616565","14.6352853"
"4261","Solčava","201","SI","180","municipality","46.4195569","14.6920242"
"4248","Šoštanj","201","SI","126","municipality","46.3782836","15.0461378"
"4263","Središče ob Dravi","201","SI","202","municipality","46.3959282","16.2704915"
"4259","Starše","201","SI","115","municipality","46.4674331","15.7640546"
"4185","Štore","201","SI","127","municipality","46.2222514","15.3126116"
"4333","Straža","201","SI","203","municipality","45.7836855","15.0730399"
"4164","Sveta Ana","201","SI","181","municipality","46.65","15.845278"
"4260","Sveta Trojica v Slovenskih Goricah","201","SI","204","municipality","46.5680809","15.8823064"
"4229","Sveti Andraž v Slovenskih Goricah","201","SI","182","municipality","46.5189747","15.9498262"
"4255","Sveti Jurij ob Ščavnici","201","SI","116","municipality","46.5687452","16.0222528"
"4328","Sveti Jurij v Slovenskih Goricah","201","SI","210","municipality","46.6133355","15.7974141"
"4273","Sveti Tomaž","201","SI","205","municipality","46.4835283","16.079442"
"4194","Tabor","201","SI","184","municipality","46.235054","15.0153081"
"4312","Tišina","201","SI","010","municipality","46.6541884","16.0754781"
"4247","Tolmin","201","SI","128","municipality","46.1857188","13.7319838"
"4246","Trbovlje","201","SI","129","municipality","46.1503563","15.0453137"
"4214","Trebnje","201","SI","130","municipality","45.9080163","15.0131905"
"4153","Trnovska Vas","201","SI","185","municipality","46.5196833","15.8867884"
"4250","Tržič","201","SI","131","municipality","46.3593514","14.3006623"
"4334","Trzin","201","SI","186","municipality","46.1298241","14.5577637"
"4251","Turnišče","201","SI","132","municipality","46.6248885","16.3165187"
"5698","Velenje","201","SI","133","urban municipality","46.36666667","15.13333333"
"4267","Velika Polana","201","SI","187","municipality","46.5731715","16.3444126"
"4144","Velike Lašče","201","SI","134","municipality","45.8336591","14.6362363"
"4257","Veržej","201","SI","188","municipality","46.5841135","16.16208"
"4300","Videm","201","SI","135","municipality","46.3429502","15.9322379"
"4196","Vipava","201","SI","136","municipality","45.8412674","13.9609613"
"4148","Vitanje","201","SI","137","municipality","46.3815323","15.2950687"
"4154","Vodice","201","SI","138","municipality","46.1896643","14.4938539"
"4245","Vojnik","201","SI","139","municipality","46.2920581","15.302058"
"4163","Vransko","201","SI","189","municipality","46.239006","14.9527249"
"4262","Vrhnika","201","SI","140","municipality","45.9663607","14.2980772"
"4226","Vuzenica","201","SI","141","municipality","46.5980836","15.1657237"
"4269","Zagorje ob Savi","201","SI","142","municipality","46.1345202","14.9964384"
"4258","Žalec","201","SI","190","municipality","46.2519712","15.1650072"
"4182","Zavrč","201","SI","143","municipality","46.3860221","16.0459879"
"4256","Železniki","201","SI","146","municipality","46.2256377","14.1693617"
"4249","Žetale","201","SI","191","municipality","46.2742833","15.7913359"
"4192","Žiri","201","SI","147","municipality","46.0472499","14.1098451"
"4276","Žirovnica","201","SI","192","municipality","46.4046083","14.1353229"
"4342","Zreče","201","SI","144","municipality","46.3716354","15.3900185"
"4307","Žužemberk","201","SI","193","municipality","45.8316083","14.9295491"
"4784","Central","202","SB","CE","province","-8.9833335","159.75"
"4781","Choiseul","202","SB","CH","province","-7.0091756","156.9239532"
"4785","Guadalcanal","202","SB","GU","province","-9.5984209","160.1485117"
"4778","Honiara","202","SB","CT","capital territory","-9.4377975","159.9624175"
"4780","Isabel","202","SB","IS","province","-7.9999999","158.9999999"
"4782","Makira-Ulawa","202","SB","MK","province","-10.2835257","161.7280731"
"4783","Malaita","202","SB","ML","province","-8.9551687","160.9514413"
"4787","Rennell and Bellona","202","SB","RB","province","-12.1134266","160.3170523"
"4779","Temotu","202","SB","TE","province","-10.8891322","166.231035"
"4786","Western","202","SB","WE","province","-7.8166667","156.683988"
"925","Awdal","203","SO","AW","region","10.6951152","43.4904963"
"917","Bakool","203","SO","BK","region","4.3514387","43.7186102"
"927","Banaadir","203","SO","BN","region","2.0783351","45.2805421"
"930","Bari","203","SO","BR","region","10.1903509","50.1298044"
"926","Bay","203","SO","BY","region","2.9999946","43.500177"
"918","Galguduud","203","SO","GA","region","5.0755014","46.8803363"
"928","Gedo","203","SO","GE","region","3","42"
"915","Hiran","203","SO","HI","region","4.3616958","45.5333102"
"924","Lower Juba","203","SO","JH","region","-0.0001019","41.9999624"
"921","Lower Shebelle","203","SO","SH","region","1.8427539","44.5937239"
"922","Middle Juba","203","SO","JD","region","1.4325937","42.6559939"
"923","Middle Shebelle","203","SO","SD","region","3","46"
"916","Mudug","203","SO","MU","region","6.6507279","48.3009945"
"920","Nugal","203","SO","NU","region","8.16698","48.9978971"
"919","Sanaag","203","SO","SA","region","10.4386899","47.5924085"
"5699","Sool","203","SO","SO","region","8.39611111","47.69138889"
"929","Togdheer","203","SO","TO","region","9.3029453","45.4861213"
"5700","Woqooyi Galbeed","203","SO","WO","region","9.56305556","44.0675"
"938","Eastern Cape","204","ZA","EC","province","-32.2171831","26.6386401"
"932","Free State","204","ZA","FS","province","-28.7853618","26.4978933"
"936","Gauteng","204","ZA","GP","province","-25.9363439","28.0813105"
"935","KwaZulu-Natal","204","ZA","KZN","province","-28.503833","30.8875009"
"933","Limpopo","204","ZA","LP","province","-23.4735288","29.3959199"
"937","Mpumalanga","204","ZA","MP","province","-26.276849","30.1500153"
"934","North West","204","ZA","NW","province","-26.1347819","25.6546729"
"931","Northern Cape","204","ZA","NC","province","-29.573402","21.2051361"
"939","Western Cape","204","ZA","WC","province","-33.546977","20.72753"
"3860","Busan","116","KR","26","metropolitan city","35.1795543","129.0756416"
"3846","Daegu","116","KR","27","metropolitan city","35.8714354","128.601445"
"3850","Daejeon","116","KR","30","metropolitan city","36.3504119","127.3845475"
"3862","Gangwon","116","KR","42","special self-governing province","37.885","127.7297"
"3858","Gwangju","116","KR","29","metropolitan city","35.1595454","126.8526012"
"3847","Gyeonggi","116","KR","41","province","37.2884675","127.0535231"
"3848","Incheon","116","KR","28","metropolitan city","37.4562557","126.7052062"
"3853","Jeju","116","KR","49","special self-governing province","33.4998289","126.5313902"
"3854","North Chungcheong","116","KR","43","province","36.6357","127.4915"
"3855","North Gyeongsang","116","KR","47","province","36.5754","128.5058"
"3851","North Jeolla","116","KR","45","province","35.8198999","127.109"
"3861","Sejong City","116","KR","50","special self-governing city","36.4799999","127.289"
"3849","Seoul","116","KR","11","special city","37.566535","126.9779692"
"3859","South Chungcheong","116","KR","44","province","36.6593","126.6729"
"3857","South Gyeongsang","116","KR","48","province","35.2382","128.6925"
"3856","South Jeolla","116","KR","46","province","34.8159","126.4629"
"3852","Ulsan","116","KR","31","metropolitan city","35.5383773","129.3113596"
"2092","Central Equatoria","206","SS","EC","state","5","31.5"
"2093","Eastern Equatoria","206","SS","EE","state","5.283932","33.5912329"
"2094","Jonglei State","206","SS","JG","state","8","32"
"2090","Lakes","206","SS","LK","state","6.7526716","30.0948429"
"2088","Northern Bahr el Ghazal","206","SS","BN","state","9","27"
"2085","Unity","206","SS","UY","state","8.4582525","29.9560547"
"2086","Upper Nile","206","SS","NU","state","9","33"
"2087","Warrap","206","SS","WR","state","7.9132688","28.9588141"
"2091","Western Bahr el Ghazal","206","SS","BW","state","8.5455555","25.2224504"
"2089","Western Equatoria","206","SS","EW","state","5.5381215","29.1495118"
"5089","A Coruña","207","ES","C","province","43.3709703","-8.3959425"
"5109","Albacete","207","ES","AB","province","38.9950921","-1.8559154"
"5108","Alicante","207","ES","A","province","38.3436365","-0.4881708"
"5095","Almeria","207","ES","AL","province","36.8414197","-2.4628135"
"5325","Andalusia","207","ES","AN","autonomous community","37.3399964","-4.5811614"
"5093","Araba","207","ES","VI","province","42.8440722","-2.6820829"
"5326","Aragon","207","ES","AR","autonomous community","41.3787291","-0.7639373"
"1160","Asturias","207","ES","O","province","43.3133868","-5.94192"
"5701","Asturias, Principality of","207","ES","AS","autonomous community","43.36138889","-5.84777778"
"1189","Ávila","207","ES","AV","province","40.6232768","-4.8354202"
"5092","Badajoz","207","ES","BA","province","38.878187","-6.9701115"
"5335","Balearic Islands","207","ES","IB","autonomous community","39.613432","2.8829185"
"5102","Barcelona","207","ES","B","province","41.3825802","2.177073"
"5332","Basque Country","207","ES","PV","autonomous community","42.9911816","-2.5543023"
"5094","Bizkaia","207","ES","BI","province","43.238482","-2.8516316"
"1146","Burgos","207","ES","BU","province","42.3247142","-3.6765389"
"1190","Caceres","207","ES","CC","province","39.4745175","-6.3716761"
"5096","Cádiz","207","ES","CA","province","36.5297438","-6.2928976"
"5222","Canary Islands","207","ES","CN","autonomous community","28.2935785","-16.6214471"
"1170","Cantabria","207","ES","S","province","43.1595664","-4.0878382"
"5702","Cantabria","207","ES","CB","autonomous community","43.33333333","-4"
"5110","Castellón","207","ES","CS","province","40.2518568","-0.0615052"
"5329","Castile and Leon","207","ES","CL","autonomous community","41.55005","-5.1387401"
"5330","Castilla-La Mancha","207","ES","CM","autonomous community","39.4177902","-2.6232332"
"5331","Catalonia","207","ES","CT","autonomous community","41.8523094","1.5745043"
"5223","Ceuta","207","ES","CE","autonomous city","35.888361","-5.304138"
"5105","Ciudad Real","207","ES","CR","province","38.9854201","-3.9285138"
"5337","Community of Madrid","207","ES","MD","autonomous community","40.5248319","-3.7715628"
"5097","Córdoba","207","ES","CO","province","37.9567116","-4.8477241"
"5106","Cuenca","207","ES","CU","province","40.0661031","-2.1313528"
"5333","Estremadura","207","ES","EX","autonomous community","39.1748426","-6.1529891"
"5334","Galicia","207","ES","GA","autonomous community","42.61946","-7.863112"
"1191","Gipuzkoa","207","ES","SS","province","43.1445278","-2.2037955"
"5103","Girona","207","ES","GI","province","41.9793006","2.8199439"
"5098","Granada","207","ES","GR","province","37.1734995","-3.5995337"
"5107","Guadalajara","207","ES","GU","province","40.6326979","-3.1646067"
"5099","Huelva","207","ES","H","province","37.2575874","-6.9484945"
"1177","Huesca","207","ES","HU","province","42.1363786","-0.4365837"
"1174","Islas Baleares","207","ES","PM","province","39.613432","2.8829185"
"5100","Jaén","207","ES","J","province","37.7728858","-3.7883289"
"5703","La Rioja","207","ES","RI","autonomous community","42.25","-2.5"
"1171","La Rioja","207","ES","LO","province","42.2814642","-2.482805"
"1185","Las Palmas","207","ES","GC","province","27.9580004","-15.6062305"
"1200","León","207","ES","LE","province","42.5987041","-5.5670839"
"5104","Lleida","207","ES","L","province","41.6147605","0.6267842"
"5090","Lugo","207","ES","LU","province","43.0118437","-7.5565749"
"1158","Madrid","207","ES","M","province","40.4167515","-3.7038322"
"5101","Málaga","207","ES","MA","province","36.7213028","-4.4216366"
"5224","Melilla","207","ES","ML","autonomous city","35.2937","-2.9383"
"1176","Murcia","207","ES","MU","province","37.9923795","-1.1305431"
"1204","Navarra","207","ES","NA","province","42.6125488","-1.8307877"
"5339","Navarre","207","ES","NC","autonomous community","42.6125488","-1.8307877"
"5091","Ourense","207","ES","OR","province","42.3438932","-7.8571792"
"1157","Palencia","207","ES","P","province","42.0096832","-4.5287949"
"1167","Pontevedra","207","ES","PO","province","42.4318876","-8.6431592"
"5338","Region of Murcia","207","ES","MC","autonomous community","38.0640123","-1.6719377"
"1147","Salamanca","207","ES","SA","province","40.7665582","-6.021765"
"5112","Santa Cruz de Tenerife","207","ES","TF","province","28.467178","-16.2507843"
"1192","Segovia","207","ES","SG","province","40.9429296","-4.1088942"
"1193","Sevilla","207","ES","SE","province","37.3886303","-5.9953403"
"1208","Soria","207","ES","SO","province","41.7633842","-2.4642041"
"1203","Tarragona","207","ES","T","province","41.1172364","1.2546057"
"5111","Teruel","207","ES","TE","province","40.345041","-1.1184744"
"1205","Toledo","207","ES","TO","province","39.8560679","-4.0239568"
"1175","Valencia","207","ES","V","province","39.3342058","-0.7973474"
"5340","Valencian Community","207","ES","VC","autonomous community","39.6819591","-0.7654406"
"1183","Valladolid","207","ES","VA","province","41.6517375","-4.724495"
"1161","Zamora","207","ES","ZA","province","41.6857693","-5.942315"
"5113","Zaragoza","207","ES","Z","province","41.6521342","-0.8809428"
"2799","Ampara","208","LK","52","district","7.2978118","81.6790194"
"2816","Anuradhapura","208","LK","71","district","8.3318305","80.4029017"
"2790","Badulla","208","LK","81","district","6.9934009","81.0549815"
"2818","Batticaloa","208","LK","51","district","7.8381021","81.5567533"
"2798","Central","208","LK","2","province","7.381949","80.723428"
"2815","Colombo","208","LK","11","district","6.9388614","79.8542005"
"2808","Eastern","208","LK","5","province","7.7596435","81.5850205"
"2792","Galle","208","LK","31","district","6.0328139","80.214955"
"2804","Gampaha","208","LK","12","district","7.0925595","79.9951396"
"2791","Hambantota","208","LK","33","district","6.176392","81.1321195"
"2787","Jaffna","208","LK","41","district","9.665093","80.0093029"
"2789","Kalutara","208","LK","13","district","6.5745305","80.0286312"
"2788","Kandy","208","LK","21","district","7.2931588","80.6350107"
"2797","Kegalle","208","LK","92","district","7.1204053","80.3213106"
"2793","Kilinochchi","208","LK","42","district","9.3840068","80.4087224"
"5342","Kurunegala","208","LK","61","district","7.7279837","80.257184"
"2805","Mannar","208","LK","43","district","8.9809531","79.9043975"
"2810","Matale","208","LK","22","district","7.4659646","80.6234259"
"2806","Matara","208","LK","32","district","5.9449348","80.5487997"
"2819","Monaragala","208","LK","82","district","6.8727781","81.3506832"
"2814","Mullaitivu","208","LK","45","district","9.2675388","80.8128254"
"2800","North Central","208","LK","7","province","8.2826967","80.4848708"
"2817","North Western","208","LK","6","province","7.9745867","79.9720053"
"2813","Northern","208","LK","4","province","9.28","80.2827753"
"2794","Nuwara Eliya","208","LK","23","district","6.9738863","80.767127"
"2812","Polonnaruwa","208","LK","72","district","7.9395567","81.0003403"
"2796","Puttalam","208","LK","62","district","8.0301856","79.8286583"
"2807","Ratnapura","208","LK","91","district","6.6803691","80.4022975"
"2803","Sabaragamuwa","208","LK","9","province","6.8124018","80.3354764"
"2801","Southern","208","LK","3","province","6.149","80.7318178"
"2795","Trincomalee","208","LK","53","district","8.576425","81.2344952"
"2811","Uva","208","LK","8","province","6.9609465","81.2394711"
"2809","Vavuniya","208","LK","44","district","8.7594739","80.5000334"
"2802","Western","208","LK","1","province","6.8275297","79.931296"
"885","Al Jazirah","209","SD","GZ","state","14.6671537","33.222361"
"886","Al Qadarif","209","SD","GD","state","14.040941","35.398832"
"887","Blue Nile","209","SD","NB","state","11.9566972","34.122894"
"896","Central Darfur","209","SD","DC","state","12.1297093","23.3541687"
"892","East Darfur","209","SD","DE","state","11.2231983","26.5858041"
"884","Kassala","209","SD","KA","state","15.452011","36.3770699"
"881","Khartoum","209","SD","KH","state","15.5038301","32.5738979"
"890","North Darfur","209","SD","DN","state","16","26"
"893","North Kordofan","209","SD","KN","state","14.4169302","29.468369"
"895","Northern","209","SD","NO","state","19","30"
"880","Red Sea","209","SD","RS","state","20","36"
"891","River Nile","209","SD","NR","state","19.0105596","33.018318"
"882","Sennar","209","SD","SI","state","13.5424054","33.6103555"
"894","South Darfur","209","SD","DS","state","11","25"
"883","South Kordofan","209","SD","KS","state","11","31"
"888","West Darfur","209","SD","DW","state","13.5110052","22.7033427"
"889","West Kordofan","209","SD","GK","state","11.7522803","28.2046026"
"879","White Nile","209","SD","NW","state","12.4999838","32.5000166"
"2846","Brokopondo","210","SR","BR","district","4.6851643","-55.061093"
"2839","Commewijne","210","SR","CM","district","5.8401198","-54.9244431"
"2842","Coronie","210","SR","CR","district","5.7468563","-56.2455162"
"2845","Marowijne","210","SR","MA","district","5.7083272","-54.35369"
"2840","Nickerie","210","SR","NI","district","5.7183925","-56.8775105"
"2841","Para","210","SR","PR","district","5.3430413","-55.581341"
"2843","Paramaribo","210","SR","PM","district","5.8247628","-55.1703941"
"2848","Saramacca","210","SR","SA","district","5.7870805","-55.6064574"
"2847","Sipaliwini","210","SR","SI","district","3.6815086","-55.961246"
"2844","Wanica","210","SR","WA","district","5.75","-55.25"
"1537","Blekinge","213","SE","K","county","56.1240122","15.4022088"
"1534","Dalarna","213","SE","W","county","61.0603778","14.2150873"
"1533","Gävleborg","213","SE","X","county","61.2603424","16.6946985"
"1546","Gotland","213","SE","I","county","57.4998732","18.4998927"
"1548","Halland","213","SE","N","county","56.9608104","12.8547066"
"5117","Jämtland","213","SE","Z","county","63.3452222","14.124986"
"1550","Jönköping","213","SE","F","county","57.7825634","14.165719"
"1544","Kalmar","213","SE","H","county","56.666667","16.333056"
"1542","Kronoberg","213","SE","G","county","56.8006781","14.411161"
"1538","Norrbotten","213","SE","BD","county","66.52825","22.95302"
"1539","Örebro","213","SE","T","county","59.2747287","15.2151181"
"1536","Östergötland","213","SE","E","county","58.3650249","16.0447142"
"1541","Skåne","213","SE","M","county","55.8479416","13.6337117"
"1540","Södermanland","213","SE","D","county","58.9649214","16.7294012"
"1551","Stockholm","213","SE","AB","county","59.3336173","18.0276973"
"1545","Uppsala","213","SE","C","county","59.8661986","17.5984327"
"1535","Värmland","213","SE","S","county","59.8907624","13.2947617"
"1543","Västerbotten","213","SE","AC","county","64.728471","18.5533235"
"1552","Västernorrland","213","SE","Y","county","63.0589693","18.1013686"
"1549","Västmanland","213","SE","U","county","59.6965639","16.1846541"
"1547","Västra Götaland","213","SE","O","county","58.2158502","12.6518208"
"1639","Aargau","214","CH","AG","canton","47.412396","8.1948321"
"1655","Appenzell Ausserrhoden","214","CH","AR","canton","47.3960076","9.3705839"
"1649","Appenzell Innerrhoden","214","CH","AI","canton","47.3007262","9.3991527"
"1641","Basel-Land","214","CH","BL","canton","47.5092938","7.6588333"
"4957","Basel-Stadt","214","CH","BS","canton","47.5579097","7.5927728"
"1645","Bern","214","CH","BE","canton","46.8382351","7.6004502"
"1640","Fribourg","214","CH","FR","canton","46.6789116","7.1027113"
"1647","Geneva","214","CH","GE","canton","46.2256509","6.1439209"
"1661","Glarus","214","CH","GL","canton","47.0411232","9.0679"
"1660","Graubünden","214","CH","GR","canton","46.6960615","9.6027351"
"1658","Jura","214","CH","JU","canton","47.3566699","7.1598893"
"1663","Lucerne","214","CH","LU","canton","47.0908207","8.1719611"
"1659","Neuchâtel","214","CH","NE","canton","46.9899874","6.9292732"
"1652","Nidwalden","214","CH","NW","canton","46.942756","8.4119773"
"1650","Obwalden","214","CH","OW","canton","46.8613857","8.2067825"
"1654","Schaffhausen","214","CH","SH","canton","47.6960491","8.634513"
"1653","Schwyz","214","CH","SZ","canton","47.0207138","8.6529884"
"1662","Solothurn","214","CH","SO","canton","47.31874","7.6698284"
"1644","St. Gallen","214","CH","SG","canton","47.1561047","9.338323"
"1657","Thurgau","214","CH","TG","canton","47.5859649","9.1428769"
"1643","Ticino","214","CH","TI","canton","46.3351913","8.7525902"
"1642","Uri","214","CH","UR","canton","46.7864413","8.6420159"
"1648","Valais","214","CH","VS","canton","46.2303063","7.6605757"
"1651","Vaud","214","CH","VD","canton","46.6356963","6.5320717"
"1646","Zug","214","CH","ZG","canton","47.1661505","8.5154749"
"1656","Zürich","214","CH","ZH","canton","47.4133024","8.656394"
"2941","Al-Hasakah","215","SY","HA","province","36.4364544","40.5793816"
"2944","Al-Raqqah","215","SY","RA","province","35.949678","39.0089212"
"2946","Aleppo","215","SY","HL","province","36.1517479","37.3935"
"2936","As-Suwayda","215","SY","SU","province","32.77055","36.8776335"
"2939","Damascus","215","SY","DI","province","33.5130695","36.3095814"
"2945","Daraa","215","SY","DR","province","32.8284685","36.1055602"
"2937","Deir ez-Zor","215","SY","DY","province","35.2693236","40.2401172"
"2934","Hama","215","SY","HM","province","35.309489","37.2704222"
"2942","Homs","215","SY","HI","province","34.4709821","38.1502622"
"2940","Idlib","215","SY","ID","province","35.8595974","36.5713701"
"2938","Latakia","215","SY","LA","province","35.5786198","35.9814691"
"2943","Quneitra","215","SY","QU","province","33.0537759","35.9047094"
"2935","Rif Dimashq","215","SY","RD","province","33.4708234","37.647632"
"2947","Tartus","215","SY","TA","province","34.9452553","36.0753261"
"3404","Changhua","216","TW","CHA","county","24.0755667","120.5444667"
"3408","Chiayi","216","TW","CYI","city","23.4591664","120.2930004"
"5704","Chiayi County","216","TW","CYQ","county","23.49620556","120.641875"
"3417","Hsinchu","216","TW","HSZ","city","24.8138287","120.9674798"
"5705","Hsinchu County","216","TW","HSQ","county","24.83333333","121.01472222"
"3411","Hualien","216","TW","HUA","county","23.9871589","121.6015714"
"3412","Kaohsiung","216","TW","KHH","special municipality","22.6203348","120.3120375"
"4965","Keelung","216","TW","KEE","city","25.1317232","121.744652"
"3415","Kinmen","216","TW","KIN","county","24.4367638","118.3186435"
"3420","Lienchiang","216","TW","LIE","county","26.1577951","119.9519756"
"3413","Miaoli","216","TW","MIA","county","24.560159","120.8214265"
"3407","Nantou","216","TW","NAN","county","23.90235","120.6909167"
"4966","New Taipei","216","TW","NWT","special municipality","25.011997","121.4656619"
"3403","Penghu","216","TW","PEN","county","23.569694","119.5664543"
"3405","Pingtung","216","TW","PIF","county","22.6628468","120.4915677"
"3406","Taichung","216","TW","TXG","special municipality","24.163162","120.6478282"
"3421","Tainan","216","TW","TNN","special municipality","22.9912348","120.184982"
"3422","Taipei","216","TW","TPE","special municipality","25.0329694","121.5654177"
"3410","Taitung","216","TW","TTT","county","22.7560447","121.1456538"
"3419","Taoyuan","216","TW","TAO","special municipality","24.9936281","121.3009798"
"3402","Yilan","216","TW","ILA","county","24.7302791","121.7631149"
"3416","Yunlin","216","TW","YUN","county","23.6990775","120.5245511"
"5706","Dushanbe","217","TJ","DU","capital territory","38.53666667","68.78"
"3399","Gorno-Badakhshan","217","TJ","GB","autonomous region","38.3492457","72.9988168"
"3398","Khatlon","217","TJ","KT","region","37.8804734","69.2636923"
"3397","Nohiyahoi Tobei Jumhurí","217","TJ","RA","districts under republic administration","39.0857902","70.2408325"
"3400","Sughd","217","TJ","SU","region","39.3548602","68.8268012"
"1491","Arusha","218","TZ","01","region","-3.3696827","36.6880794"
"1490","Dar es Salaam","218","TZ","02","region","-6.8160837","39.2803583"
"1466","Dodoma","218","TZ","03","region","-6.1791181","35.7468174"
"1481","Geita","218","TZ","27","region","-2.8707573","32.2340831"
"1489","Iringa","218","TZ","04","region","-7.7742718","35.4826339"
"1465","Kagera","218","TZ","05","region","-1.5825315","31.4798031"
"1482","Katavi","218","TZ","28","region","-6.3015493","30.9278274"
"1478","Kigoma","218","TZ","08","region","-4.877862","29.6296319"
"1467","Kilimanjaro","218","TZ","09","region","-3.476279","37.3872648"
"1483","Lindi","218","TZ","12","region","-9.3985098","37.8997467"
"1484","Manyara","218","TZ","26","region","-4.072751","35.8521735"
"1468","Mara","218","TZ","13","region","-1.6409527","33.8421608"
"4955","Mbeya","218","TZ","14","region","-8.6131228","33.3341957"
"1470","Morogoro","218","TZ","16","region","-7.0842931","37.4232686"
"1476","Mtwara","218","TZ","17","region","-10.2838146","40.1789136"
"1479","Mwanza","218","TZ","18","region","-2.5196915","32.9014417"
"1480","Njombe","218","TZ","29","region","-9.2861487","35.1575097"
"1488","Pemba North","218","TZ","06","region","-5.0153101","39.7313864"
"1472","Pemba South","218","TZ","10","region","-5.2850214","39.7131087"
"1485","Pwani","218","TZ","19","region","-7.1160874","38.7300111"
"1477","Rukwa","218","TZ","20","region","-7.7511321","30.9487902"
"1486","Ruvuma","218","TZ","21","region","-10.749721","35.6616934"
"1463","Shinyanga","218","TZ","22","region","-3.6562049","33.4271153"
"1464","Simiyu","218","TZ","30","region","-3.1328347","34.1837946"
"1474","Singida","218","TZ","23","region","-5.2902148","34.6367444"
"4956","Songwe","218","TZ","31","region","-7.8269475","32.6193937"
"1469","Tabora","218","TZ","24","region","-5.0202431","32.8097724"
"1487","Tanga","218","TZ","25","region","-5.202134","38.2275548"
"1473","Zanzibar North","218","TZ","07","region","-5.9395093","39.2791011"
"1471","Zanzibar South","218","TZ","11","region","-6.2083752","39.3579634"
"1475","Zanzibar West","218","TZ","15","region","-6.1653854","39.2386951"
"3523","Amnat Charoen","219","TH","37","province","15.8656783","104.6257774"
"3519","Ang Thong","219","TH","15","province","14.5896054","100.455052"
"3554","Bangkok","219","TH","10","metropolitan administration","13.7563309","100.5017651"
"3533","Bueng Kan","219","TH","38","province","18.3609104","103.6464463"
"3534","Buri Ram","219","TH","31","province","14.9951003","103.1115915"
"3552","Chachoengsao","219","TH","24","province","13.6904194","101.0779596"
"3522","Chai Nat","219","TH","18","province","15.1851971","100.125125"
"4954","Chaiyaphum","219","TH","36","province","16.2720349","101.7153824"
"3486","Chanthaburi","219","TH","22","province","12.6112485","102.1037806"
"3491","Chiang Mai","219","TH","50","province","18.7883439","98.9853008"
"3498","Chiang Rai","219","TH","57","province","19.9104798","99.840576"
"3513","Chon Buri","219","TH","20","province","13.1857117","101.1210777"
"3526","Chumphon","219","TH","86","province","10.4930496","99.1800199"
"3550","Kalasin","219","TH","46","province","16.438508","103.5060994"
"3516","Kamphaeng Phet","219","TH","62","province","16.4748045","99.5280072"
"3511","Kanchanaburi","219","TH","71","province","14.0342066","99.5256113"
"3485","Khon Kaen","219","TH","40","province","16.4303916","102.8355904"
"3478","Krabi","219","TH","81","province","8.0634637","98.9162345"
"3544","Lampang","219","TH","52","province","18.2899489","99.4958526"
"3483","Lamphun","219","TH","51","province","18.5744606","99.0087221"
"3509","Loei","219","TH","42","province","17.4860232","101.7223002"
"3543","Lop Buri","219","TH","16","province","14.8023289","100.6146858"
"3505","Mae Hong Son","219","TH","58","province","19.3020296","97.9654368"
"3517","Maha Sarakham","219","TH","44","province","15.9041448","103.0840638"
"3546","Mukdahan","219","TH","49","province","16.5414065","104.7290699"
"3535","Nakhon Nayok","219","TH","26","province","14.2069466","101.2130511"
"3503","Nakhon Pathom","219","TH","73","province","13.8341476","100.0502775"
"3548","Nakhon Phanom","219","TH","48","province","17.4032326","104.7853098"
"3497","Nakhon Ratchasima","219","TH","30","province","14.9747339","102.0981161"
"3492","Nakhon Sawan","219","TH","60","province","15.705783","100.1330046"
"3520","Nakhon Si Thammarat","219","TH","80","province","8.4324831","99.9599033"
"3530","Nan","219","TH","55","province","18.7778874","100.773732"
"3553","Narathiwat","219","TH","96","province","6.4350352","101.8228923"
"3480","Nong Bua Lam Phu","219","TH","39","province","17.2022252","102.440702"
"3484","Nong Khai","219","TH","43","province","17.8782803","102.7412638"
"3495","Nonthaburi","219","TH","12","province","13.8428962","100.4937886"
"3500","Pathum Thani","219","TH","13","province","14.0208391","100.5250276"
"3540","Pattani","219","TH","94","province","6.6997443","101.3989917"
"3507","Pattaya","219","TH","S","metropolitan administration","12.9366924","100.8865002"
"3549","Phangnga","219","TH","82","province","8.5010944","98.5068054"
"3488","Phatthalung","219","TH","93","province","7.6166823","100.0740231"
"3538","Phayao","219","TH","56","province","19.341673","100.1854539"
"3515","Phetchabun","219","TH","67","province","16.418027","101.1556825"
"3532","Phetchaburi","219","TH","76","province","13.0692869","99.6044376"
"3514","Phichit","219","TH","66","province","16.4428085","100.3438228"
"3506","Phitsanulok","219","TH","65","province","16.8211238","100.2658516"
"3494","Phra Nakhon Si Ayutthaya","219","TH","14","province","14.3535427","100.5645684"
"3528","Phrae","219","TH","54","province","18.1445774","100.1402831"
"3536","Phuket","219","TH","83","province","7.8804479","98.3922504"
"3542","Prachin Buri","219","TH","25","province","14.1542055","101.5547823"
"3508","Prachuap Khiri Khan","219","TH","77","province","11.8057688","99.7967271"
"3479","Ranong","219","TH","85","province","9.964128","98.6340038"
"3499","Ratchaburi","219","TH","70","province","13.539067","99.8197035"
"3518","Rayong","219","TH","21","province","12.6813957","101.2816261"
"3510","Roi Et","219","TH","45","province","16.0538196","103.6520036"
"3529","Sa Kaeo","219","TH","27","province","13.824038","102.0645839"
"3501","Sakon Nakhon","219","TH","47","province","17.1664211","104.1486055"
"3481","Samut Prakan","219","TH","11","province","13.6531651","100.8182578"
"3504","Samut Sakhon","219","TH","74","province","13.5475216","100.2743956"
"3502","Samut Songkhram","219","TH","75","province","13.4098217","100.0022645"
"3487","Saraburi","219","TH","19","province","14.5289154","100.9101421"
"3537","Satun","219","TH","91","province","6.6238158","100.0673744"
"3547","Si Sa Ket","219","TH","33","province","15.1186009","104.3220095"
"3490","Sing Buri","219","TH","17","province","14.8936253","100.3967314"
"3539","Songkhla","219","TH","90","province","7.1897659","100.5953813"
"3545","Sukhothai","219","TH","64","province","17.1446985","99.4375845"
"3524","Suphan Buri","219","TH","72","province","14.4744892","100.1177128"
"3482","Surat Thani","219","TH","84","province","9.1404136","99.3241347"
"3531","Surin","219","TH","32","province","15.0610142","103.7613123"
"3525","Tak","219","TH","63","province","17.1053568","98.9953943"
"3541","Trang","219","TH","92","province","7.5557778","99.6076502"
"3496","Trat","219","TH","23","province","12.2427563","102.5174734"
"3512","Ubon Ratchathani","219","TH","34","province","15.2274235","104.8589462"
"3527","Udon Thani","219","TH","41","province","17.3907364","102.7773582"
"3551","Uthai Thani","219","TH","61","province","15.3835001","100.0245527"
"3489","Uttaradit","219","TH","53","province","17.6200886","100.0992942"
"3493","Yala","219","TH","95","province","6.5567245","101.2902517"
"3521","Yasothon","219","TH","35","province","15.792641","104.1452827"
"3601","Acklins","17","BS","AK","district","22.4145","-74.0606831"
"3593","Berry Islands","17","BS","BY","district","25.5905","-77.7261006"
"3629","Bimini","17","BS","BI","district","25.7032538","-79.2733449"
"3605","Black Point","17","BS","BP","district","24.0962598","-76.4022591"
"3611","Cat Island","17","BS","CI","district","24.3385","-75.6149932"
"3603","Central Abaco","17","BS","CO","district","26.5255105","-77.2838118"
"3631","Central Andros","17","BS","CS","district","24.4343749","-77.7934077"
"3596","Central Eleuthera","17","BS","CE","district","25.239","-76.3291621"
"3621","Crooked Island","17","BS","CK","district","22.7486959","-74.2386163"
"3614","East Grand Bahama","17","BS","EG","district","26.6772229","-78.0134521"
"3612","Exuma","17","BS","EX","district","23.9685","-76.1799049"
"3626","Freeport","17","BS","FP","district","26.535681","-78.6953623"
"3632","Grand Cay","17","BS","GC","district","27.2287191","-78.3324366"
"3613","Harbour Island","17","BS","HI","district","25.50011","-76.6340511"
"3624","Hope Town","17","BS","HT","district","26.5407116","-76.9594379"
"3609","Inagua","17","BS","IN","district","21.2325","-73.3096213"
"3610","Long Island","17","BS","LI","district","23.303","-75.1058782"
"3625","Mangrove Cay","17","BS","MC","district","24.2188205","-77.7176145"
"3633","Mayaguana","17","BS","MG","district","22.3698426","-72.8876816"
"5717","Moore's Island","17","BS","MI","district","25.866667","-77.966667"
"4881","New Providence","17","BS","NP","island","25.1943588","-77.2953297"
"3616","North Abaco","17","BS","NO","district","26.9383943","-77.6838221"
"3617","North Andros","17","BS","NS","district","24.8875","-78.0811619"
"3602","North Eleuthera","17","BS","NE","district","25.3776694","-76.7842655"
"3615","Ragged Island","17","BS","RI","district","22.4765594","-75.8020934"
"3600","Rum Cay","17","BS","RC","district","23.8263065","-74.9326829"
"3627","San Salvador Island","17","BS","SS","district","24.0343816","-74.4851373"
"3608","South Abaco","17","BS","SO","district","26.004","-77.3567072"
"3622","South Andros","17","BS","SA","district","23.8985","-77.4565404"
"3607","South Eleuthera","17","BS","SE","district","24.7310794","-76.2926928"
"3630","Spanish Wells","17","BS","SW","district","25.5402336","-76.9606233"
"3599","West Grand Bahama","17","BS","WG","district","26.744","-78.8788685"
"2666","Banjul","80","GM","B","city","13.4548761","-16.5790323"
"2669","Central River","80","GM","M","division","13.5750738","-14.7797147"
"2670","Lower River","80","GM","L","division","13.3978304","-15.7263312"
"2671","North Bank","80","GM","N","division","13.4731283","-16.1334359"
"2668","Upper River","80","GM","U","division","13.4049977","-14.1495576"
"2667","West Coast","80","GM","W","division","13.258513","-16.4999051"
"4520","Aileu","63","TL","AL","municipality","-8.7049799","125.6625518"
"4518","Ainaro","63","TL","AN","municipality","-8.9969021","125.50482"
"4521","Baucau","63","TL","BA","municipality","-8.4714308","126.4575991"
"4525","Bobonaro","63","TL","BO","municipality","-8.974555","125.2306505"
"4522","Cova Lima","63","TL","CO","municipality","-9.2352985","125.2329359"
"4524","Dili","63","TL","DI","municipality","-8.5536809","125.5784093"
"4516","Ermera","63","TL","ER","municipality","-8.765625","125.4215713"
"4523","Lautém","63","TL","LA","municipality","-8.4335127","126.8258738"
"4515","Liquiçá","63","TL","LI","municipality","-8.655061","125.2751452"
"4517","Manatuto","63","TL","MT","municipality","-8.5155608","126.0159255"
"4519","Manufahi","63","TL","MF","municipality","-8.96666","125.7810921"
"5550","Oecusse","63","TL","OE","special administrative region","-9.35","124.3"
"4514","Viqueque","63","TL","VI","municipality","-8.8597918","126.3633516"
"2575","Centrale","220","TG","C","region","8.607113","1.0458554"
"2579","Kara","220","TG","K","region","9.541111","0.7876018"
"2576","Maritime","220","TG","M","region","6.5175177","1.2045805"
"2577","Plateaux","220","TG","P","region","7.450501","1.0892702"
"2578","Savanes","220","TG","S","region","10.511559","0.4653751"
"3913","Haʻapai","222","TO","02","division","-20.0587404","-174.6229919"
"3915","ʻEua","222","TO","01","division","-21.3705828","-174.9388843"
"3914","Niuas","222","TO","03","division","-15.9594","-173.783"
"3912","Tongatapu","222","TO","04","division","-21.1678253","-175.2738691"
"3911","Vavaʻu","222","TO","05","division","-18.6231468","-174.002138"
"3362","Arima","223","TT","ARI","borough","10.6372057","-61.2829762"
"3366","Chaguanas","223","TT","CHA","borough","10.5168387","-61.4114482"
"3354","Couva-Tabaquite-Talparo","223","TT","CTT","region","10.4497669","-61.3443881"
"3367","Diego Martin","223","TT","DMN","region","10.7138596","-61.5793555"
"3355","Eastern Tobago","223","TT","ETO","region","11.2832232","-60.6925066"
"3365","Penal-Debe","223","TT","PED","region","10.1649187","-61.4286325"
"3360","Point Fortin","223","TT","PTF","borough","10.1759283","-61.6827286"
"3363","Port of Spain","223","TT","POS","city","10.6572678","-61.5180173"
"3368","Princes Town","223","TT","PRT","region","10.2048003","-61.2806186"
"3356","Rio Claro-Mayaro","223","TT","MRC","region","10.2597016","-61.0923503"
"3359","San Fernando","223","TT","SFO","region","10.2807069","-61.4645896"
"3357","San Juan-Laventille","223","TT","SJL","region","10.6756066","-61.4710154"
"3361","Sangre Grande","223","TT","SGE","region","10.6375402","-61.1177499"
"3364","Siparia","223","TT","SIP","region","10.1471607","-61.5787032"
"5735","Tobago","223","TT","TOB","ward","11.25","-60.6833333"
"3358","Tunapuna-Piarco","223","TT","TUP","region","10.6854333","-61.3205274"
"3353","Western Tobago","223","TT","WTO","region","11.1572885","-60.8165013"
"2550","Ariana","224","TN","12","governorate","36.9685735","10.1219855"
"2572","Béja","224","TN","31","governorate","36.7236755","9.185382"
"2566","Ben Arous","224","TN","13","governorate","36.6306483","10.2100827"
"2551","Bizerte","224","TN","23","governorate","37.0354339","9.6393259"
"2558","Gabès","224","TN","81","governorate","33.7765032","9.793063"
"2556","Gafsa","224","TN","71","governorate","34.4224374","8.7843862"
"2552","Jendouba","224","TN","32","governorate","36.6779725","8.752647"
"2564","Kairouan","224","TN","41","governorate","35.6711663","10.1005469"
"2570","Kasserine","224","TN","42","governorate","35.1687646","8.8365654"
"2562","Kebili","224","TN","73","governorate","33.7071551","8.9714623"
"2561","Kef","224","TN","33","governorate","36.0357642","8.7249381"
"2568","Mahdia","224","TN","53","governorate","35.4877893","10.9622433"
"2555","Manouba","224","TN","14","governorate","36.7624363","9.8336191"
"2560","Medenine","224","TN","82","governorate","33.3434014","10.4910703"
"2553","Monastir","224","TN","52","governorate","35.7707582","10.8280511"
"5116","Nabeul","224","TN","21","governorate","36.4823676","10.6707197"
"2557","Sfax","224","TN","61","governorate","34.7232387","10.3358474"
"2567","Sidi Bouzid","224","TN","43","governorate","35.0354386","9.4839392"
"2563","Siliana","224","TN","34","governorate","36.0887208","9.3645335"
"2571","Sousse","224","TN","51","governorate","35.8939852","10.3977704"
"2559","Tataouine","224","TN","83","governorate","31.7317009","9.7702197"
"2569","Tozeur","224","TN","72","governorate","33.9844105","8.0711309"
"2554","Tunis","224","TN","11","governorate","36.81791","10.2127219"
"2565","Zaghouan","224","TN","22","governorate","36.3994751","10.1446349"
"2212","Adana","225","TR","01","province","37.1438001","35.4984094"
"2155","Adıyaman","225","TR","02","province","37.78936","38.3141101"
"2179","Afyonkarahisar","225","TR","03","province","38.6852729","30.6427411"
"2193","Ağrı","225","TR","04","province","39.719125","43.0504894"
"2210","Aksaray","225","TR","68","province","38.3705416","34.026907"
"2161","Amasya","225","TR","05","province","40.6503248","35.8329148"
"2217","Ankara","225","TR","06","province","39.7160422","32.7059159"
"2169","Antalya","225","TR","07","province","36.9279654","30.7276865"
"2185","Ardahan","225","TR","75","province","41.1102966","42.7035585"
"2191","Artvin","225","TR","08","province","41.160506","41.8398627"
"2187","Aydın","225","TR","09","province","37.7405798","28.0676404"
"2175","Balıkesir","225","TR","10","province","39.6473917","27.8879787"
"2148","Bartın","225","TR","74","province","41.4947715","32.4354255"
"2194","Batman","225","TR","72","province","37.7874104","41.2573924"
"2177","Bayburt","225","TR","69","province","40.26032","40.228048"
"2221","Bilecik","225","TR","11","province","40.1435101","29.9752911"
"2153","Bingöl","225","TR","12","province","39.073803","40.7296181"
"2215","Bitlis","225","TR","13","province","38.4950867","42.1678372"
"2172","Bolu","225","TR","14","province","40.6212099","31.6460259"
"2209","Burdur","225","TR","15","province","37.5183407","30.1691254"
"2163","Bursa","225","TR","16","province","40.1825734","29.0675039"
"2216","Çanakkale","225","TR","17","province","40.0549886","26.9278292"
"2168","Çankırı","225","TR","18","province","40.5971947","33.6212704"
"2173","Çorum","225","TR","19","province","40.5698389","34.7269292"
"2157","Denizli","225","TR","20","province","37.7827875","29.0966476"
"2226","Diyarbakır","225","TR","21","province","38.0814716","40.4297767"
"2202","Düzce","225","TR","81","province","40.8774545","31.2009618"
"2151","Edirne","225","TR","22","province","41.1804499","26.6222442"
"2159","Elazığ","225","TR","23","province","38.5824771","39.396179"
"2160","Erzincan","225","TR","24","province","39.6073429","39.2013209"
"2165","Erzurum","225","TR","25","province","39.90632","41.2727715"
"2164","Eskişehir","225","TR","26","province","39.6821156","31.0723476"
"2203","Gaziantep","225","TR","27","province","37.0628317","37.3792617"
"2186","Giresun","225","TR","28","province","40.6531617","38.5172032"
"2204","Gümüşhane","225","TR","29","province","40.2533219","39.384968"
"2190","Hakkâri","225","TR","30","province","37.5766959","43.7377862"
"2211","Hatay","225","TR","31","province","36.3451332","36.0748022"
"2166","Iğdır","225","TR","76","province","39.9218784","44.0467957"
"2222","Isparta","225","TR","32","province","37.9465412","30.9602093"
"2170","İstanbul","225","TR","34","province","41.006381","28.9758715"
"2205","İzmir","225","TR","35","province","38.4192537","27.128469"
"2227","Kahramanmaraş","225","TR","46","province","37.7830345","36.830655"
"2223","Karabük","225","TR","78","province","41.1955402","32.6231154"
"2184","Karaman","225","TR","70","province","37.1796848","33.3383665"
"2208","Kars","225","TR","36","province","40.4558435","42.9979531"
"2197","Kastamonu","225","TR","37","province","41.3680217","33.7619177"
"2200","Kayseri","225","TR","38","province","38.6582232","35.5546374"
"2154","Kilis","225","TR","79","province","36.7797231","37.1416892"
"2178","Kırıkkale","225","TR","71","province","39.8860105","33.8278992"
"2176","Kırklareli","225","TR","39","province","41.7078046","27.6051334"
"2180","Kırşehir","225","TR","40","province","39.3303066","34.1265884"
"2195","Kocaeli","225","TR","41","province","40.8216536","29.9507184"
"2171","Konya","225","TR","42","province","38.0211951","32.5224943"
"2149","Kütahya","225","TR","43","province","39.2522508","29.4937732"
"2158","Malatya","225","TR","44","province","38.4820156","38.1035355"
"2198","Manisa","225","TR","45","province","38.8574402","28.0565711"
"2224","Mardin","225","TR","47","province","37.3209802","40.7251295"
"2156","Mersin","225","TR","33","province","36.7978381","34.6298391"
"2182","Muğla","225","TR","48","province","37.2151784","28.363733"
"2162","Muş","225","TR","49","province","38.9740786","41.9590433"
"2196","Nevşehir","225","TR","50","province","38.7235072","34.7194168"
"2189","Niğde","225","TR","51","province","38.0664691","34.7051438"
"2174","Ordu","225","TR","52","province","40.8292569","37.4082764"
"2214","Osmaniye","225","TR","80","province","37.2517882","36.2993502"
"2219","Rize","225","TR","53","province","40.9569617","40.884428"
"2150","Sakarya","225","TR","54","province","40.7755188","30.4020898"
"2220","Samsun","225","TR","55","province","41.2303557","35.9683338"
"2183","Şanlıurfa","225","TR","63","province","37.2595198","39.0408174"
"2207","Siirt","225","TR","56","province","37.8646916","42.0510294"
"4854","Sinop","225","TR","57","province","41.6476377","34.9560137"
"2181","Sivas","225","TR","58","province","39.4191717","37.1012388"
"2225","Şırnak","225","TR","73","province","37.455253","42.5212049"
"2167","Tekirdağ","225","TR","59","province","41.0731403","27.4102013"
"2199","Tokat","225","TR","60","province","40.3902713","36.6251863"
"2206","Trabzon","225","TR","61","province","40.8526439","39.7849273"
"2192","Tunceli","225","TR","62","province","39.2197553","39.4139674"
"2201","Uşak","225","TR","64","province","38.5768902","29.3729779"
"2152","Van","225","TR","65","province","38.3249599","43.6589825"
"2218","Yalova","225","TR","77","province","40.5795422","29.1687005"
"2188","Yozgat","225","TR","66","province","39.7152422","35.170998"
"2213","Zonguldak","225","TR","67","province","41.250324","31.8389738"
"3374","Ahal","226","TM","A","region","38.8395548","58.8610186"
"3371","Ashgabat","226","TM","S","city","37.9404648","58.3823487"
"3372","Balkan","226","TM","B","region","39.9353714","54.9120055"
"3373","Daşoguz","226","TM","D","region","41.8368737","59.9651904"
"3370","Lebap","226","TM","L","region","38.8131139","63.0513218"
"3369","Mary","226","TM","M","region","37.1302916","62.4019513"
"5367","Grand Turk","227","TC","05","district","21.467964","-71.1387218"
"5365","Middle Caicos","227","TC","03","district","21.795955","-71.7602595"
"5364","North Caicos","227","TC","02","district","21.8909119","-71.9505749"
"5363","Providenciales","227","TC","01","district","21.8020614","-72.3004456"
"5368","Salt Cay","227","TC","06","district","21.3228395","-71.2077909"
"5366","South Caicos","227","TC","04","district","21.5144654","-71.5379344"
"3951","Funafuti","228","TV","FUN","town council","-8.5211471","179.1961926"
"3947","Nanumanga","228","TV","NMG","island council","-6.2858019","176.319928"
"3949","Nanumea","228","TV","NMA","island council","-5.6817338","176.1271787"
"3946","Niutao Island Council","228","TV","NIT","island council","-6.1064258","177.3438429"
"3948","Nui","228","TV","NUI","island council","-7.2207599","177.1461122"
"3952","Nukufetau","228","TV","NKF","island council","-8.1159264","178.4798165"
"3953","Nukulaelae","228","TV","NKL","island council","-9.1754173","179.6367792"
"3950","Vaitupu","228","TV","VAI","island council","-7.4767327","178.6747675"
"329","Abim","229","UG","314","district","2.8047503","33.750977"
"361","Adjumani","229","UG","301","district","3.237128","31.7858246"
"392","Agago","229","UG","322","district","2.9476598","33.3861057"
"344","Alebtong","229","UG","323","district","2.2674065","33.3200226"
"416","Amolatar","229","UG","315","district","1.6374596","32.6328229"
"353","Amudat","229","UG","324","district","1.8261958","34.9312698"
"352","Amuria","229","UG","216","district","1.9819077","33.6574719"
"335","Amuru","229","UG","316","district","3.1288655","32.1024833"
"328","Apac","229","UG","302","district","1.9337258","32.5018028"
"447","Arua","229","UG","303","district","3.0014096","31.0093527"
"441","Budaka","229","UG","217","district","1.065819","34.0208931"
"349","Bududa","229","UG","218","district","1.0271813","34.3907845"
"387","Bugiri","229","UG","201","district","0.520721","33.7750698"
"5350","Bugweri","229","UG","235","district","0.6242564","33.6154383"
"391","Buhweju","229","UG","420","district","-0.3203212","30.3162054"
"377","Buikwe","229","UG","117","district","0.3405774","33.0107728"
"343","Bukedea","229","UG","219","district","1.3707048","34.1424762"
"375","Bukomansimbi","229","UG","118","district","-0.1268703","31.6225952"
"385","Bukwo","229","UG","220","district","1.2549848","34.6924324"
"428","Bulambuli","229","UG","225","district","1.3494989","34.2760949"
"389","Buliisa","229","UG","416","district","1.9228563","31.3917565"
"419","Bundibugyo","229","UG","401","district","0.6605936","30.0431008"
"381","Bunyangabu","229","UG","430","district","0.4870918","30.2051096"
"386","Bushenyi","229","UG","402","district","-0.4818132","30.1686851"
"431","Busia","229","UG","202","district","0.3917103","34.0160135"
"365","Butaleja","229","UG","221","district","0.8612477","33.8779637"
"384","Butambala","229","UG","119","district","0.1642653","32.1352371"
"388","Butebo","229","UG","233","district","1.1923861","33.8904092"
"414","Buvuma","229","UG","120","district","-0.3113927","33.197806"
"380","Buyende","229","UG","226","district","1.235238","33.1703533"
"396","Central","229","UG","C","region","2.2338712","32.9042139"
"341","Dokolo","229","UG","317","district","1.9100822","33.0796335"
"372","Eastern","229","UG","E","region","0.42323","33.1712651"
"366","Gomba","229","UG","121","district","0.2042663","31.7291772"
"413","Gulu","229","UG","304","district","2.770239","32.3044273"
"5358","Hoima","229","UG","403","district","1.5661927","31.1480968"
"339","Ibanda","229","UG","417","district","-0.0612183","30.491616"
"340","Iganga","229","UG","203","district","0.7221911","33.5016935"
"383","Isingiro","229","UG","418","district","-0.8388695","30.9356559"
"367","Jinja","229","UG","204","district","0.5751567","33.2805299"
"434","Kaabong","229","UG","318","district","3.6582061","34.2111234"
"426","Kabale","229","UG","404","district","-1.3359667","30.036886"
"326","Kabarole","229","UG","405","district","0.6212492","30.3525447"
"336","Kaberamaido","229","UG","213","district","1.6879674","33.1174888"
"403","Kagadi","229","UG","427","district","1.0229772","30.8330891"
"399","Kakumiro","229","UG","428","district","0.9624932","31.2903789"
"5352","Kalaki","229","UG","237","district","1.8327164","33.3540448"
"405","Kalangala","229","UG","101","district","-0.6141908","32.375565"
"398","Kaliro","229","UG","222","district","1.0833677","33.4822171"
"394","Kalungu","229","UG","122","district","-0.0913131","31.8106465"
"382","Kampala","229","UG","102","city","0.3177137","32.5813539"
"334","Kamuli","229","UG","205","district","0.9422474","33.1263004"
"360","Kamwenge","229","UG","413","district","0.3373317","30.6150555"
"373","Kanungu","229","UG","414","district","-0.7063914","29.7142907"
"432","Kapchorwa","229","UG","206","district","1.3350205","34.3976356"
"5351","Kapelebyong","229","UG","236","district","2.197082","33.7772633"
"5355","Karenga","229","UG","335","district","3.7095683","33.7716832"
"5349","Kasanda","229","UG","126","district","0.556667","31.802222"
"440","Kasese","229","UG","406","district","0.1310412","30.0047968"
"420","Katakwi","229","UG","207","district","1.973103","34.0641419"
"368","Kayunga","229","UG","112","district","0.9860182","32.8535755"
"5360","Kazo","229","UG","433","district","0.0256055","30.77762"
"436","Kibaale","229","UG","407","district","0.790833","31.063333"
"347","Kiboga","229","UG","103","district","0.9148518","31.7508958"
"338","Kibuku","229","UG","227","district","1.0573754","33.8056152"
"5359","Kikuube","229","UG","432","district","1.3102875","31.0001724"
"355","Kiruhura","229","UG","419","district","-0.3250908","30.8734599"
"346","Kiryandongo","229","UG","421","district","1.9935799","32.0498179"
"409","Kisoro","229","UG","408","district","-1.1989612","29.6716975"
"5361","Kitagwenda","229","UG","434","district","0.0136653","30.3217908"
"348","Kitgum","229","UG","305","district","3.4438845","33.4841172"
"345","Koboko","229","UG","319","district","3.5351114","30.9848207"
"401","Kole","229","UG","325","district","2.2988158","32.7359522"
"443","Kotido","229","UG","306","district","2.9951839","34.0342128"
"425","Kumi","229","UG","208","district","1.4565401","33.9219127"
"5353","Kwania","229","UG","333","district","1.9005531","32.7741986"
"369","Kween","229","UG","228","district","1.3516649","34.5635807"
"325","Kyankwanzi","229","UG","123","district","1.093347","31.6813924"
"437","Kyegegwa","229","UG","422","district","0.4822132","31.0002048"
"402","Kyenjojo","229","UG","415","district","0.6440978","30.6565118"
"448","Kyotera","229","UG","125","district","-0.7144702","31.6222137"
"411","Lamwo","229","UG","326","district","3.5248125","32.6576273"
"342","Lira","229","UG","307","district","2.2456918","32.896244"
"445","Luuka","229","UG","229","district","0.8199341","33.3268941"
"433","Luwero","229","UG","104","district","0.8409356","32.4935273"
"417","Lwengo","229","UG","124","district","-0.4441181","31.3990187"
"376","Lyantonde","229","UG","114","district","-0.2595983","31.1836376"
"5356","Madi-Okollo","229","UG","336","district","2.8674511","31.2383088"
"438","Manafwa","229","UG","223","district","0.8813468","34.2695507"
"421","Maracha","229","UG","320","district","3.2478417","30.9279148"
"356","Masaka","229","UG","105","district","-0.483142","31.8318895"
"354","Masindi","229","UG","409","district","1.6917534","31.7737524"
"418","Mayuge","229","UG","214","district","-0.2058293","33.5894376"
"350","Mbale","229","UG","209","district","0.9765705","34.2021869"
"415","Mbarara","229","UG","410","district","-0.6071596","30.6545022"
"435","Mitooma","229","UG","423","district","-0.6059464","30.0077345"
"364","Mityana","229","UG","115","district","0.4560686","32.0768024"
"395","Moroto","229","UG","308","district","2.6156454","34.6399817"
"363","Moyo","229","UG","309","district","3.6664665","31.7579511"
"327","Mpigi","229","UG","106","district","0.1273955","32.2527517"
"371","Mubende","229","UG","107","district","0.5154279","31.4095476"
"410","Mukono","229","UG","108","district","0.3608991","32.7446599"
"5354","Nabilatuk","229","UG","334","district","2.0383666","34.5847125"
"393","Nakapiripirit","229","UG","311","district","1.8489913","34.6425478"
"423","Nakaseke","229","UG","116","district","1.0022373","32.1758087"
"406","Nakasongola","229","UG","109","district","1.3204358","32.4894347"
"351","Namayingo","229","UG","230","district","-0.2478787","33.8114802"
"400","Namisindwa","229","UG","234","district","0.8678396","34.3831407"
"337","Namutumba","229","UG","224","district","0.8869852","33.6653494"
"430","Napak","229","UG","327","district","2.3981727","34.1718785"
"446","Nebbi","229","UG","310","district","2.4329406","31.1619888"
"424","Ngora","229","UG","231","district","1.4988837","33.7729298"
"332","Northern","229","UG","N","region","2.797198","32.2643949"
"422","Ntoroko","229","UG","424","district","0.991574","30.3849572"
"404","Ntungamo","229","UG","411","district","-0.955093","30.3023928"
"378","Nwoya","229","UG","328","district","2.5276248","31.8700356"
"5357","Obongi","229","UG","337","district","3.3635594","31.5368264"
"374","Omoro","229","UG","331","district","2.6443448","32.4975342"
"390","Otuke","229","UG","329","district","2.4784334","33.3933563"
"397","Oyam","229","UG","321","district","2.3489345","32.423386"
"408","Pader","229","UG","312","district","2.8876024","32.8962856"
"357","Pakwach","229","UG","332","district","2.4607141","31.4941738"
"412","Pallisa","229","UG","210","district","1.2200724","33.691487"
"439","Rakai","229","UG","110","district","-0.7264163","31.3400835"
"358","Rubanda","229","UG","429","district","-1.1732021","29.900338"
"442","Rubirizi","229","UG","425","district","-0.2557913","29.9365"
"331","Rukiga","229","UG","431","district","-1.1454807","30.052485"
"324","Rukungiri","229","UG","412","district","-0.697403","29.8917364"
"5362","Rwampara","229","UG","435","district","-0.7350309","30.4609131"
"427","Sembabule","229","UG","111","district","-0.0536792","31.4101459"
"333","Serere","229","UG","232","district","1.4916989","33.3568368"
"407","Sheema","229","UG","426","district","-0.591872","30.3740417"
"429","Sironko","229","UG","215","district","1.1885535","34.2950674"
"444","Soroti","229","UG","211","district","1.7879059","33.5007314"
"359","Tororo","229","UG","212","district","0.7407421","34.1026862"
"362","Wakiso","229","UG","113","district","0.3760928","32.4561265"
"370","Western","229","UG","W","region","-0.3561521","31.550256"
"330","Yumbe","229","UG","313","district","3.4914106","31.2859149"
"379","Zombo","229","UG","330","district","2.5251164","30.8897323"
"4689","Autonomous Republic of Crimea","230","UA","43","republic","45.6856952","33.9329411"
"4680","Cherkaska","230","UA","71","region","48.925097","37.3759832"
"4692","Chernihivska","230","UA","74","region","50.4598903","30.6303119"
"4678","Chernivetska","230","UA","77","region","49.8372873","24.0007866"
"4675","Dnipropetrovska","230","UA","12","region","48.662589","34.9501715"
"4691","Donetska","230","UA","14","region","50.4256138","30.4564097"
"4682","Ivano-Frankivska","230","UA","26","region","48.8672217","24.7049"
"4686","Kharkivska","230","UA","63","region","49.8299582","36.3788957"
"4684","Khersonska","230","UA","65","region","46.635417","32.616867"
"4681","Khmelnytska","230","UA","68","region","50.4633192","30.3831066"
"4677","Kirovohradska","230","UA","35","region","48.1916774","31.6902953"
"4676","Kyiv","230","UA","30","city","50.4501","30.5234"
"4671","Kyivska","230","UA","32","region","50.178595","30.4924884"
"4673","Luhanska","230","UA","09","region","48.574041","39.307815"
"4672","Lvivska","230","UA","46","region","49.6512234","23.8266948"
"4679","Mykolaivska","230","UA","48","region","47.0560618","31.9566614"
"4688","Odeska","230","UA","51","region","46.1147226","29.9567193"
"5071","Poltavska","230","UA","53","region","49.8607809","33.7498787"
"4683","Rivnenska","230","UA","56","region","50.5973667","26.2646746"
"1912","Sevastopol","230","UA","40","city","44.6054434","33.5220842"
"4685","Sumska","230","UA","59","region","50.7696518","34.3289305"
"4674","Ternopilska","230","UA","61","region","49.6409289","25.4942724"
"4669","Vinnytska","230","UA","05","region","50.4195893","30.4480946"
"4690","Volynska","230","UA","07","region","51.5451167","24.6627893"
"4670","Zakarpatska","230","UA","21","region","48.2953664","23.4466092"
"4687","Zaporizka","230","UA","23","region","47.8535586","35.1699877"
"4668","Zhytomyrska","230","UA","18","region","50.4561152","30.3658829"
"3396","Abu Dhabi","231","AE","AZ","emirate","24.453884","54.3773438"
"3395","Ajman","231","AE","AJ","emirate","25.3936557","55.4451432"
"3391","Dubai","231","AE","DU","emirate","25.2647227","55.2924146"
"3393","Fujairah","231","AE","FU","emirate","25.1244604","56.3355085"
"3394","Ras Al Khaimah","231","AE","RK","emirate","25.7386349","55.9249224"
"3390","Sharjah","231","AE","SH","emirate","25.3461498","55.4210633"
"3392","Umm Al Quwain","231","AE","UQ","emirate","25.6112488","55.6174631"
"2463","Aberdeen","232","GB","ABE","council area","57.149717","-2.094278"
"2401","Aberdeenshire","232","GB","ABD","council area","57.166667","-2.666667"
"2387","Angus","232","GB","ANS","council area","56.666667","-2.916667"
"2412","Antrim and Newtownabbey","232","GB","ANN","district","54.6897136","-6.1710612"
"2523","Ards and North Down","232","GB","AND","district","54.6489642","-5.5627852"
"2392","Argyll and Bute","232","GB","AGB","council area","56.4603494","-5.8618419"
"2324","Armagh, Banbridge and Craigavon","232","GB","ABC","district","54.3161085","-6.7189182"
"2356","Barking and Dagenham","232","GB","BDG","london borough","51.5541171","0.1505051"
"2520","Barnet","232","GB","BNE","london borough","51.6049673","-0.2076295"
"2499","Barnsley","232","GB","BNS","metropolitan district","53.5527719","-1.4827755"
"2339","Bath and North East Somerset","232","GB","BAS","unitary authority","51.3563238","-2.4866614"
"2507","Bedford","232","GB","BDF","unitary authority","52.1887014","-0.4665892"
"2311","Belfast","232","GB","BFS","district","54.5975804","-5.9277097"
"2307","Bexley","232","GB","BEX","london borough","51.4402375","0.1479494"
"2425","Birmingham","232","GB","BIR","metropolitan district","52.4796992","-1.9026911"
"2329","Blackburn with Darwen","232","GB","BBD","unitary authority","53.6957522","-2.4682985"
"2451","Blackpool","232","GB","BPL","unitary authority","53.8175053","-3.0356748"
"2530","Blaenau Gwent","232","GB","BGW","unitary authority","51.7533711","-3.1848444"
"2504","Bolton","232","GB","BOL","metropolitan district","55.9208178","-2.7905988"
"5459","Bournemouth, Christchurch and Poole","232","GB","BCP","unitary authority","50.7457035","-2.1906224"
"2470","Bracknell Forest","232","GB","BRC","unitary authority","51.4002688","-0.7417888"
"2529","Bradford","232","GB","BRD","metropolitan district","53.795984","-1.759398"
"2291","Brent","232","GB","BEN","london borough","52.0188918","-0.7235039"
"2452","Bridgend","232","GB","BGE","unitary authority","51.5083199","-3.5812075"
"2395","Brighton and Hove","232","GB","BNH","unitary authority","50.8453169","-0.1497469"
"2413","Bristol","232","GB","BST","unitary authority","51.4538022","-2.5972985"
"2490","Bromley","232","GB","BRY","london borough","51.3679705","0.070062"
"2405","Buckinghamshire","232","GB","BKM","unitary authority","51.7834994","-0.8946441"
"2459","Bury","232","GB","BUR","metropolitan district","53.5933498","-2.2966054"
"2298","Caerphilly","232","GB","CAY","unitary authority","51.6723809","-3.1783938"
"2517","Calderdale","232","GB","CLD","metropolitan district","53.7204748","-1.9622886"
"2423","Cambridgeshire","232","GB","CAM","two-tier county","52.333333","0.083333"
"2349","Camden","232","GB","CMD","london borough","51.5454736","-0.1627902"
"2528","Cardiff","232","GB","CRF","unitary authority","51.481581","-3.17909"
"2484","Carmarthenshire","232","GB","CMN","unitary authority","51.8936698","-4.2172827"
"2316","Causeway Coast and Glens","232","GB","CCG","district","55.0361298","-6.5909449"
"2303","Central Bedfordshire","232","GB","CBF","unitary authority","51.9980328","-0.4791514"
"2509","Ceredigion","232","GB","CGN","unitary authority","52.2945764","-3.952781"
"2444","Cheshire East","232","GB","CHE","unitary authority","53.1673422","-2.2928803"
"2442","Cheshire West and Chester","232","GB","CHW","unitary authority","53.1637979","-2.7285361"
"2475","City of Kingston upon Hull","232","GB","KHL","unitary authority","53.7676236","-0.3274198"
"2294","City of Southampton","232","GB","STH","unitary authority","50.9001878","-1.4139557"
"2450","Clackmannanshire","232","GB","CLK","council area","56.166395","-3.7513968"
"2352","Conwy","232","GB","CWY","unitary authority","53.2811822","-3.8287012"
"2312","Cornwall","232","GB","CON","unitary authority","50.4433489","-4.6246566"
"2438","Coventry","232","GB","COV","metropolitan district","52.406822","-1.519693"
"2512","Croydon","232","GB","CRY","london borough","51.3713049","-0.101957"
"2334","Cumbria","232","GB","CMA","two-tier county","54.6143136","-2.9420899"
"2389","Darlington","232","GB","DAL","unitary authority","54.5352564","-1.552943"
"2497","Denbighshire","232","GB","DEN","unitary authority","53.1097895","-3.3671284"
"2485","Derby","232","GB","DER","unitary authority","53.1666927","-1.5833223"
"2403","Derbyshire","232","GB","DBY","two-tier county","53.1185033","-1.5566179"
"2446","Derry City and Strabane","232","GB","DRS","district","55.0047443","-7.3209222"
"2491","Devon","232","GB","DEV","two-tier county","50.7241405","-3.6607788"
"2364","Doncaster","232","GB","DNC","metropolitan district","53.52282","-1.128462"
"2345","Dorset","232","GB","DOR","two-tier county","50.7487635","-2.3444786"
"2457","Dudley","232","GB","DUD","metropolitan district","55.0541243","-1.5949864"
"2415","Dumfries and Galloway","232","GB","DGY","council area","55.083333","-3.833333"
"2511","Dundee","232","GB","DND","council area","56.462018","-2.970721"
"2406","Durham","232","GB","DUR","unitary authority","54.666667","-1.75"
"2532","Ealing","232","GB","EAL","london borough","51.5250846","-0.3142935"
"2374","East Ayrshire","232","GB","EAY","council area","55.5","-4.25"
"2454","East Dunbartonshire","232","GB","EDU","council area","55.933333","-4.2"
"2462","East Lothian","232","GB","ELN","council area","55.915797","-2.7511952"
"2333","East Renfrewshire","232","GB","ERW","council area","55.7494793","-4.3606592"
"2370","East Riding of Yorkshire","232","GB","ERY","unitary authority","53.8735965","-0.5347788"
"2414","East Sussex","232","GB","ESX","two-tier county","50.9404266","0.3699978"
"2428","Edinburgh","232","GB","EDH","council area","55.953252","-3.188267"
"2476","Enfield","232","GB","ENF","london borough","51.6526384","-0.0908639"
"2336","England","232","GB","ENG","country","52.5310214","-1.2649062"
"2410","Essex","232","GB","ESS","two-tier county","51.7704679","0.4646698"
"2344","Falkirk","232","GB","FAL","council area","56.0018775","-3.7839131"
"2366","Fermanagh and Omagh","232","GB","FMO","district","54.3558863","-7.5936636"
"2479","Fife","232","GB","FIF","council area","56.3333331","-3.0000001"
"2437","Flintshire","232","GB","FLN","unitary authority","53.2165096","-3.1402189"
"2431","Gateshead","232","GB","GAT","metropolitan district","54.9625789","-1.6019294"
"2404","Glasgow","232","GB","GLG","council area","55.864237","-4.251806"
"2373","Gloucestershire","232","GB","GLS","two-tier county","51.8333313","-2.1666674"
"2492","Greenwich","232","GB","GRE","london borough","51.4686256","0.0488306"
"2379","Gwynedd","232","GB","GWN","unitary authority","52.9089585","-3.8335244"
"2411","Hackney","232","GB","HCK","london borough","51.5488819","-0.0476691"
"2466","Halton","232","GB","HAL","unitary authority","55.0049099","-2.0045216"
"2448","Hammersmith and Fulham","232","GB","HMF","london borough","51.4990156","-0.22915"
"2435","Hampshire","232","GB","HAM","two-tier county","51.0449814","-1.2433133"
"2306","Haringey","232","GB","HRY","london borough","51.5906113","-0.1109709"
"2385","Harrow","232","GB","HRW","london borough","51.5881627","-0.3422851"
"2309","Hartlepool","232","GB","HPL","unitary authority","54.691745","-1.212926"
"2347","Havering","232","GB","HAV","london borough","51.5579262","0.2498128"
"2500","Herefordshire","232","GB","HEF","unitary authority","52.083333","-2.75"
"2369","Hertfordshire","232","GB","HRT","two-tier county","51.8400523","-0.0978552"
"2383","Highland","232","GB","HLD","council area","57.5066357","-5.0038367"
"2376","Hillingdon","232","GB","HIL","london borough","51.5351832","-0.4481378"
"2380","Hounslow","232","GB","HNS","london borough","51.4617334","-0.380131"
"2388","Inverclyde","232","GB","IVC","council area","55.9","-4.75"
"5458","Isle of Anglesey","232","GB","AGY","unitary authority","53.280702","-4.6899519"
"2289","Isle of Wight","232","GB","IOW","unitary authority","50.6710482","-1.3327111"
"2343","Isles of Scilly","232","GB","IOS","unitary authority","49.9203409","-6.2928791"
"2319","Islington","232","GB","ISL","london borough","51.5465063","-0.1058058"
"2368","Kensington and Chelsea","232","GB","KEC","london borough","51.4990805","-0.1938253"
"2464","Kent","232","GB","KEN","two-tier county","51.2070748","0.7210362"
"2481","Kingston upon Thames","232","GB","KTT","london borough","51.3817763","-0.2769933"
"2371","Kirklees","232","GB","KIR","metropolitan district","53.6422635","-1.7809433"
"2330","Knowsley","232","GB","KWL","metropolitan district","53.454594","-2.852907"
"2396","Lambeth","232","GB","LBH","london borough","51.4952111","-0.1163354"
"2495","Lancashire","232","GB","LAN","two-tier county","53.8611712","-2.5650945"
"2503","Leeds","232","GB","LDS","metropolitan district","53.8007554","-1.5490774"
"2318","Leicester","232","GB","LCE","unitary authority","52.6368778","-1.1397592"
"2516","Leicestershire","232","GB","LEC","two-tier county","52.6849137","-1.1847653"
"2358","Lewisham","232","GB","LEW","london borough","51.4535207","-0.0124751"
"2355","Lincolnshire","232","GB","LIN","two-tier county","53.1282267","-0.1901974"
"2460","Lisburn and Castlereagh","232","GB","LBC","district","54.4974026","-6.0330739"
"2340","Liverpool","232","GB","LIV","metropolitan district","53.4071991","-2.99168"
"2424","London","232","GB","LND","city","51.5123443","-0.0909852"
"5460","Luton","232","GB","LUT","unitary authority","51.8910773","-0.5103349"
"2398","Manchester","232","GB","MAN","metropolitan district","53.4807593","-2.2426305"
"2381","Medway","232","GB","MDW","unitary authority","51.4157386","0.5687309"
"2328","Merthyr Tydfil","232","GB","MTY","unitary authority","51.7467474","-3.3813275"
"2483","Merton","232","GB","MRT","london borough","51.4108698","-0.1880971"
"2429","Mid and East Antrim","232","GB","MEA","district","54.8725745","-6.150246"
"2399","Mid Ulster","232","GB","MUL","district","54.6385573","-6.692581"
"2332","Middlesbrough","232","GB","MDB","unitary authority","54.574227","-1.234956"
"2519","Midlothian","232","GB","MLN","council area","55.833333","-3.083333"
"2416","Milton Keynes","232","GB","MIK","unitary authority","52.0406502","-0.7594092"
"2402","Monmouthshire","232","GB","MON","unitary authority","51.7501058","-2.8333331"
"2360","Moray","232","GB","MRY","council area","57.416667","-3.25"
"2351","Neath Port Talbot","232","GB","NTL","unitary authority","51.6689557","-3.7218179"
"2458","Newcastle upon Tyne","232","GB","NET","metropolitan district","54.978252","-1.61778"
"2418","Newham","232","GB","NWM","london borough","51.5255162","0.0352163"
"2524","Newport","232","GB","NWP","unitary authority","52.7688594","-2.3783676"
"2534","Newry, Mourne and Down","232","GB","NMD","district","54.1775283","-6.337506"
"2473","Norfolk","232","GB","NFK","two-tier county","52.666667","1"
"2535","North Ayrshire","232","GB","NAY","council area","55.7278508","-4.7271767"
"2384","North East Lincolnshire","232","GB","NEL","unitary authority","53.5368033","-0.093681"
"2487","North Lanarkshire","232","GB","NLK","council area","55.8830507","-3.9461551"
"2453","North Lincolnshire","232","GB","NLN","unitary authority","53.5897441","-0.602323"
"5461","North Northamptonshire","232","GB","NNH","unitary authority","52.4171085","-0.9535511"
"2430","North Somerset","232","GB","NSM","unitary authority","51.3966305","-2.7691289"
"2521","North Tyneside","232","GB","NTY","metropolitan district","55.0297994","-1.508256"
"2522","North Yorkshire","232","GB","NYK","two-tier county","54.0915928","-1.5359113"
"2337","Northern Ireland","232","GB","NIR","province","54.5859836","-6.9591554"
"2365","Northumberland","232","GB","NBL","unitary authority","55.25","-2.000559"
"2359","Nottingham","232","GB","NGM","unitary authority","52.9547832","-1.1581086"
"2456","Nottinghamshire","232","GB","NTT","two-tier county","53.1459288","-1.0214971"
"2477","Oldham","232","GB","OLD","metropolitan district","53.5415797","-2.1147831"
"2474","Orkney Islands","232","GB","ORK","council area","58.9418231","-3.1296944"
"2353","Outer Hebrides","232","GB","ELS","council area","57.666667","-7.166667"
"2321","Oxfordshire","232","GB","OXF","two-tier county","51.833333","-1.25"
"2486","Pembrokeshire","232","GB","PEM","unitary authority","51.8339209","-4.916667"
"2325","Perth and Kinross","232","GB","PKN","council area","56.5","-3.75"
"2297","Peterborough","232","GB","PTE","unitary authority","52.5725769","-0.2427336"
"2514","Plymouth","232","GB","PLY","unitary authority","50.3714122","-4.1424451"
"2305","Portsmouth","232","GB","POR","unitary authority","50.800031","-1.0906023"
"2441","Powys","232","GB","POW","unitary authority","52.3271499","-3.3553352"
"2455","Reading","232","GB","RDG","unitary authority","51.4514953","-0.9836342"
"2397","Redbridge","232","GB","RDB","london borough","51.5765828","0.0453401"
"2527","Redcar and Cleveland","232","GB","RCC","unitary authority","54.5679056","-1.0054963"
"2443","Renfrewshire","232","GB","RFW","council area","55.833333","-4.5"
"2301","Rhondda Cynon Taf","232","GB","RCT","unitary authority","51.6651636","-3.4577558"
"2501","Richmond upon Thames","232","GB","RIC","london borough","51.4405529","-0.3076394"
"2327","Rochdale","232","GB","RCH","metropolitan district","53.6097136","-2.1561"
"2308","Rotherham","232","GB","ROT","metropolitan district","53.4326035","-1.3635009"
"2472","Rutland","232","GB","RUT","unitary authority","52.6423036","-0.6632643"
"2493","Salford","232","GB","SLF","metropolitan district","53.4875235","-2.2901264"
"2341","Sandwell","232","GB","SAW","metropolitan district","52.5148466","-2.0134889"
"2335","Scotland","232","GB","SCT","country","56.7861112","-4.1140518"
"2346","Scottish Borders","232","GB","SCB","council area","55.583333","-2.833333"
"2518","Sefton","232","GB","SFT","metropolitan district","53.5034449","-2.970359"
"2295","Sheffield","232","GB","SHF","metropolitan district","53.3806626","-1.4702278"
"2300","Shetland Islands","232","GB","ZET","council area","60.333333","-1.333333"
"2407","Shropshire","232","GB","SHR","unitary authority","52.6523393","-2.7958679"
"2427","Slough","232","GB","SLG","unitary authority","51.5105384","-0.5950406"
"2469","Solihull","232","GB","SOL","metropolitan district","52.411811","-1.77761"
"2386","Somerset","232","GB","SOM","two-tier county","51.083333","-3"
"2377","South Ayrshire","232","GB","SAY","council area","55.299818","-4.6459884"
"2400","South Gloucestershire","232","GB","SGC","unitary authority","51.5491916","-2.4809528"
"2362","South Lanarkshire","232","GB","SLK","council area","55.5831634","-3.8332212"
"2409","South Tyneside","232","GB","STY","metropolitan district","54.9636693","-1.4418634"
"2323","Southend-on-Sea","232","GB","SOS","unitary authority","51.5459269","0.7077123"
"2432","Southwark","232","GB","SWK","london borough","51.4652545","-0.0690186"
"2290","St Helens","232","GB","SHN","metropolitan district","53.4535471","-2.7343231"
"2447","Staffordshire","232","GB","STS","two-tier county","52.8246942","-2.0074547"
"2488","Stirling","232","GB","STG","council area","56.1165227","-3.9369029"
"2394","Stockport","232","GB","SKP","metropolitan district","53.4106316","-2.1575332"
"2421","Stockton-on-Tees","232","GB","STT","unitary authority","54.564094","-1.3129164"
"2506","Stoke-on-Trent","232","GB","STE","unitary authority","53.0162014","-2.1812607"
"2467","Suffolk","232","GB","SFK","two-tier county","52.2410014","1.0465716"
"2372","Sunderland","232","GB","SND","metropolitan district","54.9058512","-1.3828727"
"2526","Surrey","232","GB","SRY","two-tier county","51.2715316","-0.3414524"
"2313","Sutton","232","GB","STN","london borough","51.3573762","-0.1752796"
"2433","Swansea","232","GB","SWA","unitary authority","51.62144","-3.943646"
"2422","Swindon","232","GB","SWD","unitary authority","51.5557739","-1.7797176"
"2367","Tameside","232","GB","TAM","metropolitan district","53.4805828","-2.0809891"
"2310","Telford and Wrekin","232","GB","TFW","unitary authority","52.7214452","-2.5008624"
"2468","Thurrock","232","GB","THR","unitary authority","51.5080169","0.3962817"
"2478","Torbay","232","GB","TOB","unitary authority","50.4392329","-3.5369899"
"2496","Torfaen","232","GB","TOF","unitary authority","51.7002253","-3.0446015"
"2390","Tower Hamlets","232","GB","TWH","london borough","51.1288633","1.2986686"
"2293","Trafford","232","GB","TRF","metropolitan district","53.418936","-2.3592972"
"2299","Vale of Glamorgan","232","GB","VGL","unitary authority","51.4470646","-3.3988831"
"2465","Wakefield","232","GB","WKF","metropolitan district","53.6829541","-1.4967286"
"2338","Wales","232","GB","WLS","country","52.2928116","-3.73893"
"2292","Walsall","232","GB","WLL","metropolitan district","52.586214","-1.982919"
"2326","Waltham Forest","232","GB","WFT","london borough","51.5982633","-0.0177388"
"2434","Wandsworth","232","GB","WND","london borough","51.4568274","-0.1896638"
"2420","Warrington","232","GB","WRT","unitary authority","53.3899497","-2.5943178"
"2505","Warwickshire","232","GB","WAR","two-tier county","52.3213064","-1.5536906"
"2471","West Berkshire","232","GB","WBK","unitary authority","51.4463134","-1.275882"
"2440","West Dunbartonshire","232","GB","WDU","council area","55.966667","-4.533333"
"2354","West Lothian","232","GB","WLN","council area","55.916667","-3.5"
"5462","West Northamptonshire","232","GB","WNH","unitary authority","52.2268977","-1.3483191"
"2296","West Sussex","232","GB","WSX","two-tier county","50.9445845","-0.5278477"
"2357","Westminster","232","GB","WSM","london borough","51.4973206","-0.137149"
"2320","Wigan","232","GB","WGN","metropolitan district","53.5457188","-2.6264624"
"2391","Wiltshire","232","GB","WIL","unitary authority","51.324162","-1.9032487"
"2482","Windsor and Maidenhead","232","GB","WNM","unitary authority","51.4803412","-0.6769505"
"2408","Wirral","232","GB","WRL","metropolitan district","53.3409714","-3.0500916"
"2419","Wokingham","232","GB","WOK","unitary authority","51.410457","-0.833861"
"2489","Wolverhampton","232","GB","WLV","metropolitan district","52.5847651","-2.127567"
"2510","Worcestershire","232","GB","WOR","two-tier county","52.2109495","-2.1569555"
"2436","Wrexham","232","GB","WRX","unitary authority","53.0465084","-2.9937869"
"2426","York","232","GB","YOR","unitary authority","53.9599651","-1.0872979"
"1456","Alabama","233","US","AL","state","33.2588817","-86.8295337"
"1400","Alaska","233","US","AK","state","64.4459613","-149.680909"
"1424","American Samoa","233","US","AS","outlying area","-14.297124","-170.7131481"
"1434","Arizona","233","US","AZ","state","34.395342","-111.763275"
"1444","Arkansas","233","US","AR","state","35.2048883","-92.4479108"
"5815","Armed Forces Europe","233","US","AE","military postal region",,
"5816","Armed Forces of the Americas","233","US","AA","military postal region",,
"5817","Armed Forces Pacific","233","US","AP","military postal region",,
"1416","California","233","US","CA","state","36.7014631","-118.755997"
"1450","Colorado","233","US","CO","state","38.7251776","-105.607716"
"1435","Connecticut","233","US","CT","state","41.6500201","-72.7342163"
"1399","Delaware","233","US","DE","state","38.6920451","-75.4013315"
"1437","District of Columbia","233","US","DC","district","38.8950368","-77.0365427"
"1436","Florida","233","US","FL","state","27.7567667","-81.4639835"
"1455","Georgia","233","US","GA","state","32.3293809","-83.1137366"
"1412","Guam","233","US","GU","outlying area","13.4499943","144.7651677"
"1411","Hawaii","233","US","HI","state","19.6273325","-155.564561"
"1460","Idaho","233","US","ID","state","43.6447642","-114.015407"
"1425","Illinois","233","US","IL","state","40.0796606","-89.4337288"
"1440","Indiana","233","US","IN","state","40.3270127","-86.1746933"
"1459","Iowa","233","US","IA","state","41.9216734","-93.3122705"
"1406","Kansas","233","US","KS","state","38.27312","-98.5821872"
"1419","Kentucky","233","US","KY","state","37.5726028","-85.1551411"
"1457","Louisiana","233","US","LA","state","30.8703881","-92.007126"
"1453","Maine","233","US","ME","state","45.709097","-68.8590201"
"1401","Maryland","233","US","MD","state","39.5162401","-76.9382069"
"1433","Massachusetts","233","US","MA","state","42.3788774","-72.032366"
"1426","Michigan","233","US","MI","state","43.6211955","-84.6824346"
"1420","Minnesota","233","US","MN","state","45.9896587","-94.6113288"
"1430","Mississippi","233","US","MS","state","32.9715285","-89.7348497"
"1451","Missouri","233","US","MO","state","38.7604815","-92.5617875"
"1446","Montana","233","US","MT","state","47.3752671","-109.638757"
"1408","Nebraska","233","US","NE","state","41.7370229","-99.5873816"
"1458","Nevada","233","US","NV","state","39.5158825","-116.853722"
"1404","New Hampshire","233","US","NH","state","43.4849133","-71.6553992"
"1417","New Jersey","233","US","NJ","state","40.0757384","-74.4041622"
"1423","New Mexico","233","US","NM","state","34.5802074","-105.996047"
"1452","New York","233","US","NY","state","40.7127753","-74.0059728"
"1447","North Carolina","233","US","NC","state","35.6729639","-79.0392919"
"1418","North Dakota","233","US","ND","state","47.6201461","-100.540737"
"1431","Northern Mariana Islands","233","US","MP","outlying area","15.1753648","145.7379338"
"4851","Ohio","233","US","OH","state","40.2253569","-82.6881395"
"1421","Oklahoma","233","US","OK","state","35.5545024","-97.4366239"
"1415","Oregon","233","US","OR","state","43.9792797","-120.737257"
"1422","Pennsylvania","233","US","PA","state","40.9699889","-77.7278831"
"1449","Puerto Rico","233","US","PR","outlying area","18.2247706","-66.4858295"
"1461","Rhode Island","233","US","RI","state","41.7962409","-71.5992372"
"1443","South Carolina","233","US","SC","state","33.6874388","-80.4363743"
"1445","South Dakota","233","US","SD","state","44.6471761","-100.348761"
"1454","Tennessee","233","US","TN","state","35.7730076","-86.2820081"
"1407","Texas","233","US","TX","state","31.2638905","-98.5456116"
"1432","United States Minor Outlying Islands","233","US","UM","outlying area","28.2360511","-177.3685632"
"1413","United States Virgin Islands","233","US","VI","outlying area","17.789187","-64.7080574"
"1414","Utah","233","US","UT","state","39.4225192","-111.714358"
"1409","Vermont","233","US","VT","state","44.5990718","-72.5002608"
"1427","Virginia","233","US","VA","state","37.1232245","-78.4927721"
"1462","Washington","233","US","WA","state","47.2868352","-120.212613"
"1429","West Virginia","233","US","WV","state","38.4758406","-80.8408415"
"1441","Wisconsin","233","US","WI","state","44.4308975","-89.6884637"
"1442","Wyoming","233","US","WY","state","43.1700264","-107.568534"
"5212","Baker Island","234","UM","81","island","0.1936266","-176.476908"
"5213","Howland Island","234","UM","84","island","0.8113219","-176.6182736"
"5214","Jarvis Island","234","UM","86","island","-0.3743503","-159.9967206"
"5215","Johnston Atoll","234","UM","67","island","16.7295035","-169.5336477"
"5216","Kingman Reef","234","UM","89","island","6.383333","-162.416667"
"5217","Midway Islands","234","UM","71","island","28.2072168","-177.3734926"
"5218","Navassa Island","234","UM","76","island","18.4100689","-75.0114612"
"5219","Palmyra Atoll","234","UM","95","island","5.8885026","-162.0786656"
"5220","Wake Island","234","UM","79","island","19.279619","166.6499348"
"3205","Artigas","235","UY","AR","department","-30.6170756","-56.9373451"
"3213","Canelones","235","UY","CA","department","-34.6222482","-55.9903797"
"3211","Cerro Largo","235","UY","CL","department","-32.333333","-54.333333"
"3208","Colonia","235","UY","CO","department","-34.1664516","-57.4993268"
"3209","Durazno","235","UY","DU","department","-33.0833329","-56.0833331"
"3203","Flores","235","UY","FS","department","-33.6518845","-56.8393553"
"3217","Florida","235","UY","FD","department","-33.833333","-55.916667"
"3215","Lavalleja","235","UY","LA","department","-33.9971964","-54.9992242"
"3206","Maldonado","235","UY","MA","department","-34.666667","-54.916667"
"3218","Montevideo","235","UY","MO","department","-34.8652724","-56.1819512"
"3212","Paysandú","235","UY","PA","department","-32","-57.25"
"3210","Río Negro","235","UY","RN","department","-32.7257419","-57.387578"
"3207","Rivera","235","UY","RV","department","-31.5","-55.25"
"3216","Rocha","235","UY","RO","department","-34","-54"
"3220","Salto","235","UY","SA","department","-31.388028","-57.9612455"
"3204","San José","235","UY","SJ","department","-34.3396521","-56.7143155"
"3219","Soriano","235","UY","SO","department","-33.4921266","-57.7893105"
"3221","Tacuarembó","235","UY","TA","department","-31.7110183","-55.9788762"
"3214","Treinta y Tres","235","UY","TT","department","-33","-54.25"
"2540","Andijan","236","UZ","AN","region","40.7727796","72.341966"
"2541","Bukhara","236","UZ","BU","region","40.229366","63.5470584"
"2538","Fergana","236","UZ","FA","region","40.5","71.25"
"2545","Jizzakh","236","UZ","JI","region","40.3319095","67.4551198"
"2548","Karakalpakstan","236","UZ","QR","republic","43.7738841","57.6234617"
"2537","Namangan","236","UZ","NG","region","40.9555061","71.1097749"
"2542","Navoiy","236","UZ","NW","region","42","64"
"2543","Qashqadaryo","236","UZ","QA","region","39.0424974","66.5775276"
"2544","Samarqand","236","UZ","SA","region","39.6550017","66.9756954"
"2547","Sirdaryo","236","UZ","SI","region","40.8029326","68.8242841"
"2546","Surxondaryo","236","UZ","SU","region","37.9520843","67.1265996"
"2536","Tashkent","236","UZ","TK","city","41.3123363","69.2787079"
"2549","Tashkent","236","UZ","TO","region","41.3123363","69.2787079"
"2539","Xorazm","236","UZ","XO","region","41.2902835","60.5428537"
"4775","Malampa","237","VU","MAP","province","-16.2975","167.8103716"
"4773","Penama","237","VU","PAM","province","-15.2116666","167.9360319"
"4776","Sanma","237","VU","SAM","province","-15.158134","166.9393865"
"4774","Shefa","237","VU","SEE","province","-17.3283967","168.2547316"
"4777","Tafea","237","VU","TAE","province","-19.3706034","169.6752428"
"4772","Torba","237","VU","TOB","province","-13.6644135","167.1741636"
"2044","Amazonas","239","VE","Z","state","3.422575","-65.723231"
"2050","Anzoátegui","239","VE","B","state","9.0197925","-64.2168001"
"4856","Apure","239","VE","C","state","7.0735781","-68.8202025"
"2047","Aragua","239","VE","D","state","9.9897564","-67.0839257"
"2049","Barinas","239","VE","E","state","8.6182737","-70.2274065"
"2039","Bolívar","239","VE","F","state","8.0018709","-66.1109318"
"2040","Carabobo","239","VE","G","state","10.2137258","-68.0396345"
"2034","Cojedes","239","VE","H","state","9.3094457","-68.3590546"
"2051","Delta Amacuro","239","VE","Y","state","8.9414599","-61.3403273"
"4855","Distrito Capital","239","VE","A","capital district","10.4749543","-66.9708041"
"2035","Falcón","239","VE","I","state","11.273946","-69.5834205"
"2045","Guárico","239","VE","J","state","8.8378585","-66.3821"
"2055","La Guaira","239","VE","X","state","10.6000384","-66.9296405"
"2038","Lara","239","VE","K","state","10.0714266","-70.0163241"
"2053","Mérida","239","VE","L","state","8.4911705","-71.3043439"
"2037","Miranda","239","VE","M","state","10.323351","-66.4842121"
"2054","Monagas","239","VE","N","state","9.3437846","-63.1589318"
"2052","Nueva Esparta","239","VE","O","state","10.9645415","-64.0975447"
"2036","Portuguesa","239","VE","P","state","8.9674808","-69.3915205"
"2056","Sucre","239","VE","R","state","10.429015","-63.5649999"
"2048","Táchira","239","VE","S","state","8.0219748","-72.0205763"
"2043","Trujillo","239","VE","T","state","9.4958129","-70.7688907"
"2046","Venezuela","239","VE","W","federal dependency","8.0018709","-66.1109318"
"2041","Yaracuy","239","VE","U","state","10.3040312","-68.7014018"
"2042","Zulia","239","VE","V","state","10.1065099","-71.8641307"
"3794","An Giang","240","VN","44","province","10.3188672","105.0432488"
"3791","Bắc Ninh","240","VN","56","province","21.1781515","106.0710078"
"3778","Cà Mau","240","VN","59","province","9.1762003","105.1508415"
"4925","Cần Thơ","240","VN","CT","municipality","10.0364634","105.7875821"
"3782","Cao Bằng","240","VN","04","province","22.665781","106.2587824"
"3806","Đà Nẵng","240","VN","DN","municipality","16.068","108.212"
"3829","Đắk Lắk","240","VN","33","province","12.8741856","108.7979302"
"3773","Điện Biên","240","VN","71","province","21.6546566","103.2168632"
"3821","Đồng Nai","240","VN","39","province","11.4285446","107.1624245"
"3769","Đồng Tháp","240","VN","45","province","10.425183","105.9271362"
"3813","Gia Lai","240","VN","30","province","14.0201373","108.6354524"
"3810","Hà Nội","240","VN","HN","municipality","21.0283334","105.854041"
"3816","Hà Tĩnh","240","VN","23","province","18.338181","105.8958971"
"3783","Hải Phòng","240","VN","HP","province","20.8623278","106.6799266"
"3811","Hồ Chí Minh","240","VN","SG","province","10.7763897","106.7011391"
"3768","Hưng Yên","240","VN","66","province","20.6568406","106.054036"
"3793","Khánh Hòa","240","VN","34","province","12.2980751","108.9950386"
"3825","Lai Châu","240","VN","01","province","22.3996612","103.4516882"
"3818","Lâm Đồng","240","VN","35","province","11.6614957","108.1335279"
"3792","Lạng Sơn","240","VN","09","province","21.853708","106.761519"
"3817","Lào Cai","240","VN","02","province","22.5003944","103.96562"
"3780","Nghệ An","240","VN","22","province","19.1976001","105.060676"
"3786","Ninh Bình","240","VN","18","province","20.2506149","105.9744536"
"3801","Phú Thọ","240","VN","68","province","21.3007538","105.1349604"
"3828","Quảng Ngãi","240","VN","29","province","15.1213873","108.8044145"
"3814","Quảng Ninh","240","VN","13","province","21.1718046","107.2012742"
"3803","Quảng Trị","240","VN","25","province","17.3024666","106.6624287"
"3812","Sơn La","240","VN","05","province","21.3269601","103.9143842"
"3826","Tây Ninh","240","VN","37","province","11.3136555","106.0966969"
"3807","Thái Nguyên","240","VN","69","province","21.5954448","105.8386957"
"3771","Thanh Hóa","240","VN","21","province","19.806692","105.7851816"
"3798","Thừa Thiên-Huế","240","VN","26","province","16.5530473","107.6900375"
"3795","Tuyên Quang","240","VN","07","province","21.8192281","105.2149355"
"3790","Vĩnh Long","240","VN","49","province","10.254809","105.9714673"
"5074","Saint Croix","242","VI","SC","district","17.729124","-64.7589156"
"5073","Saint John","242","VI","SJ","district","18.3356013","-64.7550406"
"5072","Saint Thomas","242","VI","ST","district","18.3429081","-64.9188997"
"5709","Alo","243","WF","AL","administrative precinct","-14.30938056","-178.12355"
"5708","Sigave","243","WF","SG","administrative precinct","-14.2961","-178.1585"
"5707","Uvea","243","WF","UV","administrative precinct","-13.28333333","-176.2"
"1237","Abyan","245","YE","AB","governorate","13.786202","46.141766"
"5467","Ad Dali'","245","YE","DA","governorate","13.7","44.73"
"1242","Adan","245","YE","AD","governorate","12.833333","44.916667"
"1240","Al Bayda'","245","YE","BA","governorate","14.34166","45.394422"
"1241","Al Hudaydah","245","YE","HU","governorate","15.1159326","42.844785"
"1243","Al Jawf","245","YE","JA","governorate","16.689733","45.611556"
"1251","Al Mahrah","245","YE","MR","governorate","17","51.5"
"1235","Al Mahwit","245","YE","MW","governorate","15.387151","43.566296"
"1232","Amanat Al Asimah","245","YE","SA","municipality","15.35","44.2"
"1250","Amran","245","YE","AM","governorate","16.230218","43.909834"
"1246","Dhamar","245","YE","DH","governorate","14.7384268","44.2709597"
"1238","Hadhramaut","245","YE","HD","governorate","16.7323022","48.6084967"
"1244","Hajjah","245","YE","HJ","governorate","16","43.25"
"1233","Ibb","245","YE","IB","governorate","14.1419291","44.1389849"
"1245","Lahij","245","YE","LA","governorate","13.0577821","44.8836135"
"1234","Ma'rib","245","YE","MA","governorate","15.4578788","45.3230242"
"1248","Raymah","245","YE","RA","governorate","14.6875552","43.6648264"
"1249","Saada","245","YE","SD","governorate","16.917332","43.759997"
"1236","Sana'a","245","YE","SN","governorate","15.260691","44.424895"
"1247","Shabwah","245","YE","SH","governorate","14.9274109","46.6084967"
"1239","Socotra","245","YE","SU","governorate","12.5","53.833333"
"1231","Ta'izz","245","YE","TA","governorate","13.5775886","44.0177989"
"1986","Central","246","ZM","02","province","-14.183507","29.0375543"
"1984","Copperbelt","246","ZM","08","province","-13.0214171","27.8876177"
"1991","Eastern","246","ZM","03","province","-13.6514737","31.9958539"
"1987","Luapula","246","ZM","04","province","-10.4680244","29.1275609"
"1988","Lusaka","246","ZM","09","province","-15.357609","29.1653092"
"1989","Muchinga","246","ZM","10","province","-11.1005259","31.639964"
"1982","Northern","246","ZM","05","province","-9.4514165","30.8881001"
"1985","Northwestern","246","ZM","06","province","-13.0050258","24.9042208"
"1990","Southern","246","ZM","07","province","-16.5381715","26.7374997"
"1983","Western","246","ZM","01","province","6.9016086","80.0087746"
"1956","Bulawayo","247","ZW","BU","province","-20.1111148","28.5356781"
"1958","Harare","247","ZW","HA","province","-17.831773","31.045686"
"1959","Manicaland","247","ZW","MA","province","-19.0188422","32.368889"
"1955","Mashonaland Central","247","ZW","MC","province","-16.742872","31.2952086"
"1951","Mashonaland East","247","ZW","ME","province","-17.7927323","31.7678044"
"1953","Mashonaland West","247","ZW","MW","province","-17.4851029","29.7889248"
"1960","Masvingo","247","ZW","MV","province","-20.7453957","31.334138"
"1954","Matabeleland North","247","ZW","MN","province","-18.9283715","27.4992231"
"1952","Matabeleland South","247","ZW","MS","province","-20.7364801","28.9396495"
"1957","Midlands","247","ZW","MI","province","-19.2785043","29.8790852"
